{"10": {"FDR": 0.0, "Power": 0.8, "Temporal_FDR": 0.0, "Temporal_Power": 0.8, "Average_Window_FDR": 0.0, "Average_Window_Power": 0.925, "Window_Overlap": {"0": 1.0, "1": 1.0, "3": 1.0, "4": 1.0, "6": 1.0, "7": 0.7, "8": 1.0, "9": 1.0}}, "20": {"FDR": 0.0, "Power": 0.6, "Temporal_FDR": 0.0, "Temporal_Power": 0.6, "Average_Window_FDR": 0.0, "Average_Window_Power": 0.8888888888888888, "Window_Overlap": {"0": 1.0, "1": 1.0, "3": 1.0, "4": 1.0, "7": 0.6666666666666666, "8": 1.0}}, "40": {"FDR": 0.0, "Power": 0.6, "Temporal_FDR": 0.0, "Temporal_Power": 0.6, "Average_Window_FDR": 0.0, "Average_Window_Power": 0.8725490196078431, "Window_Overlap": {"0": 1.0, "1": 1.0, "3": 1.0, "4": 1.0, "7": 0.6176470588235294, "8": 1.0}}, "80": {"FDR": 0.0, "Power": 0.6, "Temporal_FDR": 0.0, "Temporal_Power": 0.6, "Average_Window_FDR": 0.0, "Average_Window_Power": 0.859375, "Window_Overlap": {"0": 1.0, "1": 1.0, "3": 1.0, "4": 1.0, "7": 0.578125, "8": 1.0}}, "160": {"FDR": 0.0, "Power": 0.6, "Temporal_FDR": 0.0, "Temporal_Power": 0.6, "Average_Window_FDR": 0.0, "Average_Window_Power": 0.8518518518518517, "Window_Overlap": {"0": 1.0, "1": 1.0, "3": 1.0, "4": 1.0, "7": 0.5555555555555556, "8": 1.0}}, "320": {"FDR": 0.0, "Power": 0.5, "Temporal_FDR": 0.0, "Temporal_Power": 0.5, "Average_Window_FDR": 0.0, "Average_Window_Power": 0.7869727047146402, "Window_Overlap": {"1": 1.0, "3": 0.9230769230769231, "4": 1.0, "7": 0.5443548387096774, "8": 1.0}}}