{"DEFAULT": {"FDR": 0.0, "Power": 1.0, "Temporal_FDR": 0.0, "Temporal_Power": 1.0, "Average_Window_FDR": 0.0, "Average_Window_Power": 0.8285714285714285, "Window_Overlap": {"0": 1.0, "3": 0.5714285714285714, "5": 1.0, "6": 1.0, "8": 1.0}}}