{"10": {"FDR": 0.0, "Power": 0.6, "Temporal_FDR": 0.0, "Temporal_Power": 0.6, "Average_Window_FDR": 0.0, "Average_Window_Power": 1.0, "Window_Overlap": {"0": 1.0, "3": 1.0, "4": 1.0, "6": 1.0, "8": 1.0, "9": 1.0}}, "20": {"FDR": 0.0, "Power": 0.6, "Temporal_FDR": 0.0, "Temporal_Power": 0.5555555555555556, "Average_Window_FDR": 0.0, "Average_Window_Power": 1.0, "Window_Overlap": {"0": 1.0, "2": 1.0, "3": 1.0, "4": 1.0, "6": 1.0, "8": 1.0, "9": 1.0, "12": 1.0, "13": 1.0, "16": 1.0}}, "40": {"FDR": 0.0, "Power": 0.45, "Temporal_FDR": 0.0, "Temporal_Power": 0.42105263157894735, "Average_Window_FDR": 0.0, "Average_Window_Power": 0.9791666666666666, "Window_Overlap": {"0": 1.0, "3": 1.0, "4": 1.0, "6": 1.0, "8": 1.0, "9": 1.0, "12": 1.0, "13": 1.0, "22": 1.0, "23": 0.8333333333333333, "25": 1.0, "30": 1.0, "32": 1.0, "34": 1.0, "35": 1.0, "37": 1.0}}, "80": {"FDR": 0.0, "Power": 0.6125, "Temporal_FDR": 0.0, "Temporal_Power": 0.6025641025641025, "Average_Window_FDR": 0.0, "Average_Window_Power": 0.9252617359000338, "Window_Overlap": {"0": 1.0, "3": 1.0, "4": 1.0, "6": 1.0, "8": 1.0, "9": 1.0, "12": 1.0, "13": 1.0, "22": 1.0, "23": 0.8888888888888888, "25": 1.0, "30": 1.0, "32": 1.0, "34": 1.0, "35": 1.0, "37": 1.0, "40": 1.0, "41": 0.7083333333333334, "43": 1.0, "44": 1.0, "46": 1.0, "47": 0.5714285714285714, "48": 1.0, "49": 1.0, "51": 1.0, "53": 1.0, "55": 1.0, "56": 1.0, "57": 0.55, "59": 1.0, "60": 1.0, "61": 1.0, "62": 0.5666666666666667, "63": 1.0, "64": 1.0, "65": 0.9583333333333333, "66": 1.0, "68": 1.0, "69": 1.0, "70": 1.0, "72": 1.0, "73": 1.0, "74": 1.0, "75": 1.0, "76": 1.0, "77": 1.0, "79": 1.0}}, "160": {"FDR": 0.0, "Power": 0.59375, "Temporal_FDR": 0.0, "Temporal_Power": 0.6013071895424836, "Average_Window_FDR": 0.0, "Average_Window_Power": 0.9240212082603386, "Window_Overlap": {"0": 1.0, "3": 1.0, "4": 1.0, "6": 1.0, "8": 1.0, "9": 1.0, "12": 1.0, "13": 1.0, "22": 1.0, "23": 0.7777777777777778, "25": 1.0, "30": 0.9, "32": 1.0, "34": 1.0, "35": 1.0, "37": 1.0, "40": 1.0, "41": 0.6666666666666666, "43": 1.0, "44": 1.0, "46": 1.0, "47": 0.5714285714285714, "48": 1.0, "49": 1.0, "51": 1.0, "53": 1.0, "55": 1.0, "56": 1.0, "57": 0.55, "59": 1.0, "60": 1.0, "61": 1.0, "62": 0.5666666666666667, "63": 1.0, "64": 1.0, "65": 0.9166666666666667, "66": 1.0, "68": 1.0, "69": 1.0, "70": 1.0, "72": 1.0, "73": 1.0, "74": 1.0, "75": 1.0, "76": 1.0, "77": 1.0, "79": 1.0, "80": 1.0, "82": 1.0, "83": 1.0, "85": 1.0, "87": 1.0, "88": 0.625, "90": 0.7142857142857143, "91": 1.0, "92": 1.0, "95": 1.0, "97": 1.0, "103": 0.7, "104": 1.0, "108": 1.0, "109": 1.0, "110": 1.0, "111": 0.7857142857142857, "112": 1.0, "113": 1.0, "114": 1.0, "115": 1.0, "116": 1.0, "117": 1.0, "118": 1.0, "120": 1.0, "121": 1.0, "122": 1.0, "129": 1.0, "130": 1.0, "131": 1.0, "132": 1.0, "133": 1.0, "136": 1.0, "140": 1.0, "141": 1.0, "143": 1.0, "144": 1.0, "145": 0.7307692307692308, "146": 1.0, "147": 1.0, "152": 1.0, "154": 1.0, "155": 1.0, "156": 1.0, "157": 1.0}}, "320": {"FDR": 0.0, "Power": 0.634375, "Temporal_FDR": 0.0, "Temporal_Power": 0.6339869281045751, "Average_Window_FDR": 0.0, "Average_Window_Power": 0.9272590087629506, "Window_Overlap": {"0": 1.0, "3": 1.0, "4": 1.0, "6": 1.0, "8": 1.0, "9": 1.0, "12": 1.0, "13": 1.0, "22": 1.0, "23": 0.8333333333333333, "25": 1.0, "30": 0.9, "32": 1.0, "34": 1.0, "35": 1.0, "37": 1.0, "40": 1.0, "41": 0.7083333333333334, "43": 1.0, "44": 1.0, "46": 1.0, "47": 0.5714285714285714, "48": 1.0, "49": 1.0, "51": 1.0, "53": 1.0, "55": 1.0, "56": 1.0, "57": 0.55, "59": 1.0, "60": 1.0, "61": 1.0, "62": 0.5666666666666667, "63": 1.0, "64": 1.0, "65": 0.9166666666666667, "66": 1.0, "68": 1.0, "69": 1.0, "70": 1.0, "72": 1.0, "73": 1.0, "74": 1.0, "75": 1.0, "76": 1.0, "77": 1.0, "79": 1.0, "80": 1.0, "82": 1.0, "83": 1.0, "85": 1.0, "87": 1.0, "88": 0.625, "90": 0.7142857142857143, "91": 1.0, "92": 1.0, "95": 1.0, "97": 1.0, "103": 0.6, "104": 1.0, "108": 1.0, "109": 1.0, "110": 1.0, "111": 0.7857142857142857, "112": 1.0, "113": 1.0, "114": 1.0, "115": 1.0, "116": 1.0, "117": 1.0, "118": 1.0, "120": 1.0, "121": 1.0, "122": 1.0, "127": 1.0, "129": 1.0, "130": 1.0, "131": 1.0, "132": 1.0, "133": 1.0, "136": 1.0, "140": 1.0, "141": 1.0, "143": 1.0, "144": 1.0, "146": 1.0, "147": 1.0, "152": 1.0, "154": 1.0, "155": 1.0, "156": 1.0, "157": 1.0, "160": 1.0, "161": 1.0, "162": 1.0, "163": 1.0, "164": 0.8571428571428572, "166": 0.5882352941176471, "167": 1.0, "168": 1.0, "169": 0.55, "170": 0.625, "173": 1.0, "175": 1.0, "176": 1.0, "178": 1.0, "180": 1.0, "181": 1.0, "182": 0.9545454545454546, "184": 1.0, "185": 1.0, "187": 1.0, "188": 1.0, "189": 1.0, "190": 1.0, "192": 1.0, "196": 1.0, "197": 1.0, "198": 1.0, "199": 1.0, "200": 0.5333333333333333, "202": 1.0, "204": 1.0, "205": 0.5416666666666666, "206": 1.0, "207": 1.0, "208": 1.0, "210": 1.0, "213": 1.0, "215": 1.0, "217": 1.0, "221": 1.0, "223": 0.9375, "224": 1.0, "227": 1.0, "228": 0.9333333333333333, "231": 1.0, "237": 1.0, "239": 1.0, "240": 0.5625, "242": 1.0, "243": 1.0, "244": 1.0, "245": 1.0, "246": 0.8076923076923077, "247": 1.0, "248": 1.0, "249": 1.0, "251": 1.0, "252": 1.0, "253": 1.0, "254": 1.0, "255": 1.0, "256": 0.8888888888888888, "260": 1.0, "261": 1.0, "262": 1.0, "264": 1.0, "265": 1.0, "266": 1.0, "267": 1.0, "269": 1.0, "270": 1.0, "271": 1.0, "275": 1.0, "276": 1.0, "277": 1.0, "278": 0.6428571428571428, "279": 1.0, "280": 1.0, "282": 1.0, "284": 1.0, "287": 1.0, "289": 1.0, "290": 1.0, "291": 1.0, "293": 1.0, "294": 1.0, "295": 1.0, "296": 1.0, "300": 1.0, "301": 1.0, "302": 1.0, "303": 1.0, "305": 1.0, "306": 1.0, "307": 1.0, "308": 1.0, "310": 0.75, "311": 1.0, "312": 1.0, "314": 1.0, "316": 1.0, "319": 1.0}}}