{"10": {"FDR": 0.0, "Power": 0.7, "Temporal_FDR": 0.0, "Temporal_Power": 0.6666666666666666, "Average_Window_FDR": 0.0, "Average_Window_Power": 1.0, "Window_Overlap": {"1": 1.0, "2": 1.0, "4": 1.0, "5": 1.0, "7": 1.0, "8": 1.0}}, "20": {"FDR": 0.0, "Power": 0.7, "Temporal_FDR": 0.0, "Temporal_Power": 0.6666666666666666, "Average_Window_FDR": 0.0, "Average_Window_Power": 0.9791666666666666, "Window_Overlap": {"1": 1.0, "2": 1.0, "4": 1.0, "5": 1.0, "7": 1.0, "8": 0.9375}}, "40": {"FDR": 0.0, "Power": 0.7, "Temporal_FDR": 0.0, "Temporal_Power": 0.6666666666666666, "Average_Window_FDR": 0.0, "Average_Window_Power": 0.956989247311828, "Window_Overlap": {"1": 1.0, "2": 1.0, "4": 1.0, "5": 1.0, "7": 1.0, "8": 0.8709677419354839}}, "80": {"FDR": 0.0, "Power": 0.7, "Temporal_FDR": 0.0, "Temporal_Power": 0.6666666666666666, "Average_Window_FDR": 0.0, "Average_Window_Power": 0.9234972677595629, "Window_Overlap": {"1": 1.0, "2": 1.0, "4": 1.0, "5": 1.0, "7": 1.0, "8": 0.7704918032786885}}, "160": {"FDR": 0.0, "Power": 0.7, "Temporal_FDR": 0.0, "Temporal_Power": 0.6666666666666666, "Average_Window_FDR": 0.0, "Average_Window_Power": 0.8916814800184344, "Window_Overlap": {"1": 1.0, "2": 0.9578313253012047, "4": 1.0, "5": 1.0, "7": 1.0, "8": 0.7172131147540983}}, "320": {"FDR": 0.0, "Power": 0.7, "Temporal_FDR": 0.0, "Temporal_Power": 0.7, "Average_Window_FDR": 0.0, "Average_Window_Power": 0.8763721874832985, "Window_Overlap": {"1": 1.0, "2": 0.9212121212121211, "4": 1.0, "5": 1.0, "6": 1.0, "7": 1.0, "8": 0.6460905349794239}}}