{"10": {"FDR": 0.0, "Power": 0.7, "Temporal_FDR": 0.0, "Temporal_Power": 0.6666666666666666, "Average_Window_FDR": 0.0, "Average_Window_Power": 0.9166666666666666, "Window_Overlap": {"1": 0.75, "2": 1.0, "4": 1.0, "6": 1.0, "8": 1.0, "9": 1.0}}, "20": {"FDR": 0.0, "Power": 0.7, "Temporal_FDR": 0.0, "Temporal_Power": 0.6666666666666666, "Average_Window_FDR": 0.0, "Average_Window_Power": 0.9166666666666666, "Window_Overlap": {"1": 0.75, "2": 1.0, "4": 1.0, "6": 1.0, "8": 1.0, "9": 1.0}}, "30": {"FDR": 0.0, "Power": 0.7, "Temporal_FDR": 0.0, "Temporal_Power": 0.6666666666666666, "Average_Window_FDR": 0.0, "Average_Window_Power": 0.9166666666666666, "Window_Overlap": {"1": 0.75, "2": 1.0, "4": 1.0, "6": 1.0, "8": 1.0, "9": 1.0}}, "40": {"FDR": 0.0, "Power": 0.7, "Temporal_FDR": 0.0, "Temporal_Power": 0.6666666666666666, "Average_Window_FDR": 0.0, "Average_Window_Power": 0.9444444444444443, "Window_Overlap": {"1": 0.8333333333333333, "2": 1.0, "4": 1.0, "6": 1.0, "8": 1.0, "9": 1.0}}, "50": {"FDR": 0.0, "Power": 0.7, "Temporal_FDR": 0.0, "Temporal_Power": 0.6666666666666666, "Average_Window_FDR": 0.0, "Average_Window_Power": 0.9444444444444443, "Window_Overlap": {"1": 0.8333333333333333, "2": 1.0, "4": 1.0, "6": 1.0, "8": 1.0, "9": 1.0}}}