{"10": {"FDR": 0.0, "Power": 0.4, "Temporal_FDR": 0.0, "Temporal_Power": 0.4444444444444444, "Average_Window_FDR": 0.0, "Average_Window_Power": 1.0, "Window_Overlap": {"1": 1.0, "2": 1.0, "5": 1.0, "8": 1.0}}, "20": {"FDR": 0.0, "Power": 0.65, "Temporal_FDR": 0.0, "Temporal_Power": 0.6842105263157895, "Average_Window_FDR": 0.0, "Average_Window_Power": 0.9321266968325792, "Window_Overlap": {"1": 1.0, "2": 1.0, "5": 1.0, "8": 1.0, "11": 1.0, "12": 1.0, "13": 1.0, "14": 1.0, "15": 1.0, "16": 0.5588235294117647, "17": 1.0, "18": 1.0, "19": 1.0}}, "40": {"FDR": 0.0, "Power": 0.675, "Temporal_FDR": 0.0, "Temporal_Power": 0.7297297297297297, "Average_Window_FDR": 0.0, "Average_Window_Power": 0.8740470737202762, "Window_Overlap": {"1": 1.0, "2": 1.0, "5": 1.0, "8": 1.0, "11": 1.0, "12": 1.0, "13": 1.0, "14": 1.0, "15": 1.0, "16": 0.5588235294117647, "17": 1.0, "18": 1.0, "19": 1.0, "20": 1.0, "22": 1.0, "23": 1.0, "24": 1.0, "25": 1.0, "27": 1.0, "30": 1.0, "32": 0.5416666666666666, "33": 0.9, "34": 1.0, "35": 0.5769230769230769, "36": 1.0, "37": 0.7222222222222222, "39": 1.0}}, "80": {"FDR": 0.0, "Power": 0.775, "Temporal_FDR": 0.0, "Temporal_Power": 0.7922077922077922, "Average_Window_FDR": 0.0, "Average_Window_Power": 1.0, "Window_Overlap": {"1": 1.0, "2": 1.0, "5": 1.0, "8": 1.0, "11": 1.0, "12": 1.0, "13": 1.0, "14": 1.0, "15": 1.0, "16": 1.0, "17": 1.0, "18": 1.0, "19": 1.0, "20": 1.0, "21": 1.0, "22": 1.0, "23": 1.0, "24": 1.0, "25": 1.0, "26": 1.0, "27": 1.0, "30": 1.0, "32": 1.0, "33": 1.0, "34": 1.0, "35": 1.0, "36": 1.0, "37": 1.0, "39": 1.0, "40": 1.0, "41": 1.0, "42": 1.0, "43": 1.0, "45": 1.0, "46": 1.0, "47": 1.0, "50": 1.0, "51": 1.0, "52": 1.0, "53": 1.0, "54": 1.0, "56": 1.0, "57": 1.0, "58": 1.0, "59": 1.0, "60": 1.0, "61": 1.0, "62": 1.0, "64": 1.0, "65": 1.0, "67": 1.0, "68": 1.0, "70": 1.0, "72": 1.0, "73": 1.0, "74": 1.0, "75": 1.0, "76": 1.0, "77": 1.0, "78": 1.0, "79": 1.0}}, "160": {"FDR": 0.0, "Power": 0.66875, "Temporal_FDR": 0.0, "Temporal_Power": 0.6774193548387096, "Average_Window_FDR": 0.0, "Average_Window_Power": 0.8683896594666165, "Window_Overlap": {"1": 0.9, "2": 1.0, "5": 1.0, "8": 1.0, "11": 1.0, "12": 1.0, "13": 1.0, "14": 1.0, "15": 1.0, "16": 0.5588235294117647, "17": 1.0, "18": 1.0, "19": 1.0, "20": 1.0, "22": 1.0, "23": 1.0, "24": 1.0, "25": 1.0, "27": 1.0, "30": 1.0, "32": 0.5416666666666666, "33": 0.9, "34": 1.0, "35": 0.5769230769230769, "36": 1.0, "37": 0.7222222222222222, "39": 1.0, "40": 1.0, "41": 1.0, "42": 1.0, "43": 1.0, "45": 1.0, "46": 1.0, "47": 1.0, "50": 0.5833333333333334, "51": 1.0, "52": 1.0, "53": 0.5454545454545454, "54": 1.0, "56": 1.0, "58": 1.0, "59": 1.0, "62": 1.0, "64": 0.53125, "65": 1.0, "67": 1.0, "68": 1.0, "70": 1.0, "72": 0.5454545454545454, "73": 1.0, "74": 0.6923076923076923, "75": 1.0, "76": 1.0, "77": 1.0, "78": 1.0, "79": 1.0, "81": 1.0, "83": 1.0, "85": 1.0, "86": 1.0, "87": 1.0, "88": 1.0, "89": 1.0, "91": 0.5333333333333333, "92": 1.0, "93": 1.0, "94": 1.0, "95": 1.0, "96": 1.0, "99": 1.0, "100": 0.8846153846153846, "102": 1.0, "105": 0.5263157894736842, "107": 0.90625, "108": 1.0, "109": 1.0, "110": 1.0, "111": 1.0, "112": 1.0, "113": 1.0, "114": 1.0, "116": 1.0, "117": 1.0, "122": 1.0, "123": 1.0, "126": 0.625, "127": 1.0, "128": 1.0, "133": 1.0, "134": 1.0, "136": 1.0, "137": 1.0, "138": 1.0, "139": 0.8, "141": 1.0, "142": 0.5294117647058824, "144": 0.95, "146": 0.5714285714285714, "147": 1.0, "148": 1.0, "149": 1.0, "151": 1.0, "152": 1.0, "156": 1.0, "157": 0.6666666666666666}}, "320": {"FDR": 0.0, "Power": 0.646875, "Temporal_FDR": 0.0, "Temporal_Power": 0.6525974025974026, "Average_Window_FDR": 0.0, "Average_Window_Power": 0.8913086707279443, "Window_Overlap": {"1": 0.95, "2": 1.0, "5": 1.0, "8": 1.0, "11": 1.0, "12": 1.0, "13": 1.0, "14": 1.0, "15": 1.0, "16": 0.5588235294117647, "17": 1.0, "18": 1.0, "19": 1.0, "20": 1.0, "22": 1.0, "23": 1.0, "24": 1.0, "25": 1.0, "27": 1.0, "30": 1.0, "32": 0.5416666666666666, "33": 0.9, "34": 1.0, "35": 0.5769230769230769, "36": 1.0, "37": 0.7222222222222222, "39": 1.0, "40": 1.0, "41": 1.0, "42": 1.0, "43": 1.0, "45": 1.0, "46": 1.0, "47": 1.0, "50": 0.5833333333333334, "51": 1.0, "52": 1.0, "53": 0.5454545454545454, "54": 0.6666666666666666, "56": 1.0, "58": 1.0, "59": 1.0, "62": 1.0, "64": 0.53125, "65": 0.9444444444444444, "67": 1.0, "68": 1.0, "70": 1.0, "72": 0.5454545454545454, "73": 1.0, "74": 0.6923076923076923, "75": 1.0, "76": 1.0, "77": 1.0, "78": 1.0, "79": 1.0, "81": 1.0, "83": 1.0, "85": 0.8421052631578947, "86": 1.0, "87": 1.0, "88": 1.0, "89": 1.0, "91": 0.5333333333333333, "92": 1.0, "93": 1.0, "94": 1.0, "95": 1.0, "96": 1.0, "99": 1.0, "100": 0.8846153846153846, "102": 1.0, "105": 0.5263157894736842, "107": 0.9375, "108": 1.0, "109": 1.0, "110": 1.0, "111": 1.0, "112": 1.0, "113": 1.0, "114": 1.0, "116": 1.0, "117": 1.0, "122": 1.0, "123": 1.0, "126": 0.625, "127": 1.0, "128": 1.0, "133": 1.0, "134": 1.0, "136": 1.0, "137": 1.0, "138": 1.0, "139": 0.8, "141": 1.0, "142": 0.5294117647058824, "144": 1.0, "146": 0.5714285714285714, "147": 1.0, "148": 1.0, "149": 1.0, "151": 1.0, "152": 1.0, "156": 1.0, "157": 0.8333333333333333, "160": 1.0, "161": 1.0, "162": 1.0, "163": 1.0, "165": 1.0, "166": 1.0, "168": 1.0, "169": 0.75, "170": 1.0, "171": 1.0, "176": 1.0, "177": 1.0, "179": 0.875, "180": 1.0, "184": 1.0, "185": 1.0, "186": 0.7333333333333334, "191": 1.0, "193": 1.0, "194": 1.0, "196": 1.0, "197": 1.0, "199": 0.5625, "200": 1.0, "201": 1.0, "203": 1.0, "205": 1.0, "206": 1.0, "207": 1.0, "208": 1.0, "211": 0.625, "212": 1.0, "215": 0.6, "216": 1.0, "219": 1.0, "221": 1.0, "223": 1.0, "224": 1.0, "225": 1.0, "227": 1.0, "233": 0.8214285714285714, "235": 1.0, "236": 1.0, "237": 1.0, "240": 1.0, "242": 0.9, "243": 1.0, "244": 1.0, "246": 1.0, "247": 1.0, "248": 1.0, "249": 1.0, "252": 1.0, "254": 0.5454545454545454, "255": 1.0, "256": 1.0, "258": 0.5625, "260": 1.0, "263": 1.0, "264": 1.0, "266": 0.8666666666666667, "267": 0.5294117647058824, "268": 1.0, "269": 1.0, "270": 1.0, "271": 1.0, "274": 1.0, "275": 1.0, "276": 1.0, "277": 1.0, "278": 1.0, "281": 1.0, "282": 1.0, "283": 1.0, "285": 1.0, "286": 1.0, "289": 1.0, "290": 1.0, "291": 1.0, "292": 1.0, "293": 0.8636363636363636, "295": 1.0, "299": 1.0, "300": 1.0, "302": 1.0, "303": 1.0, "304": 1.0, "306": 1.0, "311": 1.0, "313": 1.0, "314": 1.0, "315": 1.0, "316": 1.0, "317": 1.0, "318": 1.0, "319": 1.0}}}