{"10": {"FDR": 0.0, "Power": 0.4, "Temporal_FDR": 0.0, "Temporal_Power": 0.4, "Average_Window_FDR": 0.0, "Average_Window_Power": 0.8571428571428571, "Window_Overlap": {"1": 1.0, "7": 1.0, "8": 0.7142857142857143, "9": 1.0}}, "20": {"FDR": 0.0, "Power": 0.4, "Temporal_FDR": 0.0, "Temporal_Power": 0.4, "Average_Window_FDR": 0.0, "Average_Window_Power": 0.8571428571428571, "Window_Overlap": {"1": 1.0, "7": 1.0, "8": 0.7142857142857143, "9": 1.0}}, "30": {"FDR": 0.0, "Power": 0.4, "Temporal_FDR": 0.0, "Temporal_Power": 0.4, "Average_Window_FDR": 0.0, "Average_Window_Power": 0.8571428571428571, "Window_Overlap": {"1": 1.0, "7": 1.0, "8": 0.7142857142857143, "9": 1.0}}, "40": {"FDR": 0.0, "Power": 0.4, "Temporal_FDR": 0.0, "Temporal_Power": 0.4, "Average_Window_FDR": 0.0, "Average_Window_Power": 0.8571428571428571, "Window_Overlap": {"1": 1.0, "7": 1.0, "8": 0.7142857142857143, "9": 1.0}}, "50": {"FDR": 0.0, "Power": 0.4, "Temporal_FDR": 0.0, "Temporal_Power": 0.4, "Average_Window_FDR": 0.0, "Average_Window_Power": 0.8571428571428571, "Window_Overlap": {"1": 1.0, "7": 1.0, "8": 0.7142857142857143, "9": 1.0}}}