{"DEFAULT": {"FDR": 0.0, "Power": 0.6, "Temporal_FDR": 0.0, "Temporal_Power": 0.6, "Average_Window_FDR": 0.0, "Average_Window_Power": 0.7777777777777777, "Window_Overlap": {"2": 0.6666666666666666, "5": 1.0, "7": 1.0}}}