{"DEFAULT": {"FDR": 0.0, "Power": 0.6, "Temporal_FDR": 0.0, "Temporal_Power": 0.6, "Average_Window_FDR": 0.0, "Average_Window_Power": 0.7619047619047619, "Window_Overlap": {"1": 1.0, "5": 0.6428571428571428, "6": 1.0}}}