{"DEFAULT": {"FDR": 0.0, "Power": 0.6, "Temporal_FDR": 0.0, "Temporal_Power": 0.4, "Average_Window_FDR": 0.0, "Average_Window_Power": 0.5714285714285714, "Window_Overlap": {"0": 0.5714285714285714, "6": 1.0}}}