{"10": {"FDR": 0.0, "Power": 0.9, "Temporal_FDR": 0.0, "Temporal_Power": 1.0, "Average_Window_FDR": 0.0, "Average_Window_Power": 0.8796296296296295, "Window_Overlap": {"0": 1.0, "1": 0.8333333333333333, "2": 0.625, "3": 1.0, "4": 1.0, "6": 1.0, "7": 1.0, "8": 1.0, "9": 1.0}}, "20": {"FDR": 0.0, "Power": 0.95, "Temporal_FDR": 0.0, "Temporal_Power": 1.0, "Average_Window_FDR": 0.0, "Average_Window_Power": 1.0, "Window_Overlap": {"0": 1.0, "1": 1.0, "2": 1.0, "3": 1.0, "4": 1.0, "6": 1.0, "7": 1.0, "8": 1.0, "9": 1.0, "10": 1.0, "11": 1.0, "12": 1.0, "13": 1.0, "14": 1.0, "15": 1.0, "16": 1.0, "17": 1.0, "18": 1.0, "19": 1.0}}, "40": {"FDR": 0.0, "Power": 0.65, "Temporal_FDR": 0.0, "Temporal_Power": 0.6842105263157895, "Average_Window_FDR": 0.0, "Average_Window_Power": 0.8713675213675214, "Window_Overlap": {"0": 1.0, "1": 0.7777777777777778, "2": 0.625, "3": 1.0, "4": 1.0, "6": 1.0, "7": 1.0, "8": 1.0, "9": 1.0, "10": 1.0, "11": 1.0, "13": 1.0, "14": 1.0, "15": 1.0, "16": 1.0, "17": 0.5416666666666666, "18": 1.0, "19": 1.0, "23": 1.0, "25": 0.8, "26": 1.0, "28": 1.0, "29": 0.5833333333333334, "33": 1.0, "34": 1.0, "38": 1.0}}, "80": {"FDR": 0.0, "Power": 0.7375, "Temporal_FDR": 0.0, "Temporal_Power": 0.7402597402597403, "Average_Window_FDR": 0.0, "Average_Window_Power": 1.0, "Window_Overlap": {"0": 1.0, "1": 1.0, "2": 1.0, "3": 1.0, "4": 1.0, "6": 1.0, "7": 1.0, "8": 1.0, "9": 1.0, "10": 1.0, "11": 1.0, "12": 1.0, "13": 1.0, "14": 1.0, "15": 1.0, "16": 1.0, "17": 1.0, "18": 1.0, "19": 1.0, "23": 1.0, "25": 1.0, "26": 1.0, "28": 1.0, "29": 1.0, "30": 1.0, "33": 1.0, "34": 1.0, "36": 1.0, "38": 1.0, "40": 1.0, "41": 1.0, "43": 1.0, "44": 1.0, "45": 1.0, "50": 1.0, "51": 1.0, "52": 1.0, "53": 1.0, "55": 1.0, "60": 1.0, "61": 1.0, "62": 1.0, "63": 1.0, "64": 1.0, "65": 1.0, "67": 1.0, "68": 1.0, "69": 1.0, "70": 1.0, "71": 1.0, "72": 1.0, "73": 1.0, "74": 1.0, "76": 1.0, "77": 1.0, "78": 1.0, "79": 1.0}}, "160": {"FDR": 0.0, "Power": 0.6375, "Temporal_FDR": 0.0, "Temporal_Power": 0.6428571428571429, "Average_Window_FDR": 0.0, "Average_Window_Power": 0.9134745725654816, "Window_Overlap": {"0": 1.0, "1": 0.8333333333333333, "2": 0.625, "3": 1.0, "4": 1.0, "6": 1.0, "7": 1.0, "8": 1.0, "9": 1.0, "10": 1.0, "11": 1.0, "13": 1.0, "14": 1.0, "15": 1.0, "16": 1.0, "17": 0.5416666666666666, "18": 1.0, "19": 1.0, "23": 1.0, "25": 0.8, "26": 1.0, "28": 1.0, "29": 0.5833333333333334, "33": 1.0, "34": 1.0, "38": 1.0, "40": 1.0, "41": 1.0, "43": 1.0, "44": 1.0, "45": 1.0, "50": 1.0, "51": 1.0, "52": 1.0, "53": 1.0, "55": 1.0, "60": 1.0, "61": 1.0, "63": 1.0, "64": 1.0, "65": 1.0, "67": 1.0, "68": 1.0, "69": 1.0, "70": 1.0, "72": 1.0, "73": 1.0, "76": 1.0, "77": 1.0, "78": 1.0, "79": 1.0, "80": 1.0, "82": 0.5714285714285714, "84": 1.0, "86": 1.0, "87": 1.0, "88": 1.0, "90": 1.0, "91": 1.0, "93": 1.0, "95": 1.0, "97": 1.0, "98": 1.0, "99": 1.0, "102": 0.5625, "103": 1.0, "104": 1.0, "105": 0.75, "107": 1.0, "110": 1.0, "111": 1.0, "114": 1.0, "116": 1.0, "117": 1.0, "119": 0.5625, "121": 1.0, "122": 1.0, "127": 1.0, "128": 1.0, "130": 0.5833333333333334, "133": 1.0, "134": 1.0, "136": 0.95, "137": 1.0, "139": 0.5357142857142857, "141": 1.0, "142": 1.0, "143": 1.0, "144": 1.0, "147": 1.0, "148": 1.0, "150": 1.0, "151": 1.0, "152": 1.0, "154": 1.0, "155": 1.0, "156": 1.0, "157": 0.8181818181818181, "158": 1.0}}, "320": {"FDR": 0.0, "Power": 0.725, "Temporal_FDR": 0.0, "Temporal_Power": 0.7266881028938906, "Average_Window_FDR": 0.0, "Average_Window_Power": 0.9997541789577188, "Window_Overlap": {"0": 1.0, "1": 1.0, "2": 1.0, "3": 1.0, "4": 1.0, "6": 1.0, "7": 1.0, "8": 1.0, "9": 1.0, "10": 1.0, "11": 1.0, "12": 1.0, "13": 1.0, "14": 1.0, "15": 1.0, "16": 1.0, "17": 1.0, "18": 1.0, "19": 1.0, "23": 1.0, "25": 1.0, "26": 1.0, "28": 1.0, "29": 1.0, "30": 1.0, "33": 1.0, "34": 1.0, "36": 1.0, "38": 1.0, "40": 1.0, "41": 1.0, "43": 1.0, "44": 1.0, "45": 1.0, "50": 1.0, "51": 1.0, "52": 1.0, "53": 1.0, "55": 1.0, "60": 1.0, "61": 1.0, "62": 1.0, "63": 1.0, "64": 1.0, "65": 1.0, "67": 1.0, "68": 1.0, "69": 1.0, "70": 1.0, "71": 1.0, "72": 1.0, "73": 1.0, "74": 1.0, "76": 1.0, "77": 1.0, "78": 1.0, "79": 1.0, "80": 1.0, "81": 1.0, "82": 1.0, "84": 1.0, "86": 1.0, "87": 1.0, "88": 1.0, "89": 1.0, "90": 1.0, "91": 1.0, "93": 1.0, "95": 1.0, "97": 1.0, "98": 1.0, "99": 1.0, "100": 1.0, "101": 1.0, "102": 1.0, "103": 1.0, "104": 1.0, "105": 1.0, "107": 1.0, "110": 1.0, "111": 1.0, "112": 1.0, "114": 1.0, "116": 1.0, "117": 1.0, "119": 1.0, "121": 1.0, "122": 1.0, "127": 1.0, "128": 1.0, "129": 1.0, "130": 1.0, "133": 1.0, "134": 1.0, "136": 1.0, "137": 1.0, "139": 1.0, "140": 1.0, "141": 1.0, "142": 1.0, "143": 1.0, "144": 1.0, "145": 1.0, "147": 1.0, "148": 1.0, "150": 1.0, "151": 1.0, "152": 1.0, "154": 1.0, "155": 1.0, "156": 1.0, "157": 1.0, "158": 1.0, "161": 1.0, "162": 1.0, "163": 1.0, "166": 1.0, "167": 1.0, "168": 1.0, "170": 1.0, "171": 1.0, "172": 1.0, "178": 1.0, "180": 1.0, "184": 1.0, "186": 1.0, "188": 1.0, "189": 0.9722222222222222, "190": 1.0, "191": 1.0, "192": 1.0, "193": 1.0, "194": 1.0, "195": 1.0, "196": 1.0, "197": 1.0, "198": 1.0, "199": 1.0, "200": 1.0, "202": 1.0, "204": 1.0, "205": 1.0, "206": 1.0, "207": 1.0, "208": 1.0, "209": 1.0, "210": 1.0, "211": 1.0, "212": 1.0, "213": 1.0, "214": 1.0, "215": 1.0, "216": 1.0, "218": 1.0, "219": 1.0, "220": 1.0, "221": 1.0, "223": 1.0, "224": 1.0, "225": 1.0, "228": 1.0, "230": 1.0, "234": 1.0, "235": 1.0, "236": 1.0, "237": 1.0, "238": 1.0, "240": 1.0, "241": 1.0, "242": 1.0, "243": 1.0, "244": 1.0, "245": 1.0, "246": 1.0, "247": 1.0, "248": 1.0, "250": 1.0, "252": 1.0, "253": 1.0, "255": 1.0, "256": 1.0, "257": 1.0, "259": 1.0, "260": 1.0, "262": 1.0, "264": 1.0, "265": 1.0, "266": 1.0, "267": 1.0, "268": 1.0, "271": 1.0, "272": 1.0, "273": 1.0, "274": 1.0, "276": 1.0, "278": 1.0, "279": 1.0, "281": 1.0, "282": 1.0, "284": 1.0, "285": 1.0, "289": 1.0, "291": 1.0, "292": 1.0, "293": 1.0, "294": 1.0, "296": 1.0, "297": 1.0, "298": 1.0, "301": 1.0, "302": 1.0, "303": 1.0, "304": 1.0, "305": 1.0, "306": 1.0, "307": 1.0, "308": 1.0, "309": 1.0, "311": 1.0, "312": 1.0, "313": 1.0, "314": 1.0, "315": 1.0, "316": 1.0, "317": 1.0, "319": 1.0}}}