{"10": {"FDR": 0.0, "Power": 0.7, "Temporal_FDR": 0.0, "Temporal_Power": 0.7, "Average_Window_FDR": 0.0, "Average_Window_Power": 0.7678571428571429, "Window_Overlap": {"1": 1.0, "2": 1.0, "3": 1.0, "4": 0.625, "7": 1.0, "8": 0.5625, "9": 1.0}}, "20": {"FDR": 0.0, "Power": 0.6, "Temporal_FDR": 0.0, "Temporal_Power": 0.6, "Average_Window_FDR": 0.0, "Average_Window_Power": 0.7113095238095237, "Window_Overlap": {"1": 1.0, "2": 1.0, "3": 1.0, "4": 0.5714285714285714, "7": 1.0, "8": 0.5625}}, "40": {"FDR": 0.0, "Power": 0.6, "Temporal_FDR": 0.0, "Temporal_Power": 0.6, "Average_Window_FDR": 0.0, "Average_Window_Power": 0.7017094017094018, "Window_Overlap": {"1": 1.0, "2": 1.0, "3": 1.0, "4": 0.5384615384615384, "7": 1.0, "8": 0.5666666666666667}}, "80": {"FDR": 0.0, "Power": 0.6, "Temporal_FDR": 0.0, "Temporal_Power": 0.6, "Average_Window_FDR": 0.0, "Average_Window_Power": 0.5902777777777778, "Window_Overlap": {"1": 1.0, "2": 1.0, "3": 0.7, "4": 0.5208333333333334, "7": 1.0, "8": 0.55}}, "160": {"FDR": 0.0, "Power": 0.5, "Temporal_FDR": 0.0, "Temporal_Power": 0.5, "Average_Window_FDR": 0.0, "Average_Window_Power": 0.6161125319693095, "Window_Overlap": {"1": 1.0, "2": 1.0, "4": 0.5108695652173914, "7": 1.0, "8": 0.5294117647058824}}, "320": {"FDR": 0.0, "Power": 0.4, "Temporal_FDR": 0.0, "Temporal_Power": 0.4, "Average_Window_FDR": 0.0, "Average_Window_Power": 0.5132957759540038, "Window_Overlap": {"1": 1.0, "4": 0.5054945054945055, "7": 1.0, "8": 0.5210970464135021}}}