{"10": {"FDR": 0.0, "Power": 0.7, "Temporal_FDR": 0.0, "Temporal_Power": 0.7, "Average_Window_FDR": 0.0, "Average_Window_Power": 0.8639455782312925, "Window_Overlap": {"2": 1.0, "4": 0.8571428571428572, "5": 1.0, "6": 0.6666666666666666, "7": 1.0, "8": 1.0, "9": 1.0}}, "20": {"FDR": 0.0, "Power": 0.6, "Temporal_FDR": 0.0, "Temporal_Power": 0.6, "Average_Window_FDR": 0.0, "Average_Window_Power": 0.8666666666666667, "Window_Overlap": {"2": 1.0, "5": 1.0, "6": 0.6, "7": 1.0, "8": 1.0, "9": 1.0}}, "40": {"FDR": 0.0, "Power": 0.6, "Temporal_FDR": 0.0, "Temporal_Power": 0.6, "Average_Window_FDR": 0.0, "Average_Window_Power": 0.8388157894736842, "Window_Overlap": {"2": 1.0, "5": 0.9375, "6": 0.5789473684210527, "7": 1.0, "8": 1.0, "9": 1.0}}, "80": {"FDR": 0.0, "Power": 0.6, "Temporal_FDR": 0.0, "Temporal_Power": 0.6, "Average_Window_FDR": 0.0, "Average_Window_Power": 0.7985255692422545, "Window_Overlap": {"2": 1.0, "5": 0.8297872340425532, "6": 0.5657894736842105, "7": 1.0, "8": 1.0, "9": 1.0}}, "160": {"FDR": 0.0, "Power": 0.6, "Temporal_FDR": 0.0, "Temporal_Power": 0.6, "Average_Window_FDR": 0.0, "Average_Window_Power": 0.7713978494623657, "Window_Overlap": {"2": 1.0, "5": 0.7741935483870968, "6": 0.54, "7": 1.0, "8": 1.0, "9": 1.0}}, "320": {"FDR": 0.0, "Power": 0.6, "Temporal_FDR": 0.0, "Temporal_Power": 0.6, "Average_Window_FDR": 0.0, "Average_Window_Power": 0.7453615893395584, "Window_Overlap": {"2": 1.0, "5": 0.7092391304347826, "6": 0.5268456375838926, "7": 1.0, "8": 1.0, "9": 1.0}}}