{"10": {"FDR": 0.0, "Power": 1.0, "Temporal_FDR": 0.0, "Temporal_Power": 1.0, "Average_Window_FDR": 0.0, "Average_Window_Power": 1.0, "Window_Overlap": {"0": 1.0, "1": 1.0, "2": 1.0, "3": 1.0, "4": 1.0, "5": 1.0, "6": 1.0, "7": 1.0, "8": 1.0, "9": 1.0}}, "20": {"FDR": 0.0, "Power": 0.85, "Temporal_FDR": 0.0, "Temporal_Power": 0.85, "Average_Window_FDR": 0.0, "Average_Window_Power": 1.0, "Window_Overlap": {"0": 1.0, "1": 1.0, "2": 1.0, "3": 1.0, "4": 1.0, "5": 1.0, "6": 1.0, "7": 1.0, "8": 1.0, "9": 1.0, "10": 1.0, "11": 1.0, "12": 1.0, "15": 1.0, "17": 1.0, "18": 1.0, "19": 1.0}}, "40": {"FDR": 0.0, "Power": 0.8, "Temporal_FDR": 0.0, "Temporal_Power": 0.7948717948717948, "Average_Window_FDR": 0.0, "Average_Window_Power": 1.0, "Window_Overlap": {"0": 1.0, "1": 1.0, "2": 1.0, "3": 1.0, "4": 1.0, "5": 1.0, "6": 1.0, "7": 1.0, "8": 1.0, "9": 1.0, "10": 1.0, "11": 1.0, "12": 1.0, "15": 1.0, "17": 1.0, "18": 1.0, "19": 1.0, "22": 1.0, "23": 1.0, "24": 1.0, "25": 1.0, "26": 1.0, "27": 1.0, "28": 1.0, "29": 1.0, "31": 1.0, "32": 1.0, "34": 1.0, "35": 1.0, "37": 1.0, "39": 1.0}}, "80": {"FDR": 0.0, "Power": 0.7625, "Temporal_FDR": 0.0, "Temporal_Power": 0.7662337662337663, "Average_Window_FDR": 0.0, "Average_Window_Power": 1.0, "Window_Overlap": {"0": 1.0, "1": 1.0, "2": 1.0, "3": 1.0, "4": 1.0, "5": 1.0, "6": 1.0, "7": 1.0, "8": 1.0, "9": 1.0, "10": 1.0, "11": 1.0, "12": 1.0, "15": 1.0, "17": 1.0, "18": 1.0, "19": 1.0, "22": 1.0, "23": 1.0, "24": 1.0, "25": 1.0, "26": 1.0, "27": 1.0, "28": 1.0, "29": 1.0, "31": 1.0, "32": 1.0, "34": 1.0, "35": 1.0, "37": 1.0, "39": 1.0, "40": 1.0, "41": 1.0, "42": 1.0, "43": 1.0, "45": 1.0, "46": 1.0, "48": 1.0, "50": 1.0, "52": 1.0, "53": 1.0, "55": 1.0, "56": 1.0, "57": 1.0, "58": 1.0, "59": 1.0, "61": 1.0, "63": 1.0, "64": 1.0, "66": 1.0, "67": 1.0, "70": 1.0, "72": 1.0, "73": 1.0, "74": 1.0, "75": 1.0, "76": 1.0, "78": 1.0, "79": 1.0}}, "160": {"FDR": 0.0, "Power": 0.64375, "Temporal_FDR": 0.0, "Temporal_Power": 0.6493506493506493, "Average_Window_FDR": 0.0, "Average_Window_Power": 0.902566045066045, "Window_Overlap": {"0": 1.0, "1": 1.0, "2": 1.0, "3": 0.5909090909090909, "4": 1.0, "5": 0.8846153846153846, "6": 1.0, "7": 1.0, "9": 1.0, "10": 1.0, "11": 1.0, "12": 1.0, "15": 1.0, "17": 1.0, "18": 1.0, "19": 1.0, "22": 1.0, "23": 0.9, "24": 1.0, "25": 1.0, "26": 1.0, "27": 1.0, "29": 0.9375, "32": 1.0, "34": 0.53125, "35": 1.0, "37": 0.5625, "40": 1.0, "41": 0.6, "42": 1.0, "43": 1.0, "45": 1.0, "46": 1.0, "50": 1.0, "52": 1.0, "53": 1.0, "56": 1.0, "58": 0.6, "61": 0.8333333333333333, "64": 0.9444444444444444, "66": 1.0, "67": 1.0, "70": 1.0, "72": 1.0, "73": 1.0, "75": 1.0, "76": 0.78125, "79": 1.0, "82": 1.0, "84": 1.0, "86": 1.0, "90": 1.0, "91": 1.0, "92": 1.0, "95": 1.0, "96": 1.0, "98": 1.0, "100": 1.0, "101": 1.0, "102": 1.0, "106": 1.0, "107": 1.0, "108": 1.0, "109": 1.0, "110": 1.0, "111": 0.625, "115": 0.625, "116": 1.0, "117": 1.0, "118": 1.0, "121": 1.0, "123": 0.7, "124": 1.0, "125": 0.7, "126": 1.0, "127": 1.0, "128": 1.0, "129": 1.0, "130": 1.0, "131": 1.0, "132": 1.0, "133": 1.0, "135": 1.0, "136": 1.0, "137": 1.0, "138": 1.0, "140": 1.0, "141": 1.0, "142": 1.0, "145": 1.0, "147": 1.0, "148": 1.0, "149": 0.5625, "151": 0.75, "152": 1.0, "153": 1.0, "156": 1.0, "157": 1.0, "158": 1.0, "159": 1.0}}, "320": {"FDR": 0.0, "Power": 0.71875, "Temporal_FDR": 0.0, "Temporal_Power": 0.7188498402555911, "Average_Window_FDR": 0.0, "Average_Window_Power": 1.0, "Window_Overlap": {"0": 1.0, "1": 1.0, "2": 1.0, "3": 1.0, "4": 1.0, "5": 1.0, "6": 1.0, "7": 1.0, "8": 1.0, "9": 1.0, "10": 1.0, "11": 1.0, "12": 1.0, "15": 1.0, "17": 1.0, "18": 1.0, "19": 1.0, "22": 1.0, "23": 1.0, "24": 1.0, "25": 1.0, "26": 1.0, "27": 1.0, "28": 1.0, "29": 1.0, "31": 1.0, "32": 1.0, "34": 1.0, "35": 1.0, "37": 1.0, "39": 1.0, "40": 1.0, "41": 1.0, "42": 1.0, "43": 1.0, "45": 1.0, "46": 1.0, "48": 1.0, "50": 1.0, "52": 1.0, "53": 1.0, "55": 1.0, "56": 1.0, "57": 1.0, "58": 1.0, "59": 1.0, "61": 1.0, "63": 1.0, "64": 1.0, "66": 1.0, "67": 1.0, "70": 1.0, "72": 1.0, "73": 1.0, "74": 1.0, "75": 1.0, "76": 1.0, "78": 1.0, "79": 1.0, "80": 1.0, "82": 1.0, "84": 1.0, "86": 1.0, "88": 1.0, "90": 1.0, "91": 1.0, "92": 1.0, "95": 1.0, "96": 1.0, "98": 1.0, "100": 1.0, "101": 1.0, "102": 1.0, "104": 1.0, "106": 1.0, "107": 1.0, "108": 1.0, "109": 1.0, "110": 1.0, "111": 1.0, "112": 1.0, "115": 1.0, "116": 1.0, "117": 1.0, "118": 1.0, "120": 1.0, "121": 1.0, "123": 1.0, "124": 1.0, "125": 1.0, "126": 1.0, "127": 1.0, "128": 1.0, "129": 1.0, "130": 1.0, "131": 1.0, "132": 1.0, "133": 1.0, "135": 1.0, "136": 1.0, "137": 1.0, "138": 1.0, "140": 1.0, "141": 1.0, "142": 1.0, "145": 1.0, "147": 1.0, "148": 1.0, "149": 1.0, "150": 1.0, "151": 1.0, "152": 1.0, "153": 1.0, "156": 1.0, "157": 1.0, "158": 1.0, "159": 1.0, "160": 1.0, "161": 1.0, "163": 1.0, "164": 1.0, "165": 1.0, "167": 1.0, "168": 1.0, "169": 1.0, "170": 1.0, "171": 1.0, "173": 1.0, "177": 1.0, "178": 1.0, "179": 1.0, "181": 1.0, "182": 1.0, "186": 1.0, "187": 1.0, "188": 1.0, "189": 1.0, "190": 1.0, "191": 1.0, "196": 1.0, "197": 1.0, "198": 1.0, "199": 1.0, "200": 1.0, "201": 1.0, "204": 1.0, "206": 1.0, "207": 1.0, "208": 1.0, "209": 1.0, "210": 1.0, "211": 1.0, "212": 1.0, "213": 1.0, "216": 1.0, "217": 1.0, "218": 1.0, "220": 1.0, "221": 1.0, "222": 1.0, "224": 1.0, "225": 1.0, "226": 1.0, "227": 1.0, "230": 1.0, "232": 1.0, "233": 1.0, "234": 1.0, "238": 1.0, "239": 1.0, "241": 1.0, "243": 1.0, "245": 1.0, "246": 1.0, "248": 1.0, "250": 1.0, "251": 1.0, "252": 1.0, "253": 1.0, "254": 1.0, "256": 1.0, "257": 1.0, "258": 1.0, "259": 1.0, "260": 1.0, "261": 1.0, "263": 1.0, "264": 1.0, "267": 1.0, "268": 1.0, "269": 1.0, "270": 1.0, "273": 1.0, "276": 1.0, "277": 1.0, "278": 1.0, "279": 1.0, "280": 1.0, "281": 1.0, "282": 1.0, "283": 1.0, "285": 1.0, "286": 1.0, "287": 1.0, "288": 1.0, "289": 1.0, "290": 1.0, "291": 1.0, "292": 1.0, "294": 1.0, "295": 1.0, "297": 1.0, "304": 1.0, "306": 1.0, "307": 1.0, "308": 1.0, "309": 1.0, "310": 1.0, "311": 1.0, "312": 1.0, "314": 1.0, "315": 1.0, "316": 1.0, "317": 1.0, "319": 1.0}}}