{"10": {"FDR": 0.0, "Power": 0.7, "Temporal_FDR": 0.0, "Temporal_Power": 0.6666666666666666, "Average_Window_FDR": 0.0, "Average_Window_Power": 0.8571428571428572, "Window_Overlap": {"2": 0.9285714285714286, "3": 1.0, "5": 1.0, "6": 1.0, "7": 0.6428571428571428, "9": 1.0}}, "20": {"FDR": 0.0, "Power": 0.7, "Temporal_FDR": 0.0, "Temporal_Power": 0.6666666666666666, "Average_Window_FDR": 0.0, "Average_Window_Power": 0.8571428571428572, "Window_Overlap": {"2": 0.9285714285714286, "3": 1.0, "5": 1.0, "6": 1.0, "7": 0.6428571428571428, "9": 1.0}}, "30": {"FDR": 0.0, "Power": 0.7, "Temporal_FDR": 0.0, "Temporal_Power": 0.6666666666666666, "Average_Window_FDR": 0.0, "Average_Window_Power": 0.8571428571428572, "Window_Overlap": {"2": 0.9285714285714286, "3": 1.0, "5": 1.0, "6": 1.0, "7": 0.6428571428571428, "9": 1.0}}, "40": {"FDR": 0.0, "Power": 0.7, "Temporal_FDR": 0.0, "Temporal_Power": 0.6666666666666666, "Average_Window_FDR": 0.0, "Average_Window_Power": 0.8571428571428572, "Window_Overlap": {"2": 0.9285714285714286, "3": 1.0, "5": 1.0, "6": 1.0, "7": 0.6428571428571428, "9": 1.0}}, "50": {"FDR": 0.0, "Power": 0.7, "Temporal_FDR": 0.0, "Temporal_Power": 0.6666666666666666, "Average_Window_FDR": 0.0, "Average_Window_Power": 0.8571428571428572, "Window_Overlap": {"2": 0.9285714285714286, "3": 1.0, "5": 1.0, "6": 1.0, "7": 0.6428571428571428, "9": 1.0}}}