{"10": {"FDR": 0.0, "Power": 0.8, "Temporal_FDR": 0.0, "Temporal_Power": 0.7777777777777778, "Average_Window_FDR": 0.0, "Average_Window_Power": 1.0, "Window_Overlap": {"0": 1.0, "1": 1.0, "3": 1.0, "4": 1.0, "6": 1.0, "8": 1.0, "9": 1.0}}, "20": {"FDR": 0.0, "Power": 0.85, "Temporal_FDR": 0.0, "Temporal_Power": 0.8421052631578947, "Average_Window_FDR": 0.0, "Average_Window_Power": 1.0, "Window_Overlap": {"0": 1.0, "1": 1.0, "3": 1.0, "4": 1.0, "6": 1.0, "8": 1.0, "9": 1.0, "10": 1.0, "11": 1.0, "12": 1.0, "13": 1.0, "14": 1.0, "16": 1.0, "17": 1.0, "18": 1.0, "19": 1.0}}, "40": {"FDR": 0.0, "Power": 0.675, "Temporal_FDR": 0.0, "Temporal_Power": 0.6842105263157895, "Average_Window_FDR": 0.0, "Average_Window_Power": 0.8695893410259926, "Window_Overlap": {"0": 1.0, "1": 1.0, "6": 1.0, "8": 0.6666666666666666, "9": 1.0, "10": 1.0, "11": 0.6176470588235294, "12": 1.0, "13": 1.0, "14": 0.8125, "16": 1.0, "17": 1.0, "20": 1.0, "24": 1.0, "25": 1.0, "26": 1.0, "27": 1.0, "28": 0.5454545454545454, "29": 1.0, "30": 1.0, "31": 0.9444444444444444, "32": 1.0, "34": 0.8333333333333333, "35": 0.8846153846153846, "36": 1.0, "38": 1.0}}, "80": {"FDR": 0.0, "Power": 0.7875, "Temporal_FDR": 0.0, "Temporal_Power": 0.7792207792207793, "Average_Window_FDR": 0.0, "Average_Window_Power": 1.0, "Window_Overlap": {"0": 1.0, "1": 1.0, "3": 1.0, "4": 1.0, "6": 1.0, "8": 1.0, "9": 1.0, "10": 1.0, "11": 1.0, "12": 1.0, "13": 1.0, "14": 1.0, "16": 1.0, "17": 1.0, "18": 1.0, "19": 1.0, "20": 1.0, "24": 1.0, "25": 1.0, "26": 1.0, "27": 1.0, "28": 1.0, "29": 1.0, "30": 1.0, "31": 1.0, "32": 1.0, "34": 1.0, "35": 1.0, "36": 1.0, "37": 1.0, "38": 1.0, "39": 1.0, "41": 1.0, "42": 1.0, "44": 1.0, "45": 1.0, "46": 1.0, "47": 1.0, "48": 1.0, "50": 1.0, "52": 1.0, "54": 1.0, "57": 1.0, "58": 1.0, "60": 1.0, "61": 1.0, "65": 1.0, "66": 1.0, "67": 1.0, "68": 1.0, "70": 1.0, "71": 1.0, "72": 1.0, "73": 1.0, "74": 1.0, "75": 1.0, "76": 1.0, "77": 1.0, "78": 1.0, "79": 1.0}}, "160": {"FDR": 0.0, "Power": 0.75625, "Temporal_FDR": 0.0, "Temporal_Power": 0.7548387096774194, "Average_Window_FDR": 0.0, "Average_Window_Power": 1.0, "Window_Overlap": {"0": 1.0, "1": 1.0, "3": 1.0, "4": 1.0, "6": 1.0, "8": 1.0, "9": 1.0, "10": 1.0, "11": 1.0, "12": 1.0, "13": 1.0, "14": 1.0, "16": 1.0, "17": 1.0, "18": 1.0, "19": 1.0, "20": 1.0, "24": 1.0, "25": 1.0, "26": 1.0, "27": 1.0, "28": 1.0, "29": 1.0, "30": 1.0, "31": 1.0, "32": 1.0, "34": 1.0, "35": 1.0, "36": 1.0, "37": 1.0, "38": 1.0, "39": 1.0, "41": 1.0, "42": 1.0, "44": 1.0, "45": 1.0, "46": 1.0, "47": 1.0, "48": 1.0, "50": 1.0, "52": 1.0, "54": 1.0, "57": 1.0, "58": 1.0, "60": 1.0, "61": 1.0, "65": 1.0, "66": 1.0, "67": 1.0, "68": 1.0, "70": 1.0, "71": 1.0, "72": 1.0, "73": 1.0, "74": 1.0, "75": 1.0, "76": 1.0, "77": 1.0, "78": 1.0, "79": 1.0, "80": 1.0, "82": 1.0, "84": 1.0, "85": 1.0, "87": 1.0, "88": 1.0, "89": 1.0, "90": 1.0, "91": 1.0, "93": 1.0, "94": 1.0, "95": 1.0, "96": 1.0, "97": 1.0, "98": 1.0, "99": 1.0, "101": 1.0, "103": 1.0, "104": 1.0, "105": 1.0, "106": 1.0, "108": 1.0, "109": 1.0, "110": 1.0, "112": 1.0, "114": 1.0, "115": 1.0, "116": 1.0, "117": 1.0, "118": 1.0, "119": 1.0, "121": 1.0, "122": 1.0, "126": 1.0, "128": 1.0, "129": 1.0, "130": 1.0, "131": 1.0, "132": 1.0, "134": 1.0, "137": 1.0, "138": 1.0, "139": 1.0, "140": 1.0, "142": 1.0, "143": 1.0, "145": 1.0, "146": 1.0, "147": 1.0, "150": 1.0, "151": 1.0, "152": 1.0, "153": 1.0, "154": 1.0, "156": 1.0, "157": 1.0, "159": 1.0}}, "320": {"FDR": 0.0, "Power": 0.66875, "Temporal_FDR": 0.0, "Temporal_Power": 0.6580645161290323, "Average_Window_FDR": 0.0, "Average_Window_Power": 0.8755517229167292, "Window_Overlap": {"0": 1.0, "1": 1.0, "6": 1.0, "8": 0.8333333333333333, "9": 1.0, "10": 0.8333333333333333, "11": 0.6176470588235294, "12": 1.0, "14": 0.8125, "16": 1.0, "17": 1.0, "20": 1.0, "24": 1.0, "25": 1.0, "26": 1.0, "27": 1.0, "28": 0.5454545454545454, "29": 1.0, "30": 1.0, "31": 0.9444444444444444, "32": 1.0, "34": 0.8333333333333333, "35": 0.8461538461538461, "36": 1.0, "38": 1.0, "42": 1.0, "44": 1.0, "45": 1.0, "46": 0.5526315789473684, "48": 1.0, "50": 0.6153846153846154, "52": 1.0, "54": 1.0, "57": 0.6666666666666666, "58": 1.0, "60": 0.6666666666666666, "61": 0.6666666666666666, "65": 1.0, "66": 1.0, "67": 1.0, "68": 0.5277777777777778, "70": 0.6666666666666666, "71": 1.0, "72": 1.0, "73": 1.0, "74": 1.0, "75": 1.0, "76": 1.0, "77": 1.0, "78": 1.0, "79": 0.6578947368421053, "80": 1.0, "82": 1.0, "84": 1.0, "85": 1.0, "88": 1.0, "89": 0.5384615384615384, "90": 1.0, "93": 1.0, "94": 0.5555555555555556, "95": 1.0, "96": 1.0, "97": 1.0, "98": 1.0, "101": 0.625, "103": 1.0, "104": 1.0, "105": 1.0, "106": 0.6666666666666666, "108": 1.0, "110": 1.0, "112": 1.0, "115": 1.0, "116": 1.0, "117": 1.0, "118": 1.0, "119": 1.0, "121": 0.6363636363636364, "122": 1.0, "126": 1.0, "128": 1.0, "129": 0.868421052631579, "130": 1.0, "131": 1.0, "132": 1.0, "134": 1.0, "137": 0.7916666666666667, "138": 1.0, "139": 1.0, "140": 1.0, "142": 1.0, "143": 1.0, "146": 1.0, "147": 1.0, "150": 1.0, "151": 1.0, "153": 1.0, "154": 1.0, "156": 1.0, "157": 1.0, "159": 0.9545454545454546, "160": 1.0, "163": 1.0, "164": 1.0, "165": 1.0, "166": 1.0, "167": 0.5526315789473684, "168": 0.6764705882352942, "169": 1.0, "170": 1.0, "171": 1.0, "173": 1.0, "174": 1.0, "175": 1.0, "176": 1.0, "177": 1.0, "183": 1.0, "184": 1.0, "186": 0.625, "187": 1.0, "190": 1.0, "191": 1.0, "192": 1.0, "193": 0.5555555555555556, "195": 1.0, "197": 0.8333333333333333, "204": 1.0, "205": 1.0, "208": 1.0, "209": 0.84375, "211": 1.0, "212": 1.0, "214": 1.0, "215": 1.0, "217": 0.5769230769230769, "222": 1.0, "223": 1.0, "226": 0.5416666666666666, "227": 1.0, "229": 0.75, "231": 1.0, "232": 1.0, "233": 1.0, "235": 1.0, "237": 1.0, "238": 1.0, "240": 1.0, "241": 1.0, "242": 0.8, "243": 1.0, "246": 1.0, "249": 1.0, "250": 1.0, "251": 1.0, "253": 1.0, "255": 1.0, "256": 1.0, "257": 1.0, "258": 0.5714285714285714, "259": 1.0, "260": 1.0, "261": 0.6785714285714286, "262": 1.0, "263": 1.0, "265": 1.0, "266": 1.0, "267": 0.6666666666666666, "269": 1.0, "270": 1.0, "272": 1.0, "273": 1.0, "274": 1.0, "275": 1.0, "276": 1.0, "277": 1.0, "279": 1.0, "280": 0.9166666666666667, "281": 1.0, "282": 0.9230769230769231, "283": 1.0, "284": 1.0, "285": 1.0, "288": 1.0, "289": 0.53125, "292": 1.0, "293": 1.0, "294": 1.0, "295": 1.0, "296": 1.0, "298": 1.0, "299": 1.0, "300": 0.9444444444444444, "301": 1.0, "302": 1.0, "305": 1.0, "306": 1.0, "308": 1.0, "310": 1.0, "311": 0.5384615384615384, "312": 1.0, "313": 1.0, "314": 1.0, "318": 1.0, "319": 0.8571428571428572}}}