{"10": {"FDR": 0.0, "Power": 0.7, "Temporal_FDR": 0.0, "Temporal_Power": 0.6666666666666666, "Average_Window_FDR": 0.0, "Average_Window_Power": 1.0, "Window_Overlap": {"1": 1.0, "2": 1.0, "3": 1.0, "4": 1.0, "5": 1.0, "7": 1.0}}, "20": {"FDR": 0.0, "Power": 0.55, "Temporal_FDR": 0.0, "Temporal_Power": 0.5263157894736842, "Average_Window_FDR": 0.0, "Average_Window_Power": 0.8283333333333334, "Window_Overlap": {"1": 1.0, "2": 0.6, "3": 1.0, "4": 1.0, "5": 0.875, "7": 1.0, "10": 0.6666666666666666, "15": 1.0, "16": 1.0, "18": 1.0}}, "40": {"FDR": 0.0, "Power": 0.6, "Temporal_FDR": 0.0, "Temporal_Power": 0.6153846153846154, "Average_Window_FDR": 0.0, "Average_Window_Power": 0.8282738095238096, "Window_Overlap": {"1": 1.0, "2": 0.6, "3": 1.0, "4": 1.0, "7": 1.0, "10": 0.6666666666666666, "15": 1.0, "16": 1.0, "18": 1.0, "21": 1.0, "22": 1.0, "23": 0.6785714285714286, "24": 1.0, "26": 1.0, "27": 1.0, "28": 1.0, "29": 1.0, "32": 0.625, "33": 0.5357142857142857, "35": 1.0, "36": 1.0, "37": 0.8333333333333333, "38": 1.0, "39": 1.0}}, "80": {"FDR": 0.0, "Power": 0.725, "Temporal_FDR": 0.0, "Temporal_Power": 0.7236842105263158, "Average_Window_FDR": 0.0, "Average_Window_Power": 0.8391618675442205, "Window_Overlap": {"1": 1.0, "2": 0.6, "3": 1.0, "4": 1.0, "7": 1.0, "10": 0.6666666666666666, "15": 1.0, "16": 1.0, "18": 1.0, "21": 1.0, "22": 1.0, "23": 0.7142857142857143, "24": 1.0, "26": 1.0, "27": 1.0, "28": 1.0, "29": 1.0, "32": 0.625, "33": 0.5357142857142857, "35": 1.0, "36": 1.0, "37": 0.8333333333333333, "38": 1.0, "39": 1.0, "40": 1.0, "41": 1.0, "42": 1.0, "43": 1.0, "44": 1.0, "45": 1.0, "46": 0.6764705882352942, "47": 1.0, "48": 0.53125, "49": 1.0, "51": 1.0, "52": 1.0, "53": 0.5384615384615384, "55": 0.5384615384615384, "56": 1.0, "57": 1.0, "58": 1.0, "59": 1.0, "60": 1.0, "61": 1.0, "62": 0.625, "65": 1.0, "66": 1.0, "67": 0.6923076923076923, "69": 1.0, "70": 1.0, "72": 1.0, "73": 1.0, "77": 1.0, "78": 1.0, "79": 1.0}}, "160": {"FDR": 0.0, "Power": 0.7125, "Temporal_FDR": 0.0, "Temporal_Power": 0.7152317880794702, "Average_Window_FDR": 0.0, "Average_Window_Power": 1.0, "Window_Overlap": {"1": 1.0, "2": 1.0, "3": 1.0, "4": 1.0, "5": 1.0, "7": 1.0, "10": 1.0, "15": 1.0, "16": 1.0, "18": 1.0, "21": 1.0, "22": 1.0, "23": 1.0, "24": 1.0, "26": 1.0, "27": 1.0, "28": 1.0, "29": 1.0, "32": 1.0, "33": 1.0, "34": 1.0, "35": 1.0, "36": 1.0, "37": 1.0, "38": 1.0, "39": 1.0, "40": 1.0, "41": 1.0, "42": 1.0, "43": 1.0, "44": 1.0, "45": 1.0, "46": 1.0, "47": 1.0, "48": 1.0, "49": 1.0, "51": 1.0, "52": 1.0, "53": 1.0, "55": 1.0, "56": 1.0, "57": 1.0, "58": 1.0, "59": 1.0, "60": 1.0, "61": 1.0, "62": 1.0, "65": 1.0, "66": 1.0, "67": 1.0, "69": 1.0, "70": 1.0, "72": 1.0, "73": 1.0, "75": 1.0, "77": 1.0, "78": 1.0, "79": 1.0, "80": 1.0, "81": 1.0, "83": 1.0, "84": 1.0, "85": 1.0, "86": 1.0, "88": 1.0, "89": 1.0, "90": 1.0, "95": 1.0, "97": 1.0, "99": 1.0, "100": 1.0, "102": 1.0, "103": 1.0, "104": 1.0, "106": 1.0, "108": 1.0, "109": 1.0, "111": 1.0, "112": 1.0, "113": 1.0, "114": 1.0, "115": 1.0, "117": 1.0, "118": 1.0, "120": 1.0, "121": 1.0, "122": 1.0, "123": 1.0, "127": 1.0, "128": 1.0, "130": 1.0, "131": 1.0, "132": 1.0, "134": 1.0, "136": 1.0, "140": 1.0, "142": 1.0, "146": 1.0, "147": 1.0, "149": 1.0, "150": 1.0, "151": 1.0, "152": 1.0, "154": 1.0, "155": 1.0, "156": 1.0, "158": 1.0, "159": 1.0}}, "320": {"FDR": 0.0, "Power": 0.65625, "Temporal_FDR": 0.0, "Temporal_Power": 0.6644736842105263, "Average_Window_FDR": 0.0, "Average_Window_Power": 0.8995883840586965, "Window_Overlap": {"1": 1.0, "2": 0.6, "3": 1.0, "4": 1.0, "5": 0.875, "7": 1.0, "10": 0.6666666666666666, "15": 1.0, "16": 1.0, "18": 1.0, "21": 1.0, "22": 1.0, "23": 0.7142857142857143, "24": 1.0, "26": 1.0, "27": 1.0, "28": 1.0, "29": 1.0, "32": 0.625, "33": 0.5714285714285714, "35": 1.0, "36": 1.0, "37": 0.8333333333333333, "38": 1.0, "39": 1.0, "40": 1.0, "41": 1.0, "42": 1.0, "43": 1.0, "44": 1.0, "45": 1.0, "46": 0.6764705882352942, "47": 1.0, "48": 0.53125, "49": 1.0, "51": 1.0, "52": 1.0, "53": 0.5384615384615384, "55": 0.5384615384615384, "56": 1.0, "57": 1.0, "58": 1.0, "59": 1.0, "60": 1.0, "61": 1.0, "62": 0.625, "65": 1.0, "66": 1.0, "67": 0.6923076923076923, "69": 1.0, "70": 1.0, "72": 1.0, "73": 1.0, "77": 1.0, "78": 1.0, "79": 1.0, "80": 1.0, "83": 1.0, "84": 1.0, "85": 1.0, "86": 1.0, "88": 1.0, "90": 1.0, "95": 1.0, "97": 1.0, "99": 1.0, "100": 1.0, "102": 0.65, "103": 1.0, "104": 1.0, "106": 1.0, "108": 0.5333333333333333, "109": 1.0, "111": 1.0, "112": 1.0, "113": 1.0, "114": 1.0, "115": 1.0, "118": 1.0, "120": 1.0, "121": 0.5625, "122": 1.0, "123": 1.0, "127": 0.6428571428571428, "128": 1.0, "130": 1.0, "131": 1.0, "132": 1.0, "134": 1.0, "136": 1.0, "140": 1.0, "142": 1.0, "146": 1.0, "147": 1.0, "149": 1.0, "150": 1.0, "151": 1.0, "152": 1.0, "154": 1.0, "155": 1.0, "156": 1.0, "158": 1.0, "159": 1.0, "160": 1.0, "161": 1.0, "162": 1.0, "163": 1.0, "164": 1.0, "165": 1.0, "166": 1.0, "167": 1.0, "169": 1.0, "170": 0.9166666666666667, "171": 1.0, "173": 1.0, "175": 1.0, "177": 1.0, "178": 1.0, "179": 1.0, "181": 1.0, "182": 0.8157894736842105, "183": 0.9666666666666667, "184": 1.0, "185": 1.0, "186": 1.0, "187": 1.0, "188": 1.0, "189": 1.0, "190": 0.7222222222222222, "192": 1.0, "193": 1.0, "198": 1.0, "201": 1.0, "202": 1.0, "203": 1.0, "205": 1.0, "209": 1.0, "210": 1.0, "211": 1.0, "213": 1.0, "215": 1.0, "216": 1.0, "217": 1.0, "218": 1.0, "219": 0.59375, "222": 1.0, "223": 1.0, "224": 1.0, "225": 1.0, "227": 0.5714285714285714, "229": 1.0, "231": 0.5625, "233": 0.5416666666666666, "234": 0.8636363636363636, "235": 1.0, "236": 1.0, "239": 1.0, "240": 0.9583333333333333, "243": 1.0, "245": 1.0, "246": 1.0, "248": 1.0, "249": 1.0, "250": 1.0, "251": 1.0, "253": 1.0, "254": 1.0, "257": 1.0, "258": 1.0, "259": 1.0, "261": 0.5555555555555556, "265": 1.0, "266": 0.8846153846153846, "267": 1.0, "268": 0.5555555555555556, "269": 0.9285714285714286, "270": 1.0, "272": 1.0, "275": 1.0, "276": 1.0, "277": 1.0, "278": 1.0, "283": 0.5714285714285714, "285": 1.0, "288": 1.0, "289": 1.0, "290": 1.0, "291": 0.9736842105263157, "292": 1.0, "293": 1.0, "294": 1.0, "295": 1.0, "296": 1.0, "297": 1.0, "299": 1.0, "300": 1.0, "301": 1.0, "302": 1.0, "306": 1.0, "308": 1.0, "314": 1.0, "319": 1.0}}}