{"10": {"FDR": 0.0, "Power": 0.7, "Temporal_FDR": 0.0, "Temporal_Power": 0.6666666666666666, "Average_Window_FDR": 0.0, "Average_Window_Power": 0.9791666666666666, "Window_Overlap": {"1": 1.0, "2": 1.0, "4": 1.0, "5": 1.0, "7": 1.0, "8": 0.9375}}, "20": {"FDR": 0.0, "Power": 0.7, "Temporal_FDR": 0.0, "Temporal_Power": 0.6666666666666666, "Average_Window_FDR": 0.0, "Average_Window_Power": 0.9791666666666666, "Window_Overlap": {"1": 1.0, "2": 1.0, "4": 1.0, "5": 1.0, "7": 1.0, "8": 0.9375}}, "30": {"FDR": 0.0, "Power": 0.7, "Temporal_FDR": 0.0, "Temporal_Power": 0.6666666666666666, "Average_Window_FDR": 0.0, "Average_Window_Power": 0.9791666666666666, "Window_Overlap": {"1": 1.0, "2": 1.0, "4": 1.0, "5": 1.0, "7": 1.0, "8": 0.9375}}, "40": {"FDR": 0.0, "Power": 0.7, "Temporal_FDR": 0.0, "Temporal_Power": 0.6666666666666666, "Average_Window_FDR": 0.0, "Average_Window_Power": 0.9791666666666666, "Window_Overlap": {"1": 1.0, "2": 1.0, "4": 1.0, "5": 1.0, "7": 1.0, "8": 0.9375}}, "50": {"FDR": 0.0, "Power": 0.7, "Temporal_FDR": 0.0, "Temporal_Power": 0.6666666666666666, "Average_Window_FDR": 0.0, "Average_Window_Power": 0.9791666666666666, "Window_Overlap": {"1": 1.0, "2": 1.0, "4": 1.0, "5": 1.0, "7": 1.0, "8": 0.9375}}}