{"10": {"FDR": 0.0, "Power": 1.0, "Temporal_FDR": 0.0, "Temporal_Power": 1.0, "Average_Window_FDR": 0.0, "Average_Window_Power": 0.85, "Window_Overlap": {"0": 1.0, "1": 1.0, "2": 1.0, "3": 0.625, "4": 1.0}}, "20": {"FDR": 0.0, "Power": 0.8, "Temporal_FDR": 0.0, "Temporal_Power": 0.8, "Average_Window_FDR": 0.0, "Average_Window_Power": 0.5496031746031746, "Window_Overlap": {"0": 1.0, "2": 0.5277777777777778, "3": 0.5714285714285714, "4": 1.0}}, "40": {"FDR": 0.0, "Power": 0.6, "Temporal_FDR": 0.0, "Temporal_Power": 0.6, "Average_Window_FDR": 0.0, "Average_Window_Power": 0.7222222222222223, "Window_Overlap": {"0": 1.0, "3": 0.5833333333333334, "4": 1.0}}, "80": {"FDR": 0.0, "Power": 0.6, "Temporal_FDR": 0.0, "Temporal_Power": 0.6, "Average_Window_FDR": 0.0, "Average_Window_Power": 0.7083333333333334, "Window_Overlap": {"0": 1.0, "3": 0.5625, "4": 1.0}}}