{"10": {"FDR": 0.0, "Power": 0.7, "Temporal_FDR": 0.0, "Temporal_Power": 0.6666666666666666, "Average_Window_FDR": 0.0, "Average_Window_Power": 0.7277777777777779, "Window_Overlap": {"0": 1.0, "1": 1.0, "3": 0.6, "4": 1.0, "5": 0.5833333333333334, "8": 1.0}}, "20": {"FDR": 0.0, "Power": 0.7, "Temporal_FDR": 0.0, "Temporal_Power": 0.6666666666666666, "Average_Window_FDR": 0.0, "Average_Window_Power": 0.7277777777777779, "Window_Overlap": {"0": 1.0, "1": 1.0, "3": 0.6, "4": 1.0, "5": 0.5833333333333334, "8": 1.0}}, "30": {"FDR": 0.0, "Power": 0.7, "Temporal_FDR": 0.0, "Temporal_Power": 0.6666666666666666, "Average_Window_FDR": 0.0, "Average_Window_Power": 0.7388888888888889, "Window_Overlap": {"0": 1.0, "1": 1.0, "3": 0.6333333333333333, "4": 1.0, "5": 0.5833333333333334, "8": 1.0}}, "40": {"FDR": 0.0, "Power": 0.7, "Temporal_FDR": 0.0, "Temporal_Power": 0.6666666666666666, "Average_Window_FDR": 0.0, "Average_Window_Power": 0.7388888888888889, "Window_Overlap": {"0": 1.0, "1": 1.0, "3": 0.6333333333333333, "4": 1.0, "5": 0.5833333333333334, "8": 1.0}}, "50": {"FDR": 0.0, "Power": 0.7, "Temporal_FDR": 0.0, "Temporal_Power": 0.6666666666666666, "Average_Window_FDR": 0.0, "Average_Window_Power": 0.7277777777777779, "Window_Overlap": {"0": 1.0, "1": 1.0, "3": 0.6, "4": 1.0, "5": 0.5833333333333334, "8": 1.0}}}