{"10": {"FDR": 0.0, "Power": 0.7, "Temporal_FDR": 0.0, "Temporal_Power": 0.7, "Average_Window_FDR": 0.0, "Average_Window_Power": 1.0, "Window_Overlap": {"0": 1.0, "2": 1.0, "3": 1.0, "5": 1.0, "6": 1.0, "8": 1.0, "9": 1.0}}, "20": {"FDR": 0.0, "Power": 0.7, "Temporal_FDR": 0.0, "Temporal_Power": 0.7, "Average_Window_FDR": 0.0, "Average_Window_Power": 0.9196428571428571, "Window_Overlap": {"0": 1.0, "2": 1.0, "3": 1.0, "5": 1.0, "6": 1.0, "8": 1.0, "9": 0.71875}}, "40": {"FDR": 0.0, "Power": 0.5, "Temporal_FDR": 0.0, "Temporal_Power": 0.5, "Average_Window_FDR": 0.0, "Average_Window_Power": 0.8580645161290322, "Window_Overlap": {"0": 1.0, "2": 1.0, "3": 1.0, "8": 1.0, "9": 0.6451612903225806}}, "80": {"FDR": 0.0, "Power": 0.5, "Temporal_FDR": 0.0, "Temporal_Power": 0.5, "Average_Window_FDR": 0.0, "Average_Window_Power": 0.835483870967742, "Window_Overlap": {"0": 1.0, "2": 1.0, "3": 1.0, "8": 1.0, "9": 0.5887096774193549}}, "160": {"FDR": 0.0, "Power": 0.4, "Temporal_FDR": 0.0, "Temporal_Power": 0.4, "Average_Window_FDR": 0.0, "Average_Window_Power": 0.7560051736881005, "Window_Overlap": {"0": 1.0, "2": 0.946969696969697, "8": 1.0, "9": 0.5650406504065041}}, "320": {"FDR": 0.0, "Power": 0.4, "Temporal_FDR": 0.0, "Temporal_Power": 0.4, "Average_Window_FDR": 0.0, "Average_Window_Power": 0.683431080494011, "Window_Overlap": {"0": 1.0, "2": 0.8282442748091603, "8": 1.0, "9": 0.5386178861788617}}}