{"10": {"FDR": 0.0, "Power": 0.7, "Temporal_FDR": 0.0, "Temporal_Power": 0.7, "Average_Window_FDR": 0.0, "Average_Window_Power": 1.0, "Window_Overlap": {"0": 1.0, "2": 1.0, "3": 1.0, "6": 1.0, "7": 1.0, "8": 1.0, "9": 1.0}}, "20": {"FDR": 0.0, "Power": 0.65, "Temporal_FDR": 0.0, "Temporal_Power": 0.65, "Average_Window_FDR": 0.0, "Average_Window_Power": 0.8891054646710755, "Window_Overlap": {"0": 0.6176470588235294, "2": 0.7, "3": 1.0, "6": 1.0, "8": 0.9615384615384616, "9": 1.0, "12": 1.0, "13": 1.0, "14": 1.0, "15": 1.0, "16": 1.0, "17": 1.0, "19": 1.0}}, "40": {"FDR": 0.0, "Power": 0.7, "Temporal_FDR": 0.0, "Temporal_Power": 0.6923076923076923, "Average_Window_FDR": 0.0, "Average_Window_Power": 1.0, "Window_Overlap": {"0": 1.0, "2": 1.0, "3": 1.0, "6": 1.0, "7": 1.0, "8": 1.0, "9": 1.0, "12": 1.0, "13": 1.0, "14": 1.0, "15": 1.0, "16": 1.0, "17": 1.0, "18": 1.0, "19": 1.0, "20": 1.0, "21": 1.0, "23": 1.0, "24": 1.0, "26": 1.0, "27": 1.0, "29": 1.0, "30": 1.0, "31": 1.0, "33": 1.0, "37": 1.0, "39": 1.0}}, "80": {"FDR": 0.0, "Power": 0.675, "Temporal_FDR": 0.0, "Temporal_Power": 0.6666666666666666, "Average_Window_FDR": 0.0, "Average_Window_Power": 0.8795830018397891, "Window_Overlap": {"0": 0.6176470588235294, "2": 0.7, "3": 1.0, "6": 1.0, "8": 1.0, "9": 1.0, "12": 1.0, "13": 1.0, "14": 1.0, "15": 1.0, "16": 1.0, "17": 1.0, "19": 1.0, "20": 1.0, "23": 1.0, "24": 1.0, "26": 1.0, "27": 1.0, "29": 1.0, "30": 1.0, "31": 0.5555555555555556, "37": 1.0, "39": 1.0, "40": 1.0, "41": 0.8928571428571428, "42": 1.0, "44": 1.0, "45": 1.0, "46": 0.9, "47": 0.5384615384615384, "49": 1.0, "50": 1.0, "51": 1.0, "52": 0.8076923076923077, "53": 1.0, "54": 0.6, "55": 1.0, "56": 0.8125, "58": 1.0, "60": 0.8333333333333333, "61": 1.0, "62": 1.0, "63": 1.0, "65": 1.0, "66": 1.0, "70": 1.0, "72": 1.0, "73": 1.0, "74": 0.6111111111111112, "75": 1.0, "76": 1.0, "78": 1.0}}, "160": {"FDR": 0.0, "Power": 0.7125, "Temporal_FDR": 0.0, "Temporal_Power": 0.7070063694267515, "Average_Window_FDR": 0.0, "Average_Window_Power": 0.8650242892889952, "Window_Overlap": {"0": 0.6176470588235294, "2": 0.7, "3": 1.0, "6": 1.0, "7": 0.8333333333333333, "8": 1.0, "9": 1.0, "12": 1.0, "13": 1.0, "14": 1.0, "15": 1.0, "16": 1.0, "17": 1.0, "19": 1.0, "20": 1.0, "23": 1.0, "24": 1.0, "26": 1.0, "27": 1.0, "29": 1.0, "30": 1.0, "31": 0.5555555555555556, "37": 1.0, "39": 1.0, "40": 1.0, "41": 0.8928571428571428, "42": 1.0, "44": 0.9375, "45": 1.0, "46": 0.85, "47": 0.5384615384615384, "49": 1.0, "50": 1.0, "51": 1.0, "52": 0.8076923076923077, "53": 1.0, "54": 0.6, "55": 1.0, "56": 0.8125, "58": 1.0, "60": 0.875, "61": 1.0, "62": 1.0, "63": 1.0, "65": 1.0, "66": 1.0, "70": 1.0, "72": 1.0, "73": 1.0, "74": 0.6111111111111112, "75": 1.0, "76": 1.0, "78": 1.0, "79": 0.8571428571428572, "80": 1.0, "82": 1.0, "83": 1.0, "85": 1.0, "86": 0.6111111111111112, "87": 1.0, "88": 1.0, "89": 1.0, "90": 1.0, "92": 1.0, "93": 1.0, "96": 0.5833333333333334, "97": 1.0, "98": 1.0, "99": 1.0, "101": 0.5625, "103": 1.0, "104": 1.0, "105": 1.0, "107": 0.5357142857142857, "109": 1.0, "110": 1.0, "113": 1.0, "114": 1.0, "115": 1.0, "116": 1.0, "117": 1.0, "118": 0.75, "120": 0.5833333333333334, "121": 1.0, "122": 1.0, "123": 1.0, "124": 0.6764705882352942, "125": 1.0, "127": 1.0, "129": 1.0, "131": 1.0, "133": 1.0, "135": 1.0, "136": 0.6666666666666666, "137": 1.0, "138": 1.0, "139": 1.0, "140": 0.9230769230769231, "141": 1.0, "142": 1.0, "143": 0.6875, "144": 1.0, "147": 1.0, "148": 0.53125, "149": 1.0, "150": 1.0, "151": 1.0, "153": 1.0, "154": 1.0, "155": 1.0, "159": 0.9090909090909092}}, "320": {"FDR": 0.0, "Power": 0.7, "Temporal_FDR": 0.0, "Temporal_Power": 0.6869009584664537, "Average_Window_FDR": 0.0, "Average_Window_Power": 0.8796226664352521, "Window_Overlap": {"0": 0.6176470588235294, "2": 0.7, "3": 1.0, "6": 1.0, "7": 0.5666666666666667, "8": 1.0, "9": 1.0, "12": 1.0, "13": 1.0, "14": 1.0, "15": 1.0, "16": 1.0, "17": 1.0, "19": 1.0, "20": 1.0, "23": 1.0, "24": 1.0, "26": 1.0, "27": 1.0, "29": 1.0, "30": 1.0, "31": 0.5555555555555556, "37": 1.0, "39": 1.0, "40": 1.0, "41": 0.9285714285714286, "42": 1.0, "44": 1.0, "45": 1.0, "46": 0.9, "47": 0.5384615384615384, "49": 1.0, "50": 1.0, "51": 1.0, "52": 0.8076923076923077, "53": 1.0, "54": 0.6, "55": 1.0, "56": 0.8125, "58": 1.0, "60": 0.875, "61": 1.0, "62": 1.0, "63": 1.0, "65": 1.0, "66": 1.0, "70": 1.0, "72": 1.0, "73": 1.0, "74": 0.6111111111111112, "75": 1.0, "76": 1.0, "78": 1.0, "79": 0.8571428571428572, "80": 1.0, "82": 1.0, "83": 1.0, "85": 1.0, "86": 0.6111111111111112, "87": 1.0, "88": 1.0, "89": 1.0, "90": 1.0, "92": 1.0, "93": 1.0, "96": 0.5833333333333334, "97": 1.0, "98": 1.0, "99": 1.0, "101": 0.5625, "103": 1.0, "104": 1.0, "105": 1.0, "107": 0.5357142857142857, "109": 1.0, "110": 1.0, "113": 1.0, "114": 1.0, "115": 1.0, "116": 1.0, "117": 1.0, "118": 0.75, "120": 0.5833333333333334, "121": 1.0, "122": 1.0, "123": 1.0, "124": 0.6764705882352942, "125": 1.0, "127": 1.0, "129": 1.0, "131": 1.0, "133": 1.0, "135": 1.0, "136": 0.6666666666666666, "137": 1.0, "138": 1.0, "139": 1.0, "140": 0.9230769230769231, "141": 1.0, "142": 1.0, "143": 0.6875, "144": 1.0, "147": 1.0, "148": 0.53125, "149": 1.0, "150": 1.0, "151": 1.0, "153": 1.0, "154": 1.0, "155": 1.0, "159": 0.9545454545454546, "161": 1.0, "162": 1.0, "163": 1.0, "166": 1.0, "167": 0.6, "168": 0.7857142857142857, "169": 1.0, "173": 0.7777777777777778, "174": 1.0, "175": 1.0, "176": 0.75, "177": 0.8333333333333333, "178": 1.0, "179": 1.0, "180": 1.0, "182": 1.0, "184": 0.5714285714285714, "185": 1.0, "187": 1.0, "190": 1.0, "195": 1.0, "196": 1.0, "198": 0.625, "202": 0.95, "203": 1.0, "205": 0.65625, "207": 1.0, "209": 1.0, "211": 1.0, "212": 1.0, "216": 1.0, "217": 1.0, "219": 1.0, "220": 1.0, "221": 1.0, "222": 1.0, "223": 1.0, "224": 1.0, "226": 1.0, "227": 0.95, "228": 0.9411764705882353, "229": 1.0, "230": 1.0, "231": 1.0, "233": 1.0, "234": 0.5384615384615384, "236": 1.0, "237": 1.0, "238": 0.5833333333333334, "241": 1.0, "243": 1.0, "244": 1.0, "245": 1.0, "246": 1.0, "247": 1.0, "248": 1.0, "252": 1.0, "253": 1.0, "254": 1.0, "256": 1.0, "261": 0.625, "262": 1.0, "263": 1.0, "264": 1.0, "266": 1.0, "267": 1.0, "268": 1.0, "269": 1.0, "270": 1.0, "271": 1.0, "272": 1.0, "273": 0.9583333333333333, "276": 1.0, "277": 1.0, "279": 1.0, "280": 1.0, "281": 1.0, "282": 1.0, "283": 1.0, "284": 1.0, "288": 1.0, "289": 1.0, "290": 1.0, "291": 1.0, "294": 1.0, "295": 1.0, "296": 0.6111111111111112, "298": 1.0, "299": 1.0, "300": 1.0, "301": 1.0, "302": 1.0, "303": 1.0, "304": 1.0, "306": 0.55, "307": 1.0, "308": 0.5333333333333333, "310": 1.0, "311": 1.0, "312": 0.8333333333333333, "313": 1.0, "315": 0.95, "316": 1.0, "318": 1.0}}}