{"10": {"FDR": 0.0, "Power": 0.6, "Temporal_FDR": 0.0, "Temporal_Power": 0.6, "Average_Window_FDR": 0.0, "Average_Window_Power": 0.7860576923076922, "Window_Overlap": {"0": 0.78125, "1": 1.0, "5": 1.0, "6": 0.5769230769230769, "7": 1.0, "9": 1.0}}, "20": {"FDR": 0.0, "Power": 0.7, "Temporal_FDR": 0.0, "Temporal_Power": 0.7, "Average_Window_FDR": 0.0, "Average_Window_Power": 0.8419839089481946, "Window_Overlap": {"0": 0.78125, "1": 1.0, "5": 1.0, "6": 0.5769230769230769, "7": 1.0, "9": 1.0, "10": 1.0, "11": 1.0, "13": 1.0, "14": 0.5357142857142857, "15": 1.0, "16": 1.0, "17": 1.0, "18": 1.0}}, "40": {"FDR": 0.0, "Power": 0.725, "Temporal_FDR": 0.0, "Temporal_Power": 0.7368421052631579, "Average_Window_FDR": 0.0, "Average_Window_Power": 1.0, "Window_Overlap": {"0": 1.0, "1": 1.0, "4": 1.0, "5": 1.0, "6": 1.0, "7": 1.0, "9": 1.0, "10": 1.0, "11": 1.0, "13": 1.0, "14": 1.0, "15": 1.0, "16": 1.0, "17": 1.0, "18": 1.0, "20": 1.0, "21": 1.0, "22": 1.0, "23": 1.0, "25": 1.0, "27": 1.0, "28": 1.0, "29": 1.0, "33": 1.0, "35": 1.0, "37": 1.0, "38": 1.0, "39": 1.0}}, "80": {"FDR": 0.0, "Power": 0.675, "Temporal_FDR": 0.0, "Temporal_Power": 0.6842105263157895, "Average_Window_FDR": 0.0, "Average_Window_Power": 0.9233202905394202, "Window_Overlap": {"0": 0.78125, "1": 1.0, "5": 1.0, "6": 0.5769230769230769, "7": 1.0, "9": 1.0, "10": 1.0, "11": 1.0, "13": 1.0, "14": 0.5357142857142857, "15": 1.0, "16": 1.0, "17": 1.0, "18": 1.0, "20": 1.0, "21": 1.0, "22": 1.0, "23": 1.0, "25": 1.0, "28": 1.0, "29": 0.5714285714285714, "33": 1.0, "35": 1.0, "37": 1.0, "38": 1.0, "39": 1.0, "40": 1.0, "42": 1.0, "46": 1.0, "47": 1.0, "50": 1.0, "51": 1.0, "53": 0.7894736842105263, "54": 1.0, "55": 1.0, "56": 1.0, "58": 1.0, "59": 1.0, "60": 1.0, "62": 1.0, "63": 1.0, "64": 1.0, "65": 1.0, "66": 1.0, "67": 0.9545454545454546, "69": 1.0, "70": 0.9285714285714286, "72": 1.0, "73": 1.0, "75": 1.0, "78": 0.868421052631579, "79": 1.0}}, "160": {"FDR": 0.0, "Power": 0.65625, "Temporal_FDR": 0.0, "Temporal_Power": 0.6535947712418301, "Average_Window_FDR": 0.0, "Average_Window_Power": 0.9503671525842579, "Window_Overlap": {"0": 0.78125, "1": 1.0, "5": 1.0, "6": 0.5769230769230769, "7": 1.0, "9": 1.0, "10": 1.0, "11": 1.0, "13": 1.0, "14": 0.5357142857142857, "15": 1.0, "16": 1.0, "17": 1.0, "18": 1.0, "20": 1.0, "21": 1.0, "22": 1.0, "23": 1.0, "25": 1.0, "28": 1.0, "29": 0.5714285714285714, "33": 1.0, "35": 1.0, "37": 1.0, "38": 1.0, "39": 1.0, "40": 1.0, "42": 1.0, "46": 1.0, "47": 1.0, "50": 1.0, "51": 1.0, "53": 0.8157894736842105, "54": 1.0, "55": 1.0, "56": 1.0, "58": 1.0, "59": 1.0, "60": 1.0, "62": 1.0, "63": 1.0, "64": 1.0, "65": 1.0, "66": 1.0, "67": 0.9545454545454546, "69": 1.0, "70": 0.9642857142857143, "72": 1.0, "73": 1.0, "75": 1.0, "78": 0.868421052631579, "79": 1.0, "80": 1.0, "84": 1.0, "85": 1.0, "88": 1.0, "89": 1.0, "94": 1.0, "95": 1.0, "96": 1.0, "97": 1.0, "99": 1.0, "101": 1.0, "102": 0.7, "103": 1.0, "105": 1.0, "107": 1.0, "108": 1.0, "109": 1.0, "111": 1.0, "112": 1.0, "113": 1.0, "115": 0.75, "116": 1.0, "120": 1.0, "121": 1.0, "122": 1.0, "123": 1.0, "124": 1.0, "125": 1.0, "128": 1.0, "129": 1.0, "130": 1.0, "131": 1.0, "132": 1.0, "133": 1.0, "136": 1.0, "137": 1.0, "139": 1.0, "140": 1.0, "141": 1.0, "142": 1.0, "143": 1.0, "148": 1.0, "149": 1.0, "151": 1.0, "152": 1.0, "153": 1.0, "154": 1.0, "159": 1.0}}, "320": {"FDR": 0.0, "Power": 0.7375, "Temporal_FDR": 0.0, "Temporal_Power": 0.7419354838709677, "Average_Window_FDR": 0.0, "Average_Window_Power": 0.9977272727272727, "Window_Overlap": {"0": 1.0, "1": 1.0, "4": 1.0, "5": 1.0, "6": 1.0, "7": 1.0, "9": 1.0, "10": 0.8636363636363636, "11": 1.0, "13": 1.0, "14": 1.0, "15": 1.0, "16": 1.0, "17": 1.0, "18": 1.0, "20": 1.0, "21": 1.0, "22": 1.0, "23": 1.0, "25": 1.0, "27": 1.0, "28": 1.0, "29": 1.0, "33": 1.0, "35": 1.0, "37": 1.0, "38": 1.0, "39": 1.0, "40": 1.0, "41": 1.0, "42": 1.0, "43": 1.0, "46": 1.0, "47": 1.0, "50": 1.0, "51": 1.0, "53": 1.0, "54": 1.0, "55": 1.0, "56": 1.0, "57": 1.0, "58": 1.0, "59": 1.0, "60": 1.0, "62": 1.0, "63": 1.0, "64": 1.0, "65": 1.0, "66": 1.0, "67": 1.0, "69": 1.0, "70": 1.0, "72": 1.0, "73": 1.0, "74": 1.0, "75": 1.0, "78": 1.0, "79": 1.0, "80": 1.0, "81": 1.0, "82": 1.0, "84": 1.0, "85": 1.0, "88": 1.0, "89": 1.0, "90": 1.0, "94": 1.0, "95": 1.0, "96": 1.0, "97": 1.0, "99": 1.0, "101": 1.0, "102": 1.0, "103": 1.0, "105": 1.0, "106": 1.0, "107": 1.0, "108": 1.0, "109": 1.0, "111": 1.0, "112": 1.0, "113": 1.0, "115": 1.0, "116": 1.0, "120": 1.0, "121": 1.0, "122": 1.0, "123": 1.0, "124": 1.0, "125": 1.0, "128": 1.0, "129": 1.0, "130": 1.0, "131": 1.0, "132": 1.0, "133": 1.0, "135": 1.0, "136": 1.0, "137": 1.0, "138": 1.0, "139": 1.0, "140": 1.0, "141": 1.0, "142": 1.0, "143": 1.0, "145": 1.0, "148": 1.0, "149": 1.0, "151": 1.0, "152": 1.0, "153": 1.0, "154": 1.0, "159": 1.0, "160": 0.875, "162": 1.0, "163": 1.0, "164": 1.0, "165": 1.0, "166": 1.0, "167": 1.0, "168": 1.0, "169": 1.0, "170": 1.0, "171": 1.0, "172": 1.0, "174": 1.0, "175": 1.0, "176": 1.0, "177": 1.0, "178": 1.0, "179": 1.0, "180": 1.0, "181": 1.0, "183": 1.0, "184": 1.0, "185": 1.0, "186": 1.0, "187": 1.0, "189": 1.0, "190": 1.0, "191": 1.0, "192": 1.0, "193": 1.0, "194": 1.0, "195": 1.0, "196": 1.0, "197": 1.0, "198": 1.0, "202": 1.0, "204": 1.0, "206": 1.0, "207": 1.0, "210": 1.0, "211": 1.0, "212": 1.0, "214": 1.0, "215": 1.0, "217": 1.0, "218": 1.0, "219": 1.0, "221": 1.0, "222": 1.0, "223": 1.0, "225": 1.0, "226": 1.0, "227": 1.0, "228": 1.0, "229": 1.0, "230": 1.0, "232": 1.0, "233": 1.0, "234": 1.0, "235": 1.0, "238": 1.0, "241": 1.0, "243": 1.0, "244": 1.0, "245": 1.0, "246": 1.0, "247": 1.0, "248": 1.0, "249": 1.0, "250": 1.0, "251": 1.0, "252": 1.0, "256": 1.0, "257": 1.0, "258": 1.0, "259": 1.0, "260": 1.0, "261": 1.0, "265": 1.0, "266": 1.0, "267": 1.0, "268": 1.0, "269": 1.0, "270": 1.0, "272": 1.0, "273": 1.0, "275": 1.0, "277": 1.0, "280": 1.0, "281": 1.0, "282": 1.0, "283": 1.0, "284": 1.0, "285": 1.0, "286": 1.0, "287": 1.0, "288": 1.0, "289": 1.0, "290": 1.0, "291": 1.0, "293": 1.0, "294": 1.0, "297": 1.0, "299": 1.0, "300": 1.0, "301": 1.0, "302": 1.0, "304": 1.0, "305": 1.0, "306": 1.0, "307": 1.0, "310": 1.0, "313": 1.0, "314": 1.0, "315": 1.0, "317": 1.0, "319": 1.0}}}