{"10": {"FDR": 0.0, "Power": 0.7, "Temporal_FDR": 0.0, "Temporal_Power": 0.7777777777777778, "Average_Window_FDR": 0.0, "Average_Window_Power": 0.8877551020408163, "Window_Overlap": {"0": 1.0, "1": 0.75, "2": 1.0, "4": 1.0, "5": 1.0, "7": 0.8571428571428572, "8": 1.0}}, "20": {"FDR": 0.0, "Power": 0.6, "Temporal_FDR": 0.0, "Temporal_Power": 0.6, "Average_Window_FDR": 0.0, "Average_Window_Power": 0.9444444444444443, "Window_Overlap": {"0": 1.0, "1": 0.8333333333333333, "2": 1.0, "4": 1.0, "5": 1.0, "8": 1.0}}, "40": {"FDR": 0.0, "Power": 0.6, "Temporal_FDR": 0.0, "Temporal_Power": 0.6, "Average_Window_FDR": 0.0, "Average_Window_Power": 0.9, "Window_Overlap": {"0": 1.0, "1": 0.7, "2": 1.0, "4": 1.0, "5": 1.0, "8": 1.0}}, "80": {"FDR": 0.0, "Power": 0.6, "Temporal_FDR": 0.0, "Temporal_Power": 0.6, "Average_Window_FDR": 0.0, "Average_Window_Power": 0.8888888888888888, "Window_Overlap": {"0": 1.0, "1": 0.6666666666666666, "2": 1.0, "4": 1.0, "5": 1.0, "8": 1.0}}, "160": {"FDR": 0.0, "Power": 0.6, "Temporal_FDR": 0.0, "Temporal_Power": 0.6, "Average_Window_FDR": 0.0, "Average_Window_Power": 0.8627450980392157, "Window_Overlap": {"0": 1.0, "1": 0.5882352941176471, "2": 1.0, "4": 1.0, "5": 1.0, "8": 1.0}}, "320": {"FDR": 0.0, "Power": 0.6, "Temporal_FDR": 0.0, "Temporal_Power": 0.6, "Average_Window_FDR": 0.0, "Average_Window_Power": 0.859375, "Window_Overlap": {"0": 1.0, "1": 0.578125, "2": 1.0, "4": 1.0, "5": 1.0, "8": 1.0}}}