{"10": {"FDR": 0.0, "Power": 0.7, "Temporal_FDR": 0.0, "Temporal_Power": 0.6666666666666666, "Average_Window_FDR": 0.0, "Average_Window_Power": 0.9791666666666666, "Window_Overlap": {"1": 1.0, "2": 1.0, "4": 1.0, "5": 1.0, "7": 1.0, "8": 0.9375}}, "20": {"FDR": 0.0, "Power": 0.75, "Temporal_FDR": 0.0, "Temporal_Power": 0.7368421052631579, "Average_Window_FDR": 0.0, "Average_Window_Power": 1.0, "Window_Overlap": {"1": 1.0, "2": 1.0, "4": 1.0, "5": 1.0, "7": 1.0, "8": 1.0, "11": 1.0, "12": 1.0, "13": 1.0, "14": 1.0, "15": 1.0, "16": 1.0, "18": 1.0, "19": 1.0}}, "40": {"FDR": 0.0, "Power": 0.75, "Temporal_FDR": 0.0, "Temporal_Power": 0.7435897435897436, "Average_Window_FDR": 0.0, "Average_Window_Power": 1.0, "Window_Overlap": {"1": 1.0, "2": 1.0, "4": 1.0, "5": 1.0, "7": 1.0, "8": 1.0, "11": 1.0, "12": 1.0, "13": 1.0, "14": 1.0, "15": 1.0, "16": 1.0, "18": 1.0, "19": 1.0, "21": 1.0, "24": 1.0, "25": 1.0, "26": 1.0, "27": 1.0, "28": 1.0, "30": 1.0, "31": 1.0, "32": 1.0, "33": 1.0, "34": 1.0, "35": 1.0, "36": 1.0, "38": 1.0, "39": 1.0}}, "80": {"FDR": 0.0, "Power": 0.7875, "Temporal_FDR": 0.0, "Temporal_Power": 0.7922077922077922, "Average_Window_FDR": 0.0, "Average_Window_Power": 1.0, "Window_Overlap": {"1": 1.0, "2": 1.0, "4": 1.0, "5": 1.0, "7": 1.0, "8": 1.0, "11": 1.0, "12": 1.0, "13": 1.0, "14": 1.0, "15": 1.0, "16": 1.0, "18": 1.0, "19": 1.0, "21": 1.0, "24": 1.0, "25": 1.0, "26": 1.0, "27": 1.0, "28": 1.0, "30": 1.0, "31": 1.0, "32": 1.0, "33": 1.0, "34": 1.0, "35": 1.0, "36": 1.0, "38": 1.0, "39": 1.0, "40": 1.0, "42": 1.0, "44": 1.0, "45": 1.0, "46": 1.0, "47": 1.0, "48": 1.0, "50": 1.0, "51": 1.0, "52": 1.0, "53": 1.0, "54": 1.0, "56": 1.0, "57": 1.0, "58": 1.0, "63": 1.0, "64": 1.0, "65": 1.0, "66": 1.0, "67": 1.0, "68": 1.0, "69": 1.0, "70": 1.0, "71": 1.0, "72": 1.0, "73": 1.0, "74": 1.0, "75": 1.0, "76": 1.0, "77": 1.0, "78": 1.0, "79": 1.0}}, "160": {"FDR": 0.0, "Power": 0.6625, "Temporal_FDR": 0.0, "Temporal_Power": 0.6538461538461539, "Average_Window_FDR": 0.0, "Average_Window_Power": 0.9336697344050284, "Window_Overlap": {"1": 1.0, "2": 1.0, "4": 1.0, "5": 1.0, "7": 1.0, "8": 0.9375, "11": 1.0, "13": 1.0, "14": 1.0, "15": 1.0, "16": 1.0, "18": 1.0, "19": 1.0, "21": 1.0, "25": 1.0, "26": 1.0, "31": 0.6666666666666666, "32": 1.0, "33": 1.0, "34": 1.0, "35": 1.0, "36": 1.0, "39": 0.8888888888888888, "40": 0.7727272727272727, "42": 1.0, "44": 1.0, "45": 1.0, "46": 1.0, "47": 1.0, "48": 1.0, "50": 1.0, "52": 1.0, "53": 0.8333333333333333, "54": 1.0, "56": 0.8333333333333333, "57": 1.0, "58": 1.0, "63": 1.0, "64": 1.0, "65": 1.0, "66": 1.0, "67": 0.7857142857142857, "68": 0.5666666666666667, "69": 1.0, "70": 1.0, "71": 1.0, "73": 1.0, "74": 1.0, "75": 1.0, "76": 1.0, "77": 1.0, "79": 1.0, "80": 1.0, "81": 1.0, "82": 1.0, "84": 1.0, "85": 1.0, "88": 1.0, "89": 1.0, "90": 0.9583333333333333, "94": 1.0, "95": 1.0, "97": 1.0, "99": 1.0, "100": 0.8333333333333333, "104": 1.0, "107": 1.0, "108": 1.0, "110": 1.0, "111": 1.0, "112": 1.0, "115": 1.0, "116": 1.0, "117": 0.75, "118": 1.0, "119": 0.9166666666666667, "120": 1.0, "121": 0.7692307692307692, "122": 0.7, "124": 1.0, "125": 1.0, "126": 1.0, "127": 1.0, "128": 1.0, "129": 1.0, "132": 1.0, "136": 1.0, "137": 0.8333333333333333, "142": 1.0, "143": 1.0, "145": 1.0, "146": 1.0, "147": 1.0, "148": 1.0, "149": 1.0, "150": 1.0, "151": 1.0, "154": 1.0, "155": 0.5714285714285714, "156": 1.0, "157": 1.0, "158": 1.0}}, "320": {"FDR": 0.0, "Power": 0.690625, "Temporal_FDR": 0.0, "Temporal_Power": 0.6815286624203821, "Average_Window_FDR": 0.0, "Average_Window_Power": 0.9084118774298818, "Window_Overlap": {"1": 1.0, "2": 1.0, "4": 1.0, "5": 1.0, "7": 1.0, "8": 0.96875, "11": 1.0, "13": 1.0, "14": 1.0, "15": 1.0, "16": 1.0, "18": 1.0, "19": 1.0, "21": 1.0, "25": 1.0, "26": 1.0, "31": 0.6666666666666666, "32": 1.0, "33": 1.0, "34": 1.0, "35": 1.0, "36": 1.0, "39": 0.8888888888888888, "40": 0.7727272727272727, "42": 1.0, "44": 1.0, "45": 1.0, "46": 1.0, "47": 1.0, "48": 1.0, "50": 1.0, "52": 1.0, "53": 0.8333333333333333, "54": 1.0, "56": 0.8333333333333333, "57": 1.0, "58": 1.0, "63": 1.0, "64": 1.0, "65": 1.0, "66": 1.0, "67": 0.7857142857142857, "68": 0.5666666666666667, "69": 1.0, "70": 1.0, "71": 1.0, "73": 1.0, "74": 1.0, "75": 1.0, "76": 1.0, "77": 1.0, "79": 1.0, "80": 1.0, "81": 1.0, "82": 1.0, "84": 1.0, "85": 1.0, "88": 1.0, "89": 1.0, "90": 0.9583333333333333, "94": 1.0, "95": 1.0, "97": 1.0, "99": 1.0, "100": 0.8333333333333333, "101": 1.0, "104": 1.0, "107": 1.0, "108": 1.0, "110": 1.0, "111": 1.0, "112": 1.0, "115": 1.0, "116": 1.0, "117": 0.75, "118": 1.0, "119": 0.9166666666666667, "120": 1.0, "121": 0.8076923076923077, "122": 0.7, "124": 1.0, "125": 1.0, "126": 1.0, "127": 1.0, "128": 1.0, "129": 1.0, "132": 1.0, "136": 1.0, "137": 0.8333333333333333, "142": 1.0, "143": 1.0, "145": 1.0, "146": 1.0, "147": 1.0, "148": 1.0, "149": 1.0, "150": 1.0, "151": 1.0, "154": 1.0, "155": 0.5714285714285714, "156": 1.0, "157": 1.0, "158": 1.0, "160": 1.0, "164": 1.0, "166": 1.0, "168": 0.6666666666666666, "169": 1.0, "170": 1.0, "172": 0.5277777777777778, "173": 0.5625, "175": 1.0, "176": 1.0, "178": 1.0, "179": 0.5769230769230769, "182": 0.6, "183": 1.0, "185": 1.0, "187": 1.0, "188": 1.0, "189": 1.0, "190": 1.0, "192": 1.0, "193": 1.0, "194": 1.0, "195": 1.0, "196": 1.0, "197": 1.0, "199": 0.9583333333333333, "200": 1.0, "201": 1.0, "202": 1.0, "205": 1.0, "207": 0.9545454545454546, "208": 1.0, "210": 0.9166666666666667, "212": 1.0, "213": 1.0, "215": 1.0, "217": 0.8571428571428572, "218": 0.5666666666666667, "220": 1.0, "221": 0.7222222222222222, "222": 0.9411764705882353, "223": 1.0, "224": 1.0, "225": 1.0, "227": 0.9583333333333333, "228": 0.5357142857142857, "229": 0.8333333333333333, "230": 1.0, "231": 1.0, "233": 1.0, "234": 1.0, "236": 1.0, "239": 1.0, "242": 1.0, "243": 1.0, "244": 0.625, "245": 1.0, "246": 1.0, "247": 1.0, "248": 1.0, "250": 1.0, "251": 1.0, "252": 1.0, "254": 1.0, "255": 1.0, "258": 1.0, "259": 1.0, "261": 1.0, "262": 1.0, "263": 1.0, "264": 1.0, "266": 1.0, "269": 1.0, "270": 1.0, "271": 1.0, "272": 1.0, "273": 1.0, "274": 1.0, "275": 0.5588235294117647, "276": 0.6111111111111112, "278": 1.0, "280": 1.0, "281": 1.0, "282": 1.0, "283": 1.0, "284": 1.0, "285": 1.0, "287": 1.0, "288": 1.0, "289": 1.0, "290": 1.0, "292": 0.7083333333333334, "293": 1.0, "295": 1.0, "296": 1.0, "297": 1.0, "298": 1.0, "299": 1.0, "301": 1.0, "305": 1.0, "306": 1.0, "307": 1.0, "310": 0.6428571428571428, "311": 1.0, "312": 1.0, "313": 1.0, "314": 1.0, "315": 0.6176470588235294, "316": 0.5714285714285714, "318": 1.0, "319": 1.0}}}