{"10": {"FDR": 0.0, "Power": 0.8, "Temporal_FDR": 0.0, "Temporal_Power": 0.8, "Average_Window_FDR": 0.0, "Average_Window_Power": 1.0, "Window_Overlap": {"1": 1.0, "2": 1.0, "4": 1.0, "5": 1.0, "6": 1.0, "7": 1.0, "8": 1.0, "9": 1.0}}, "20": {"FDR": 0.0, "Power": 0.7, "Temporal_FDR": 0.0, "Temporal_Power": 0.7, "Average_Window_FDR": 0.0, "Average_Window_Power": 0.8385075242218099, "Window_Overlap": {"4": 0.8333333333333333, "5": 1.0, "6": 0.8666666666666667, "7": 1.0, "8": 1.0, "10": 0.6111111111111112, "11": 0.7857142857142857, "12": 1.0, "13": 1.0, "14": 1.0, "15": 0.7727272727272727, "16": 1.0, "18": 1.0, "19": 1.0}}, "40": {"FDR": 0.0, "Power": 0.75, "Temporal_FDR": 0.0, "Temporal_Power": 0.75, "Average_Window_FDR": 0.0, "Average_Window_Power": 0.9254449254449253, "Window_Overlap": {"4": 0.8333333333333333, "5": 1.0, "6": 0.9, "7": 1.0, "8": 1.0, "10": 0.6111111111111112, "11": 0.7857142857142857, "12": 1.0, "13": 1.0, "14": 1.0, "15": 0.8181818181818181, "16": 1.0, "18": 1.0, "19": 1.0, "20": 1.0, "21": 1.0, "22": 1.0, "23": 1.0, "25": 1.0, "27": 1.0, "28": 0.9333333333333333, "29": 1.0, "30": 1.0, "31": 1.0, "32": 1.0, "33": 1.0, "34": 1.0, "35": 1.0, "36": 1.0, "39": 1.0}}, "80": {"FDR": 0.0, "Power": 0.775, "Temporal_FDR": 0.0, "Temporal_Power": 0.7848101265822784, "Average_Window_FDR": 0.0, "Average_Window_Power": 1.0, "Window_Overlap": {"1": 1.0, "2": 1.0, "4": 1.0, "5": 1.0, "6": 1.0, "7": 1.0, "8": 1.0, "9": 1.0, "10": 1.0, "11": 1.0, "12": 1.0, "14": 1.0, "15": 1.0, "16": 1.0, "17": 1.0, "18": 1.0, "19": 1.0, "20": 1.0, "21": 1.0, "22": 1.0, "23": 1.0, "25": 1.0, "27": 1.0, "28": 1.0, "29": 1.0, "30": 1.0, "31": 1.0, "32": 1.0, "33": 1.0, "34": 1.0, "35": 1.0, "36": 1.0, "39": 1.0, "40": 1.0, "42": 1.0, "43": 1.0, "44": 1.0, "46": 1.0, "49": 1.0, "50": 1.0, "52": 1.0, "55": 1.0, "56": 1.0, "57": 1.0, "58": 1.0, "59": 1.0, "61": 1.0, "62": 1.0, "63": 1.0, "64": 1.0, "67": 1.0, "68": 1.0, "69": 1.0, "70": 1.0, "71": 1.0, "73": 1.0, "74": 1.0, "75": 1.0, "76": 1.0, "77": 1.0, "78": 1.0, "79": 1.0}}, "160": {"FDR": 0.0, "Power": 0.7125, "Temporal_FDR": 0.0, "Temporal_Power": 0.7070063694267515, "Average_Window_FDR": 0.0, "Average_Window_Power": 0.9002853877853878, "Window_Overlap": {"4": 0.8611111111111112, "5": 1.0, "6": 0.9333333333333333, "7": 1.0, "8": 1.0, "10": 0.6111111111111112, "11": 0.7857142857142857, "12": 1.0, "13": 1.0, "14": 1.0, "15": 0.7727272727272727, "16": 1.0, "18": 1.0, "19": 1.0, "20": 1.0, "21": 1.0, "22": 1.0, "23": 1.0, "25": 1.0, "27": 1.0, "28": 1.0, "29": 1.0, "30": 1.0, "31": 1.0, "32": 1.0, "33": 1.0, "34": 1.0, "35": 1.0, "36": 1.0, "39": 1.0, "40": 1.0, "42": 1.0, "43": 0.625, "46": 1.0, "49": 1.0, "50": 1.0, "52": 1.0, "55": 1.0, "56": 1.0, "57": 1.0, "59": 1.0, "61": 0.5454545454545454, "62": 1.0, "63": 1.0, "64": 1.0, "67": 1.0, "68": 1.0, "69": 1.0, "70": 1.0, "71": 0.5555555555555556, "73": 0.96875, "74": 1.0, "75": 0.5416666666666666, "76": 1.0, "77": 1.0, "78": 1.0, "79": 1.0, "83": 1.0, "84": 1.0, "86": 1.0, "88": 1.0, "89": 1.0, "90": 1.0, "91": 1.0, "92": 1.0, "93": 1.0, "94": 1.0, "95": 1.0, "98": 1.0, "100": 1.0, "101": 1.0, "102": 0.5384615384615384, "103": 1.0, "104": 1.0, "105": 1.0, "106": 0.5277777777777778, "108": 1.0, "109": 1.0, "111": 0.7857142857142857, "115": 1.0, "117": 1.0, "118": 1.0, "120": 1.0, "121": 1.0, "122": 1.0, "124": 0.5625, "125": 1.0, "127": 1.0, "128": 1.0, "129": 1.0, "130": 1.0, "131": 0.5384615384615384, "132": 1.0, "135": 1.0, "137": 1.0, "138": 1.0, "140": 1.0, "142": 0.75, "143": 1.0, "144": 1.0, "145": 1.0, "146": 1.0, "147": 1.0, "148": 1.0, "151": 1.0, "152": 1.0, "153": 0.5625, "154": 1.0, "156": 1.0, "157": 1.0, "158": 1.0}}, "320": {"FDR": 0.0, "Power": 0.69375, "Temporal_FDR": 0.0, "Temporal_Power": 0.684887459807074, "Average_Window_FDR": 0.0, "Average_Window_Power": 0.9035029915311605, "Window_Overlap": {"4": 0.8611111111111112, "5": 1.0, "6": 0.9, "7": 1.0, "8": 1.0, "10": 0.6111111111111112, "11": 0.7857142857142857, "12": 1.0, "13": 1.0, "14": 1.0, "15": 0.8181818181818181, "16": 1.0, "18": 1.0, "19": 1.0, "20": 1.0, "21": 1.0, "22": 1.0, "23": 1.0, "25": 1.0, "27": 1.0, "28": 0.9, "29": 1.0, "30": 1.0, "31": 1.0, "32": 1.0, "33": 1.0, "34": 1.0, "35": 1.0, "36": 1.0, "39": 1.0, "40": 1.0, "42": 0.9583333333333333, "43": 0.625, "44": 0.75, "46": 1.0, "49": 1.0, "50": 1.0, "52": 1.0, "55": 1.0, "57": 1.0, "58": 0.5714285714285714, "59": 1.0, "61": 0.5454545454545454, "62": 1.0, "63": 1.0, "64": 1.0, "67": 1.0, "68": 1.0, "69": 1.0, "70": 1.0, "71": 0.5555555555555556, "73": 0.96875, "74": 1.0, "75": 0.5416666666666666, "76": 1.0, "77": 1.0, "78": 1.0, "79": 1.0, "83": 1.0, "84": 1.0, "86": 1.0, "88": 1.0, "89": 1.0, "90": 1.0, "91": 1.0, "92": 1.0, "93": 1.0, "94": 1.0, "95": 1.0, "98": 1.0, "100": 1.0, "101": 1.0, "102": 0.5384615384615384, "103": 1.0, "104": 1.0, "105": 1.0, "106": 0.5277777777777778, "108": 1.0, "109": 1.0, "111": 0.7142857142857143, "115": 1.0, "117": 1.0, "118": 1.0, "120": 1.0, "121": 1.0, "122": 1.0, "124": 0.5625, "125": 1.0, "127": 1.0, "128": 1.0, "129": 1.0, "130": 1.0, "131": 0.5384615384615384, "132": 1.0, "135": 1.0, "137": 1.0, "138": 1.0, "140": 1.0, "142": 0.75, "143": 1.0, "144": 1.0, "145": 1.0, "146": 1.0, "147": 1.0, "148": 1.0, "151": 1.0, "152": 1.0, "153": 0.5625, "154": 1.0, "156": 1.0, "157": 1.0, "158": 1.0, "160": 1.0, "161": 1.0, "162": 1.0, "164": 1.0, "165": 1.0, "168": 1.0, "169": 1.0, "170": 0.55, "171": 1.0, "172": 1.0, "173": 1.0, "174": 1.0, "176": 0.7916666666666667, "178": 1.0, "182": 1.0, "183": 0.5555555555555556, "186": 1.0, "187": 1.0, "188": 1.0, "193": 1.0, "194": 1.0, "196": 1.0, "197": 1.0, "199": 1.0, "201": 1.0, "202": 1.0, "205": 1.0, "209": 1.0, "211": 0.8, "212": 1.0, "213": 1.0, "216": 1.0, "218": 1.0, "219": 1.0, "220": 1.0, "222": 1.0, "223": 1.0, "225": 1.0, "226": 0.9722222222222222, "227": 1.0, "228": 1.0, "230": 1.0, "231": 1.0, "232": 0.6, "233": 1.0, "234": 1.0, "235": 1.0, "239": 0.75, "241": 1.0, "242": 1.0, "244": 1.0, "247": 1.0, "249": 1.0, "250": 0.53125, "255": 1.0, "256": 1.0, "257": 1.0, "258": 1.0, "259": 0.9642857142857143, "260": 1.0, "261": 1.0, "262": 1.0, "263": 1.0, "264": 1.0, "266": 1.0, "267": 1.0, "269": 1.0, "270": 1.0, "271": 1.0, "272": 1.0, "273": 0.875, "274": 1.0, "275": 1.0, "278": 0.5833333333333334, "279": 1.0, "281": 1.0, "282": 0.625, "283": 1.0, "284": 1.0, "285": 1.0, "286": 1.0, "287": 1.0, "288": 1.0, "291": 1.0, "293": 1.0, "294": 0.5384615384615384, "295": 1.0, "298": 1.0, "299": 1.0, "300": 1.0, "302": 1.0, "303": 1.0, "304": 1.0, "305": 1.0, "307": 1.0, "308": 1.0, "310": 1.0, "311": 1.0, "312": 1.0, "313": 1.0, "315": 1.0}}}