{"10": {"FDR": 0.0, "Power": 0.9, "Temporal_FDR": 0.0, "Temporal_Power": 0.9, "Average_Window_FDR": 0.0, "Average_Window_Power": 1.0, "Window_Overlap": {"0": 1.0, "1": 1.0, "3": 1.0, "4": 1.0, "5": 1.0, "6": 1.0, "7": 1.0, "8": 1.0, "9": 1.0}}, "20": {"FDR": 0.0, "Power": 0.65, "Temporal_FDR": 0.0, "Temporal_Power": 0.65, "Average_Window_FDR": 0.0, "Average_Window_Power": 1.0, "Window_Overlap": {"0": 1.0, "1": 1.0, "3": 1.0, "4": 1.0, "5": 1.0, "6": 1.0, "7": 1.0, "8": 1.0, "9": 1.0, "11": 1.0, "12": 1.0, "13": 1.0, "14": 1.0}}, "40": {"FDR": 0.0, "Power": 0.625, "Temporal_FDR": 0.0, "Temporal_Power": 0.6052631578947368, "Average_Window_FDR": 0.0, "Average_Window_Power": 1.0, "Window_Overlap": {"0": 1.0, "1": 1.0, "3": 1.0, "4": 1.0, "5": 1.0, "6": 1.0, "7": 1.0, "8": 1.0, "9": 1.0, "11": 1.0, "12": 1.0, "13": 1.0, "14": 1.0, "20": 1.0, "22": 1.0, "23": 1.0, "24": 1.0, "25": 1.0, "26": 1.0, "27": 1.0, "36": 1.0, "38": 1.0, "39": 1.0}}, "80": {"FDR": 0.0, "Power": 0.7125, "Temporal_FDR": 0.0, "Temporal_Power": 0.7051282051282052, "Average_Window_FDR": 0.0, "Average_Window_Power": 1.0, "Window_Overlap": {"0": 1.0, "1": 1.0, "3": 1.0, "4": 1.0, "5": 1.0, "6": 1.0, "7": 1.0, "8": 1.0, "9": 1.0, "11": 1.0, "12": 1.0, "13": 1.0, "14": 1.0, "20": 1.0, "22": 1.0, "23": 1.0, "24": 1.0, "25": 1.0, "26": 1.0, "27": 1.0, "36": 1.0, "38": 1.0, "39": 1.0, "41": 1.0, "42": 1.0, "43": 1.0, "44": 1.0, "46": 1.0, "49": 1.0, "50": 1.0, "51": 1.0, "52": 1.0, "54": 1.0, "55": 1.0, "56": 1.0, "57": 1.0, "58": 1.0, "59": 1.0, "60": 1.0, "61": 1.0, "62": 1.0, "63": 1.0, "65": 1.0, "66": 1.0, "67": 1.0, "68": 1.0, "69": 1.0, "72": 1.0, "73": 1.0, "74": 1.0, "75": 1.0, "76": 1.0, "77": 1.0, "78": 1.0, "79": 1.0}}, "160": {"FDR": 0.0, "Power": 0.6875, "Temporal_FDR": 0.0, "Temporal_Power": 0.6794871794871795, "Average_Window_FDR": 0.0, "Average_Window_Power": 1.0, "Window_Overlap": {"0": 1.0, "1": 1.0, "3": 1.0, "4": 1.0, "5": 1.0, "6": 1.0, "7": 1.0, "8": 1.0, "9": 1.0, "11": 1.0, "12": 1.0, "13": 1.0, "14": 1.0, "20": 1.0, "22": 1.0, "23": 1.0, "24": 1.0, "25": 1.0, "26": 1.0, "27": 1.0, "36": 1.0, "38": 1.0, "39": 1.0, "41": 1.0, "42": 1.0, "43": 1.0, "44": 1.0, "46": 1.0, "49": 1.0, "50": 1.0, "51": 1.0, "52": 1.0, "54": 1.0, "55": 1.0, "56": 1.0, "57": 1.0, "58": 1.0, "59": 1.0, "60": 1.0, "61": 1.0, "62": 1.0, "63": 1.0, "65": 1.0, "66": 1.0, "67": 1.0, "68": 1.0, "69": 1.0, "72": 1.0, "73": 1.0, "74": 1.0, "75": 1.0, "76": 1.0, "77": 1.0, "78": 1.0, "79": 1.0, "80": 1.0, "81": 1.0, "82": 1.0, "87": 1.0, "88": 1.0, "89": 1.0, "92": 1.0, "93": 1.0, "96": 1.0, "97": 1.0, "99": 1.0, "101": 1.0, "103": 1.0, "106": 1.0, "110": 1.0, "111": 1.0, "113": 1.0, "114": 1.0, "115": 1.0, "116": 1.0, "117": 1.0, "118": 1.0, "119": 1.0, "120": 1.0, "121": 1.0, "122": 1.0, "124": 1.0, "128": 1.0, "133": 1.0, "134": 1.0, "135": 1.0, "136": 1.0, "137": 1.0, "138": 1.0, "140": 1.0, "141": 1.0, "142": 1.0, "143": 1.0, "144": 1.0, "145": 1.0, "146": 1.0, "147": 1.0, "149": 1.0, "150": 1.0, "151": 1.0, "152": 1.0, "153": 1.0, "154": 1.0, "155": 1.0, "156": 1.0, "158": 1.0}}, "320": {"FDR": 0.0, "Power": 0.60625, "Temporal_FDR": 0.0, "Temporal_Power": 0.6019417475728155, "Average_Window_FDR": 0.0, "Average_Window_Power": 0.8767831967459951, "Window_Overlap": {"0": 1.0, "1": 1.0, "5": 1.0, "7": 1.0, "9": 0.6666666666666666, "12": 1.0, "13": 1.0, "14": 1.0, "20": 1.0, "22": 0.8333333333333333, "23": 0.625, "24": 1.0, "25": 0.5277777777777778, "26": 1.0, "27": 1.0, "36": 0.5333333333333333, "38": 1.0, "39": 1.0, "41": 1.0, "42": 1.0, "43": 1.0, "44": 1.0, "49": 1.0, "50": 1.0, "51": 1.0, "54": 1.0, "55": 0.7857142857142857, "56": 0.6666666666666666, "58": 1.0, "59": 0.8571428571428572, "60": 0.9285714285714286, "61": 0.7857142857142857, "62": 1.0, "63": 1.0, "65": 1.0, "66": 1.0, "68": 1.0, "69": 1.0, "74": 1.0, "75": 1.0, "76": 0.7272727272727273, "77": 1.0, "78": 1.0, "80": 0.75, "81": 1.0, "82": 0.9333333333333333, "87": 1.0, "88": 1.0, "89": 1.0, "92": 1.0, "96": 1.0, "97": 1.0, "99": 1.0, "101": 0.9722222222222222, "103": 1.0, "106": 1.0, "110": 1.0, "111": 1.0, "113": 1.0, "114": 1.0, "115": 1.0, "116": 0.5454545454545454, "117": 1.0, "118": 1.0, "119": 1.0, "120": 1.0, "122": 1.0, "124": 0.6428571428571428, "128": 1.0, "134": 1.0, "135": 1.0, "136": 1.0, "137": 1.0, "138": 1.0, "140": 0.8333333333333333, "141": 1.0, "142": 0.9642857142857143, "143": 1.0, "145": 1.0, "146": 1.0, "149": 1.0, "150": 1.0, "151": 1.0, "152": 1.0, "154": 0.5416666666666666, "155": 1.0, "156": 1.0, "158": 0.8333333333333333, "160": 1.0, "162": 1.0, "163": 0.65, "164": 0.5882352941176471, "166": 1.0, "167": 1.0, "168": 0.875, "169": 1.0, "170": 1.0, "171": 1.0, "172": 0.8, "174": 1.0, "176": 1.0, "178": 1.0, "180": 1.0, "181": 1.0, "184": 1.0, "185": 1.0, "187": 1.0, "188": 1.0, "189": 1.0, "190": 1.0, "191": 1.0, "192": 1.0, "193": 1.0, "195": 0.6428571428571428, "196": 1.0, "198": 1.0, "199": 1.0, "200": 1.0, "201": 0.55, "202": 1.0, "203": 1.0, "204": 1.0, "207": 1.0, "208": 1.0, "209": 1.0, "210": 1.0, "211": 1.0, "212": 0.625, "214": 0.5384615384615384, "215": 0.75, "218": 1.0, "219": 0.55, "220": 1.0, "221": 1.0, "222": 1.0, "224": 1.0, "225": 1.0, "226": 1.0, "227": 1.0, "229": 0.5263157894736842, "233": 1.0, "234": 1.0, "236": 1.0, "237": 1.0, "240": 0.6, "244": 1.0, "247": 1.0, "254": 1.0, "256": 1.0, "257": 1.0, "259": 1.0, "260": 1.0, "261": 1.0, "262": 1.0, "263": 1.0, "267": 1.0, "269": 1.0, "270": 1.0, "271": 1.0, "272": 1.0, "273": 1.0, "275": 1.0, "276": 0.5454545454545454, "277": 1.0, "282": 1.0, "285": 0.6666666666666666, "286": 1.0, "287": 1.0, "289": 1.0, "290": 0.75, "291": 1.0, "292": 0.6, "293": 1.0, "296": 0.5416666666666666, "298": 0.9375, "299": 1.0, "300": 1.0, "302": 1.0, "303": 1.0, "307": 1.0, "308": 1.0, "311": 1.0, "312": 1.0, "314": 0.9, "317": 1.0, "319": 0.95}}}