{"10": {"FDR": 0.0, "Power": 0.9, "Temporal_FDR": 0.0, "Temporal_Power": 0.9, "Average_Window_FDR": 0.0, "Average_Window_Power": 1.0, "Window_Overlap": {"0": 1.0, "1": 1.0, "2": 1.0, "3": 1.0, "4": 1.0, "5": 1.0, "6": 1.0, "8": 1.0, "9": 1.0}}, "20": {"FDR": 0.0, "Power": 0.75, "Temporal_FDR": 0.0, "Temporal_Power": 0.75, "Average_Window_FDR": 0.0, "Average_Window_Power": 0.8908730158730159, "Window_Overlap": {"1": 0.5625, "2": 1.0, "3": 1.0, "4": 1.0, "5": 1.0, "8": 1.0, "9": 1.0, "10": 1.0, "11": 0.8333333333333333, "12": 1.0, "15": 1.0, "16": 1.0, "17": 1.0, "18": 1.0, "19": 0.7857142857142857}}, "40": {"FDR": 0.0, "Power": 0.85, "Temporal_FDR": 0.0, "Temporal_Power": 0.8461538461538461, "Average_Window_FDR": 0.0, "Average_Window_Power": 1.0, "Window_Overlap": {"0": 1.0, "1": 1.0, "2": 1.0, "3": 1.0, "4": 1.0, "5": 1.0, "6": 1.0, "8": 1.0, "9": 1.0, "10": 1.0, "11": 1.0, "12": 1.0, "14": 1.0, "15": 1.0, "16": 1.0, "17": 1.0, "18": 1.0, "19": 1.0, "20": 1.0, "22": 1.0, "23": 1.0, "24": 1.0, "25": 1.0, "27": 1.0, "28": 1.0, "31": 1.0, "32": 1.0, "33": 1.0, "34": 1.0, "35": 1.0, "37": 1.0, "38": 1.0, "39": 1.0}}, "80": {"FDR": 0.0, "Power": 0.7375, "Temporal_FDR": 0.0, "Temporal_Power": 0.7307692307692307, "Average_Window_FDR": 0.0, "Average_Window_Power": 0.9226984946025193, "Window_Overlap": {"1": 0.5625, "2": 1.0, "3": 1.0, "4": 1.0, "5": 1.0, "8": 1.0, "9": 1.0, "10": 1.0, "11": 0.8333333333333333, "12": 1.0, "15": 1.0, "16": 1.0, "17": 1.0, "18": 1.0, "19": 0.7857142857142857, "20": 1.0, "22": 1.0, "23": 1.0, "24": 1.0, "25": 1.0, "27": 0.5277777777777778, "28": 1.0, "31": 0.8, "32": 1.0, "33": 1.0, "34": 1.0, "35": 1.0, "37": 1.0, "38": 1.0, "39": 1.0, "40": 1.0, "41": 0.6764705882352942, "42": 1.0, "46": 1.0, "47": 0.6111111111111112, "49": 1.0, "50": 1.0, "51": 1.0, "52": 1.0, "54": 1.0, "55": 1.0, "56": 1.0, "59": 1.0, "62": 1.0, "63": 1.0, "64": 1.0, "65": 1.0, "66": 1.0, "67": 1.0, "70": 1.0, "71": 1.0, "73": 1.0, "75": 1.0, "76": 1.0, "77": 1.0, "78": 1.0, "79": 1.0}}, "160": {"FDR": 0.0, "Power": 0.6875, "Temporal_FDR": 0.0, "Temporal_Power": 0.6794871794871795, "Average_Window_FDR": 0.0, "Average_Window_Power": 0.8874361980355321, "Window_Overlap": {"1": 0.5625, "2": 1.0, "3": 1.0, "4": 1.0, "5": 1.0, "8": 1.0, "9": 1.0, "10": 1.0, "11": 0.8333333333333333, "12": 1.0, "15": 1.0, "16": 1.0, "17": 1.0, "18": 1.0, "19": 0.7857142857142857, "20": 1.0, "22": 0.9375, "23": 1.0, "24": 1.0, "25": 1.0, "27": 0.5277777777777778, "28": 1.0, "31": 0.8, "32": 1.0, "33": 1.0, "34": 1.0, "35": 1.0, "37": 1.0, "38": 1.0, "39": 1.0, "40": 1.0, "41": 0.6764705882352942, "42": 1.0, "46": 1.0, "47": 0.6111111111111112, "49": 1.0, "50": 1.0, "51": 1.0, "52": 1.0, "54": 1.0, "55": 1.0, "56": 1.0, "59": 1.0, "62": 1.0, "63": 1.0, "64": 1.0, "65": 1.0, "66": 1.0, "67": 1.0, "70": 1.0, "71": 1.0, "73": 1.0, "75": 1.0, "76": 1.0, "77": 1.0, "78": 1.0, "79": 1.0, "80": 1.0, "83": 1.0, "84": 1.0, "85": 1.0, "86": 1.0, "87": 1.0, "88": 1.0, "89": 1.0, "90": 1.0, "92": 1.0, "94": 1.0, "95": 1.0, "97": 1.0, "98": 1.0, "99": 1.0, "101": 0.8214285714285714, "102": 1.0, "104": 1.0, "105": 1.0, "106": 1.0, "109": 1.0, "110": 0.6428571428571428, "111": 1.0, "114": 0.5416666666666666, "115": 1.0, "116": 0.9285714285714286, "117": 1.0, "120": 1.0, "121": 0.8928571428571428, "122": 1.0, "124": 0.5357142857142857, "126": 0.7727272727272727, "128": 1.0, "134": 1.0, "136": 1.0, "137": 0.8666666666666667, "138": 0.55, "139": 1.0, "142": 1.0, "143": 1.0, "146": 1.0, "148": 0.5555555555555556, "150": 1.0, "151": 1.0, "153": 1.0, "154": 0.625, "155": 0.5666666666666667, "156": 1.0, "157": 1.0}}, "320": {"FDR": 0.0, "Power": 0.675, "Temporal_FDR": 0.0, "Temporal_Power": 0.6698717948717948, "Average_Window_FDR": 0.0, "Average_Window_Power": 0.8792571459718941, "Window_Overlap": {"1": 0.53125, "2": 1.0, "3": 1.0, "4": 1.0, "5": 1.0, "8": 1.0, "9": 1.0, "10": 1.0, "11": 0.8333333333333333, "12": 1.0, "15": 1.0, "16": 1.0, "17": 1.0, "18": 1.0, "19": 0.7857142857142857, "20": 1.0, "22": 1.0, "23": 1.0, "24": 1.0, "25": 1.0, "27": 0.5277777777777778, "28": 1.0, "31": 0.8, "32": 1.0, "33": 1.0, "34": 1.0, "35": 1.0, "37": 1.0, "38": 1.0, "39": 1.0, "40": 1.0, "41": 0.6764705882352942, "42": 1.0, "46": 1.0, "47": 0.6111111111111112, "49": 1.0, "50": 1.0, "51": 1.0, "52": 1.0, "54": 1.0, "55": 1.0, "56": 1.0, "59": 1.0, "62": 1.0, "63": 1.0, "64": 1.0, "65": 1.0, "66": 1.0, "67": 1.0, "70": 1.0, "71": 1.0, "73": 1.0, "75": 1.0, "76": 1.0, "77": 1.0, "78": 1.0, "79": 1.0, "80": 1.0, "83": 1.0, "84": 1.0, "85": 1.0, "86": 1.0, "87": 1.0, "88": 1.0, "89": 1.0, "90": 1.0, "92": 1.0, "93": 0.8333333333333333, "94": 1.0, "95": 1.0, "97": 1.0, "98": 1.0, "99": 1.0, "101": 0.8214285714285714, "102": 1.0, "104": 1.0, "105": 1.0, "106": 1.0, "109": 1.0, "110": 0.6428571428571428, "111": 1.0, "114": 0.5416666666666666, "115": 1.0, "116": 0.8928571428571428, "117": 1.0, "120": 1.0, "122": 1.0, "124": 0.5357142857142857, "126": 0.7272727272727273, "128": 1.0, "134": 1.0, "136": 1.0, "137": 0.8666666666666667, "138": 0.55, "139": 1.0, "142": 1.0, "143": 1.0, "146": 1.0, "148": 0.5555555555555556, "150": 1.0, "151": 1.0, "153": 1.0, "154": 0.625, "155": 0.5666666666666667, "156": 1.0, "157": 1.0, "160": 1.0, "161": 1.0, "164": 0.85, "165": 1.0, "166": 1.0, "167": 1.0, "168": 1.0, "169": 1.0, "174": 1.0, "175": 1.0, "176": 1.0, "177": 1.0, "179": 0.625, "182": 1.0, "185": 0.7, "186": 1.0, "188": 1.0, "189": 0.5833333333333334, "191": 1.0, "192": 1.0, "193": 0.75, "194": 1.0, "195": 1.0, "196": 1.0, "198": 1.0, "199": 1.0, "200": 1.0, "201": 1.0, "204": 1.0, "206": 1.0, "208": 1.0, "209": 0.95, "210": 1.0, "211": 0.6111111111111112, "214": 0.5294117647058824, "215": 1.0, "216": 0.75, "218": 1.0, "219": 1.0, "220": 1.0, "223": 0.65, "224": 1.0, "225": 1.0, "227": 1.0, "228": 1.0, "233": 1.0, "234": 1.0, "236": 1.0, "237": 1.0, "238": 0.875, "239": 1.0, "240": 1.0, "241": 0.5882352941176471, "244": 0.8, "245": 0.5714285714285714, "246": 1.0, "247": 1.0, "248": 1.0, "249": 1.0, "250": 1.0, "252": 0.5357142857142857, "253": 0.9166666666666667, "254": 1.0, "255": 1.0, "256": 1.0, "259": 1.0, "260": 1.0, "261": 1.0, "263": 1.0, "267": 1.0, "269": 0.6666666666666666, "272": 1.0, "273": 1.0, "274": 1.0, "275": 1.0, "276": 0.8, "277": 1.0, "278": 1.0, "279": 1.0, "280": 0.5384615384615384, "281": 1.0, "283": 1.0, "284": 1.0, "289": 1.0, "290": 1.0, "291": 1.0, "293": 1.0, "297": 1.0, "298": 1.0, "300": 1.0, "301": 1.0, "302": 1.0, "305": 1.0, "307": 0.6333333333333333, "308": 1.0, "309": 1.0, "310": 1.0, "311": 1.0, "313": 1.0, "315": 1.0, "317": 1.0, "318": 1.0, "319": 0.5333333333333333}}}