{"DEFAULT": {"FDR": 0.0, "Power": 0.8, "Temporal_FDR": 0.0, "Temporal_Power": 0.8, "Average_Window_FDR": 0.0, "Average_Window_Power": 0.6145833333333334, "Window_Overlap": {"1": 1.0, "5": 0.5625, "7": 1.0, "9": 0.6666666666666666}}}