{"10": {"FDR": 0.0, "Power": 0.2, "Temporal_FDR": 0.0, "Temporal_Power": 0.2, "Average_Window_FDR": 0.0, "Average_Window_Power": 0.7666666666666666, "Window_Overlap": {"4": 1.0, "5": 0.7666666666666666}}, "20": {"FDR": 0.0, "Power": 0.2, "Temporal_FDR": 0.0, "Temporal_Power": 0.2, "Average_Window_FDR": 0.0, "Average_Window_Power": 0.7333333333333334, "Window_Overlap": {"4": 1.0, "5": 0.7333333333333334}}, "30": {"FDR": 0.0, "Power": 0.2, "Temporal_FDR": 0.0, "Temporal_Power": 0.2, "Average_Window_FDR": 0.0, "Average_Window_Power": 0.7333333333333334, "Window_Overlap": {"4": 1.0, "5": 0.7333333333333334}}, "40": {"FDR": 0.0, "Power": 0.2, "Temporal_FDR": 0.0, "Temporal_Power": 0.2, "Average_Window_FDR": 0.0, "Average_Window_Power": 0.7666666666666666, "Window_Overlap": {"4": 1.0, "5": 0.7666666666666666}}, "50": {"FDR": 0.0, "Power": 0.2, "Temporal_FDR": 0.0, "Temporal_Power": 0.2, "Average_Window_FDR": 0.0, "Average_Window_Power": 0.7666666666666666, "Window_Overlap": {"4": 1.0, "5": 0.7666666666666666}}}