{"10": {"FDR": 0.0, "Power": 0.7, "Temporal_FDR": 0.0, "Temporal_Power": 0.6666666666666666, "Average_Window_FDR": 0.0, "Average_Window_Power": 0.8392857142857143, "Window_Overlap": {"0": 0.875, "1": 1.0, "5": 1.0, "6": 0.6428571428571428, "7": 1.0, "9": 1.0}}, "20": {"FDR": 0.0, "Power": 0.6, "Temporal_FDR": 0.0, "Temporal_Power": 0.6, "Average_Window_FDR": 0.0, "Average_Window_Power": 0.7860576923076922, "Window_Overlap": {"0": 0.78125, "1": 1.0, "5": 1.0, "6": 0.5769230769230769, "7": 1.0, "9": 1.0}}, "40": {"FDR": 0.0, "Power": 0.6, "Temporal_FDR": 0.0, "Temporal_Power": 0.6, "Average_Window_FDR": 0.0, "Average_Window_Power": 0.7573924731182796, "Window_Overlap": {"0": 0.7096774193548387, "1": 1.0, "5": 1.0, "6": 0.5625, "7": 1.0, "9": 1.0}}, "80": {"FDR": 0.0, "Power": 0.6, "Temporal_FDR": 0.0, "Temporal_Power": 0.6, "Average_Window_FDR": 0.0, "Average_Window_Power": 0.7297358834244081, "Window_Overlap": {"0": 0.6475409836065573, "1": 1.0, "5": 1.0, "6": 0.5416666666666666, "7": 1.0, "9": 1.0}}, "160": {"FDR": 0.0, "Power": 0.6, "Temporal_FDR": 0.0, "Temporal_Power": 0.6, "Average_Window_FDR": 0.0, "Average_Window_Power": 0.7103628157786765, "Window_Overlap": {"0": 0.5991735537190083, "1": 1.0, "5": 1.0, "6": 0.5319148936170213, "7": 1.0, "9": 1.0}}, "320": {"FDR": 0.0, "Power": 0.6, "Temporal_FDR": 0.0, "Temporal_Power": 0.6, "Average_Window_FDR": 0.0, "Average_Window_Power": 0.6999296641462985, "Window_Overlap": {"0": 0.5785123966942148, "1": 1.0, "5": 1.0, "6": 0.5212765957446809, "7": 1.0, "9": 1.0}}}