{"10": {"FDR": 0.0, "Power": 0.5, "Temporal_FDR": 0.0, "Temporal_Power": 0.5, "Average_Window_FDR": 0.0, "Average_Window_Power": 1.0, "Window_Overlap": {"3": 1.0, "4": 1.0, "7": 1.0, "8": 1.0, "9": 1.0}}, "20": {"FDR": 0.0, "Power": 0.6, "Temporal_FDR": 0.0, "Temporal_Power": 0.6, "Average_Window_FDR": 0.0, "Average_Window_Power": 0.9177350427350427, "Window_Overlap": {"3": 1.0, "4": 1.0, "7": 1.0, "8": 1.0, "9": 1.0, "10": 1.0, "11": 1.0, "13": 1.0, "15": 0.5833333333333334, "17": 1.0, "18": 0.9230769230769231, "19": 1.0}}, "40": {"FDR": 0.0, "Power": 0.725, "Temporal_FDR": 0.0, "Temporal_Power": 0.725, "Average_Window_FDR": 0.0, "Average_Window_Power": 0.9196539093090819, "Window_Overlap": {"3": 1.0, "4": 1.0, "7": 1.0, "8": 1.0, "9": 1.0, "10": 1.0, "11": 1.0, "13": 1.0, "15": 0.5833333333333334, "17": 1.0, "18": 0.9230769230769231, "19": 1.0, "20": 0.85, "22": 1.0, "23": 1.0, "24": 1.0, "25": 1.0, "26": 1.0, "27": 1.0, "29": 1.0, "31": 1.0, "32": 1.0, "33": 0.9285714285714286, "34": 1.0, "35": 1.0, "36": 1.0, "37": 0.55, "38": 1.0, "39": 1.0}}, "80": {"FDR": 0.0, "Power": 0.7125, "Temporal_FDR": 0.0, "Temporal_Power": 0.7125, "Average_Window_FDR": 0.0, "Average_Window_Power": 1.0, "Window_Overlap": {"3": 1.0, "4": 1.0, "7": 1.0, "8": 1.0, "9": 1.0, "10": 1.0, "11": 1.0, "13": 1.0, "14": 1.0, "15": 1.0, "17": 1.0, "18": 1.0, "19": 1.0, "20": 1.0, "22": 1.0, "23": 1.0, "24": 1.0, "25": 1.0, "26": 1.0, "27": 1.0, "29": 1.0, "31": 1.0, "32": 1.0, "33": 1.0, "34": 1.0, "35": 1.0, "36": 1.0, "37": 1.0, "38": 1.0, "39": 1.0, "40": 1.0, "41": 1.0, "42": 1.0, "43": 1.0, "45": 1.0, "47": 1.0, "48": 1.0, "49": 1.0, "50": 1.0, "52": 1.0, "54": 1.0, "56": 1.0, "57": 1.0, "58": 1.0, "59": 1.0, "60": 1.0, "66": 1.0, "67": 1.0, "69": 1.0, "70": 1.0, "71": 1.0, "73": 1.0, "74": 1.0, "75": 1.0, "77": 1.0, "78": 1.0, "79": 1.0}}, "160": {"FDR": 0.0, "Power": 0.71875, "Temporal_FDR": 0.0, "Temporal_Power": 0.7169811320754716, "Average_Window_FDR": 0.0, "Average_Window_Power": 1.0, "Window_Overlap": {"3": 1.0, "4": 1.0, "7": 1.0, "8": 1.0, "9": 1.0, "10": 1.0, "11": 1.0, "13": 1.0, "14": 1.0, "15": 1.0, "17": 1.0, "18": 1.0, "19": 1.0, "20": 1.0, "22": 1.0, "23": 1.0, "24": 1.0, "25": 1.0, "26": 1.0, "27": 1.0, "29": 1.0, "31": 1.0, "32": 1.0, "33": 1.0, "34": 1.0, "35": 1.0, "36": 1.0, "37": 1.0, "38": 1.0, "39": 1.0, "40": 1.0, "41": 1.0, "42": 1.0, "43": 1.0, "45": 1.0, "47": 1.0, "48": 1.0, "49": 1.0, "50": 1.0, "52": 1.0, "54": 1.0, "56": 1.0, "57": 1.0, "58": 1.0, "59": 1.0, "60": 1.0, "66": 1.0, "67": 1.0, "69": 1.0, "70": 1.0, "71": 1.0, "73": 1.0, "74": 1.0, "75": 1.0, "77": 1.0, "78": 1.0, "79": 1.0, "80": 1.0, "81": 1.0, "82": 1.0, "83": 1.0, "85": 1.0, "86": 1.0, "87": 1.0, "88": 1.0, "89": 1.0, "90": 1.0, "91": 1.0, "93": 1.0, "94": 1.0, "95": 1.0, "96": 1.0, "98": 1.0, "99": 1.0, "100": 1.0, "101": 1.0, "102": 1.0, "103": 1.0, "104": 1.0, "105": 1.0, "106": 1.0, "107": 1.0, "108": 1.0, "109": 1.0, "110": 1.0, "111": 1.0, "113": 1.0, "114": 1.0, "116": 1.0, "117": 1.0, "119": 1.0, "120": 1.0, "122": 1.0, "123": 1.0, "125": 1.0, "127": 1.0, "129": 1.0, "131": 1.0, "133": 1.0, "135": 1.0, "137": 1.0, "139": 1.0, "140": 1.0, "142": 1.0, "144": 1.0, "145": 1.0, "146": 1.0, "148": 1.0, "149": 1.0, "150": 1.0, "152": 1.0, "153": 1.0, "156": 1.0, "158": 1.0}}, "320": {"FDR": 0.0, "Power": 0.6625, "Temporal_FDR": 0.0, "Temporal_Power": 0.6551724137931034, "Average_Window_FDR": 0.0, "Average_Window_Power": 0.8848205526350016, "Window_Overlap": {"3": 1.0, "4": 1.0, "7": 1.0, "8": 1.0, "9": 1.0, "10": 1.0, "11": 1.0, "13": 1.0, "15": 0.5833333333333334, "17": 1.0, "18": 0.9615384615384616, "19": 1.0, "22": 1.0, "23": 1.0, "24": 1.0, "25": 1.0, "26": 1.0, "27": 1.0, "29": 1.0, "31": 1.0, "32": 1.0, "33": 0.6785714285714286, "34": 1.0, "35": 1.0, "36": 1.0, "37": 0.55, "38": 1.0, "39": 1.0, "40": 1.0, "41": 1.0, "42": 1.0, "45": 1.0, "47": 1.0, "48": 1.0, "49": 1.0, "50": 1.0, "52": 1.0, "54": 1.0, "56": 1.0, "57": 1.0, "58": 0.7857142857142857, "59": 0.6111111111111112, "60": 1.0, "66": 1.0, "67": 1.0, "69": 0.90625, "70": 1.0, "71": 1.0, "73": 1.0, "74": 1.0, "75": 1.0, "77": 0.5454545454545454, "78": 1.0, "79": 1.0, "80": 1.0, "81": 0.7333333333333334, "82": 1.0, "86": 0.7, "87": 1.0, "88": 1.0, "89": 1.0, "90": 1.0, "91": 1.0, "93": 1.0, "95": 1.0, "96": 1.0, "98": 1.0, "101": 1.0, "104": 0.8846153846153846, "105": 1.0, "106": 0.7727272727272727, "107": 1.0, "109": 0.5833333333333334, "110": 1.0, "111": 1.0, "113": 1.0, "116": 1.0, "117": 1.0, "119": 1.0, "120": 1.0, "122": 1.0, "123": 1.0, "125": 1.0, "127": 1.0, "129": 1.0, "131": 1.0, "133": 1.0, "135": 1.0, "137": 0.8181818181818181, "139": 1.0, "140": 1.0, "142": 1.0, "144": 1.0, "145": 1.0, "146": 1.0, "148": 1.0, "150": 1.0, "152": 1.0, "153": 1.0, "156": 1.0, "158": 0.5333333333333333, "161": 1.0, "162": 0.55, "163": 1.0, "167": 1.0, "169": 1.0, "170": 0.5526315789473684, "171": 0.6, "172": 1.0, "173": 0.5454545454545454, "175": 1.0, "176": 1.0, "177": 1.0, "180": 0.625, "181": 1.0, "182": 1.0, "183": 1.0, "184": 0.625, "185": 1.0, "186": 1.0, "187": 1.0, "188": 1.0, "189": 1.0, "190": 0.55, "191": 1.0, "192": 1.0, "194": 0.8076923076923077, "195": 1.0, "196": 1.0, "197": 1.0, "200": 1.0, "201": 1.0, "203": 0.75, "204": 0.8125, "205": 1.0, "209": 0.8, "210": 1.0, "213": 1.0, "215": 1.0, "216": 1.0, "217": 0.53125, "220": 1.0, "222": 1.0, "224": 1.0, "225": 1.0, "226": 1.0, "227": 1.0, "228": 1.0, "229": 1.0, "231": 1.0, "232": 0.6153846153846154, "233": 0.6363636363636364, "234": 1.0, "235": 0.625, "237": 1.0, "238": 1.0, "240": 1.0, "242": 0.6071428571428571, "243": 1.0, "245": 1.0, "246": 0.5294117647058824, "248": 1.0, "249": 1.0, "250": 1.0, "255": 1.0, "256": 1.0, "258": 1.0, "259": 1.0, "260": 1.0, "261": 1.0, "264": 0.6923076923076923, "266": 1.0, "267": 1.0, "269": 1.0, "270": 1.0, "273": 1.0, "274": 1.0, "276": 1.0, "277": 1.0, "279": 1.0, "280": 1.0, "281": 1.0, "282": 1.0, "283": 1.0, "284": 1.0, "285": 0.6, "286": 1.0, "288": 1.0, "294": 1.0, "295": 1.0, "296": 1.0, "297": 1.0, "298": 1.0, "299": 1.0, "300": 0.9, "301": 0.75, "302": 1.0, "303": 1.0, "304": 0.6111111111111112, "306": 1.0, "309": 1.0, "310": 1.0, "311": 1.0, "312": 1.0, "315": 1.0, "316": 1.0, "317": 1.0, "318": 1.0, "319": 1.0}}}