{"10": {"FDR": 0.0, "Power": 0.6, "Temporal_FDR": 0.0, "Temporal_Power": 0.6, "Average_Window_FDR": 0.0, "Average_Window_Power": 1.0, "Window_Overlap": {"0": 1.0, "1": 1.0, "3": 1.0, "5": 1.0, "7": 1.0, "9": 1.0}}, "20": {"FDR": 0.0, "Power": 0.7, "Temporal_FDR": 0.0, "Temporal_Power": 0.7, "Average_Window_FDR": 0.0, "Average_Window_Power": 0.7710084033613445, "Window_Overlap": {"1": 1.0, "3": 0.6666666666666666, "5": 1.0, "7": 0.5277777777777778, "9": 1.0, "10": 1.0, "11": 0.6470588235294118, "12": 0.5555555555555556, "13": 1.0, "14": 1.0, "15": 1.0, "16": 1.0, "17": 1.0, "19": 1.0}}, "40": {"FDR": 0.0, "Power": 0.775, "Temporal_FDR": 0.0, "Temporal_Power": 0.7631578947368421, "Average_Window_FDR": 0.0, "Average_Window_Power": 0.9827586206896551, "Window_Overlap": {"0": 1.0, "1": 1.0, "3": 1.0, "5": 1.0, "7": 1.0, "9": 1.0, "10": 1.0, "11": 1.0, "12": 1.0, "13": 1.0, "14": 1.0, "15": 1.0, "16": 1.0, "17": 1.0, "19": 1.0, "20": 1.0, "21": 0.75, "22": 1.0, "23": 1.0, "25": 1.0, "26": 1.0, "27": 1.0, "28": 1.0, "30": 1.0, "34": 1.0, "36": 1.0, "37": 1.0, "38": 1.0, "39": 1.0}}, "80": {"FDR": 0.0, "Power": 0.625, "Temporal_FDR": 0.0, "Temporal_Power": 0.6052631578947368, "Average_Window_FDR": 0.0, "Average_Window_Power": 0.8710268134820565, "Window_Overlap": {"1": 1.0, "3": 0.6666666666666666, "5": 1.0, "7": 0.5277777777777778, "9": 1.0, "10": 1.0, "11": 0.6470588235294118, "12": 0.5555555555555556, "13": 1.0, "14": 1.0, "15": 1.0, "16": 1.0, "17": 1.0, "19": 1.0, "20": 1.0, "21": 1.0, "22": 0.875, "23": 1.0, "25": 0.8181818181818181, "26": 1.0, "27": 0.9722222222222222, "28": 1.0, "30": 1.0, "34": 1.0, "36": 1.0, "37": 1.0, "38": 1.0, "42": 0.625, "43": 1.0, "48": 1.0, "49": 1.0, "50": 1.0, "53": 1.0, "54": 1.0, "55": 1.0, "56": 1.0, "60": 1.0, "61": 0.6153846153846154, "63": 1.0, "64": 1.0, "70": 1.0, "71": 0.7307692307692308, "72": 1.0, "73": 1.0, "75": 1.0, "76": 1.0}}, "160": {"FDR": 0.0, "Power": 0.61875, "Temporal_FDR": 0.0, "Temporal_Power": 0.6129032258064516, "Average_Window_FDR": 0.0, "Average_Window_Power": 0.8988987105086176, "Window_Overlap": {"1": 1.0, "3": 0.6666666666666666, "5": 1.0, "7": 0.5277777777777778, "9": 1.0, "10": 1.0, "11": 0.6470588235294118, "12": 0.5555555555555556, "13": 1.0, "14": 1.0, "15": 1.0, "16": 1.0, "17": 1.0, "19": 1.0, "20": 1.0, "21": 1.0, "22": 0.7083333333333334, "23": 1.0, "25": 0.8181818181818181, "26": 1.0, "28": 1.0, "30": 1.0, "34": 1.0, "36": 1.0, "37": 1.0, "38": 1.0, "42": 0.625, "43": 1.0, "48": 1.0, "49": 1.0, "50": 1.0, "53": 1.0, "54": 1.0, "55": 1.0, "56": 1.0, "60": 1.0, "61": 0.6153846153846154, "63": 1.0, "64": 1.0, "70": 1.0, "72": 1.0, "73": 1.0, "75": 1.0, "76": 1.0, "80": 1.0, "81": 1.0, "83": 1.0, "84": 1.0, "85": 0.7222222222222222, "91": 0.8333333333333333, "92": 0.5357142857142857, "94": 0.75, "96": 1.0, "97": 1.0, "98": 1.0, "99": 1.0, "100": 1.0, "101": 1.0, "104": 1.0, "110": 1.0, "113": 1.0, "114": 1.0, "115": 1.0, "116": 1.0, "119": 1.0, "120": 1.0, "121": 1.0, "123": 1.0, "124": 1.0, "127": 1.0, "128": 1.0, "129": 1.0, "131": 1.0, "132": 1.0, "133": 1.0, "135": 1.0, "136": 1.0, "137": 1.0, "138": 0.75, "139": 1.0, "141": 1.0, "143": 1.0, "144": 1.0, "145": 1.0, "146": 0.625, "147": 1.0, "148": 0.9285714285714286, "150": 1.0, "152": 1.0, "153": 0.8888888888888888, "154": 1.0, "156": 1.0, "157": 1.0, "158": 1.0, "159": 1.0}}, "320": {"FDR": 0.0, "Power": 0.646875, "Temporal_FDR": 0.0, "Temporal_Power": 0.6430868167202572, "Average_Window_FDR": 0.0, "Average_Window_Power": 0.9086792863998747, "Window_Overlap": {"1": 1.0, "3": 0.6666666666666666, "5": 1.0, "7": 0.5277777777777778, "9": 1.0, "10": 1.0, "11": 0.6470588235294118, "12": 0.5555555555555556, "13": 1.0, "14": 1.0, "15": 1.0, "16": 1.0, "17": 1.0, "19": 1.0, "20": 1.0, "21": 1.0, "23": 1.0, "25": 0.8181818181818181, "26": 1.0, "27": 0.8888888888888888, "28": 1.0, "30": 1.0, "34": 1.0, "36": 1.0, "37": 1.0, "38": 1.0, "42": 0.625, "43": 1.0, "48": 1.0, "49": 1.0, "50": 1.0, "53": 1.0, "54": 1.0, "55": 1.0, "56": 1.0, "60": 1.0, "61": 0.6153846153846154, "63": 1.0, "64": 1.0, "70": 1.0, "72": 1.0, "73": 1.0, "75": 1.0, "76": 1.0, "80": 1.0, "81": 1.0, "83": 1.0, "84": 1.0, "85": 0.7222222222222222, "91": 0.8333333333333333, "92": 0.5357142857142857, "94": 0.8214285714285714, "96": 1.0, "97": 1.0, "98": 1.0, "99": 1.0, "100": 1.0, "101": 1.0, "103": 0.8888888888888888, "104": 1.0, "110": 0.9642857142857143, "113": 1.0, "114": 1.0, "115": 1.0, "116": 1.0, "119": 1.0, "120": 1.0, "121": 1.0, "123": 1.0, "124": 1.0, "127": 1.0, "128": 1.0, "129": 1.0, "131": 1.0, "132": 1.0, "133": 1.0, "135": 1.0, "136": 1.0, "137": 1.0, "138": 0.75, "139": 1.0, "141": 1.0, "143": 1.0, "144": 1.0, "145": 1.0, "146": 0.625, "147": 1.0, "148": 0.9285714285714286, "150": 1.0, "152": 1.0, "153": 1.0, "154": 1.0, "156": 1.0, "157": 1.0, "158": 1.0, "159": 1.0, "161": 1.0, "165": 0.53125, "166": 1.0, "167": 0.6785714285714286, "168": 1.0, "169": 1.0, "170": 1.0, "171": 1.0, "172": 1.0, "174": 0.8333333333333333, "175": 1.0, "177": 1.0, "178": 1.0, "180": 1.0, "181": 1.0, "183": 1.0, "184": 1.0, "185": 1.0, "186": 1.0, "187": 1.0, "189": 1.0, "192": 1.0, "194": 1.0, "195": 1.0, "197": 1.0, "198": 1.0, "199": 1.0, "201": 1.0, "202": 1.0, "203": 1.0, "204": 1.0, "207": 0.75, "211": 1.0, "214": 1.0, "216": 1.0, "217": 1.0, "218": 1.0, "219": 1.0, "220": 1.0, "221": 1.0, "222": 1.0, "224": 1.0, "226": 1.0, "229": 1.0, "230": 1.0, "232": 1.0, "233": 1.0, "234": 1.0, "235": 1.0, "236": 1.0, "238": 1.0, "239": 1.0, "241": 1.0, "242": 1.0, "243": 1.0, "244": 0.5294117647058824, "245": 1.0, "247": 1.0, "248": 1.0, "249": 0.5294117647058824, "250": 1.0, "252": 1.0, "254": 1.0, "258": 1.0, "259": 0.53125, "260": 1.0, "262": 1.0, "263": 1.0, "265": 1.0, "266": 1.0, "267": 1.0, "268": 1.0, "273": 0.625, "276": 1.0, "277": 0.875, "278": 1.0, "279": 1.0, "280": 1.0, "282": 1.0, "283": 1.0, "284": 1.0, "285": 1.0, "286": 0.6153846153846154, "287": 1.0, "291": 1.0, "293": 0.5625, "295": 1.0, "298": 1.0, "299": 1.0, "300": 1.0, "302": 1.0, "303": 1.0, "304": 1.0, "305": 1.0, "307": 1.0, "308": 1.0, "309": 0.6428571428571428, "312": 1.0, "313": 1.0, "315": 1.0, "316": 1.0, "317": 1.0, "318": 0.75, "319": 1.0}}}