{"10": {"FDR": 0.0, "Power": 0.8, "Temporal_FDR": 0.0, "Temporal_Power": 0.8, "Average_Window_FDR": 0.0, "Average_Window_Power": 1.0, "Window_Overlap": {"0": 1.0, "1": 1.0, "2": 1.0, "3": 1.0, "4": 1.0, "5": 1.0, "8": 1.0, "9": 1.0}}, "20": {"FDR": 0.0, "Power": 0.8, "Temporal_FDR": 0.0, "Temporal_Power": 0.8, "Average_Window_FDR": 0.0, "Average_Window_Power": 1.0, "Window_Overlap": {"0": 1.0, "1": 1.0, "2": 1.0, "3": 1.0, "4": 1.0, "5": 1.0, "8": 1.0, "9": 1.0, "12": 1.0, "13": 1.0, "14": 1.0, "15": 1.0, "16": 1.0, "17": 1.0, "18": 1.0, "19": 1.0}}, "40": {"FDR": 0.0, "Power": 0.8, "Temporal_FDR": 0.0, "Temporal_Power": 0.8, "Average_Window_FDR": 0.0, "Average_Window_Power": 1.0, "Window_Overlap": {"0": 1.0, "1": 1.0, "2": 1.0, "3": 1.0, "4": 1.0, "5": 1.0, "8": 1.0, "9": 1.0, "12": 1.0, "13": 1.0, "14": 1.0, "15": 1.0, "16": 1.0, "17": 1.0, "18": 1.0, "19": 1.0, "20": 1.0, "21": 1.0, "22": 1.0, "23": 1.0, "24": 1.0, "25": 1.0, "26": 1.0, "28": 1.0, "29": 1.0, "30": 1.0, "32": 1.0, "34": 1.0, "36": 1.0, "37": 1.0, "38": 1.0, "39": 1.0}}, "80": {"FDR": 0.0, "Power": 0.65, "Temporal_FDR": 0.0, "Temporal_Power": 0.625, "Average_Window_FDR": 0.0, "Average_Window_Power": 0.9209794372294371, "Window_Overlap": {"0": 1.0, "1": 1.0, "2": 1.0, "3": 1.0, "4": 1.0, "5": 0.7857142857142857, "8": 1.0, "9": 1.0, "12": 1.0, "13": 1.0, "16": 0.84375, "17": 1.0, "18": 0.9583333333333333, "19": 0.75, "21": 1.0, "22": 1.0, "25": 1.0, "26": 1.0, "30": 1.0, "32": 1.0, "36": 1.0, "37": 1.0, "38": 1.0, "39": 1.0, "40": 1.0, "41": 1.0, "42": 0.5714285714285714, "44": 1.0, "45": 1.0, "46": 1.0, "47": 1.0, "52": 1.0, "53": 1.0, "54": 1.0, "55": 1.0, "57": 1.0, "58": 1.0, "61": 1.0, "63": 1.0, "65": 1.0, "66": 1.0, "70": 0.625, "71": 1.0, "72": 0.9545454545454546, "73": 1.0, "75": 1.0, "76": 1.0, "77": 1.0, "78": 0.5357142857142857, "79": 1.0}}, "160": {"FDR": 0.0, "Power": 0.59375, "Temporal_FDR": 0.0, "Temporal_Power": 0.5759493670886076, "Average_Window_FDR": 0.0, "Average_Window_Power": 0.9065396904682618, "Window_Overlap": {"0": 1.0, "1": 1.0, "2": 1.0, "3": 1.0, "4": 1.0, "5": 0.7857142857142857, "8": 1.0, "9": 1.0, "12": 1.0, "13": 1.0, "16": 0.8125, "17": 1.0, "19": 0.75, "21": 1.0, "22": 1.0, "25": 1.0, "26": 1.0, "30": 1.0, "32": 1.0, "36": 1.0, "37": 1.0, "38": 1.0, "39": 1.0, "40": 1.0, "41": 1.0, "42": 0.5714285714285714, "44": 1.0, "45": 1.0, "46": 1.0, "47": 1.0, "52": 1.0, "53": 1.0, "54": 1.0, "55": 1.0, "57": 1.0, "58": 1.0, "61": 1.0, "63": 1.0, "65": 1.0, "66": 1.0, "70": 0.625, "71": 1.0, "73": 1.0, "75": 1.0, "76": 1.0, "77": 1.0, "78": 0.5357142857142857, "79": 1.0, "80": 0.6666666666666666, "82": 1.0, "83": 1.0, "84": 1.0, "87": 0.7272727272727273, "90": 1.0, "91": 1.0, "92": 1.0, "95": 0.75, "97": 0.5416666666666666, "100": 1.0, "102": 1.0, "105": 0.9444444444444444, "106": 1.0, "107": 1.0, "109": 1.0, "111": 1.0, "114": 1.0, "116": 0.8636363636363636, "117": 1.0, "119": 1.0, "120": 1.0, "121": 1.0, "122": 1.0, "123": 0.9583333333333333, "124": 1.0, "126": 1.0, "127": 1.0, "128": 1.0, "131": 1.0, "133": 1.0, "135": 1.0, "136": 1.0, "142": 0.8, "143": 1.0, "145": 1.0, "146": 1.0, "149": 1.0, "150": 0.5714285714285714, "153": 1.0, "154": 1.0, "156": 1.0, "158": 0.84375}}, "320": {"FDR": 0.0, "Power": 0.615625, "Temporal_FDR": 0.0, "Temporal_Power": 0.6146496815286624, "Average_Window_FDR": 0.0, "Average_Window_Power": 0.9210004408585953, "Window_Overlap": {"0": 1.0, "1": 1.0, "2": 1.0, "3": 1.0, "4": 1.0, "5": 0.7857142857142857, "8": 1.0, "9": 1.0, "12": 1.0, "13": 1.0, "16": 0.8125, "17": 1.0, "19": 0.75, "21": 1.0, "22": 1.0, "25": 1.0, "26": 1.0, "30": 1.0, "32": 1.0, "36": 1.0, "37": 1.0, "38": 1.0, "39": 1.0, "40": 1.0, "41": 1.0, "42": 0.5714285714285714, "44": 1.0, "45": 1.0, "46": 1.0, "47": 1.0, "52": 1.0, "53": 1.0, "54": 1.0, "55": 1.0, "57": 1.0, "58": 1.0, "61": 1.0, "63": 1.0, "65": 1.0, "66": 1.0, "70": 0.625, "71": 1.0, "72": 1.0, "73": 1.0, "75": 1.0, "76": 1.0, "77": 1.0, "79": 1.0, "80": 0.7083333333333334, "82": 1.0, "83": 1.0, "84": 1.0, "87": 0.7272727272727273, "90": 1.0, "91": 1.0, "92": 1.0, "95": 0.75, "97": 0.5416666666666666, "100": 1.0, "102": 1.0, "105": 0.8333333333333333, "106": 1.0, "107": 1.0, "109": 1.0, "111": 1.0, "114": 1.0, "116": 0.8636363636363636, "117": 1.0, "119": 1.0, "120": 1.0, "121": 1.0, "122": 1.0, "123": 1.0, "124": 1.0, "126": 1.0, "127": 1.0, "128": 1.0, "131": 1.0, "133": 1.0, "135": 1.0, "136": 1.0, "142": 0.8, "143": 1.0, "145": 1.0, "146": 1.0, "149": 0.9444444444444444, "150": 0.5714285714285714, "153": 1.0, "154": 1.0, "156": 1.0, "158": 0.84375, "160": 1.0, "164": 1.0, "165": 1.0, "167": 1.0, "168": 1.0, "169": 1.0, "171": 1.0, "172": 1.0, "175": 1.0, "176": 1.0, "178": 1.0, "181": 1.0, "183": 1.0, "185": 1.0, "189": 0.9090909090909092, "190": 1.0, "193": 1.0, "195": 1.0, "196": 0.9375, "198": 1.0, "200": 1.0, "202": 1.0, "203": 0.5625, "205": 1.0, "206": 1.0, "207": 0.7368421052631579, "208": 1.0, "209": 0.9545454545454546, "210": 1.0, "211": 1.0, "212": 1.0, "213": 1.0, "214": 1.0, "215": 1.0, "216": 1.0, "217": 0.5588235294117647, "218": 1.0, "219": 0.9285714285714286, "220": 0.5333333333333333, "222": 1.0, "223": 0.8421052631578947, "224": 1.0, "225": 1.0, "227": 1.0, "228": 1.0, "229": 1.0, "230": 0.5625, "232": 1.0, "233": 1.0, "234": 1.0, "235": 1.0, "236": 1.0, "237": 1.0, "238": 1.0, "239": 1.0, "240": 1.0, "241": 1.0, "246": 1.0, "248": 1.0, "249": 1.0, "252": 1.0, "254": 1.0, "255": 1.0, "257": 1.0, "258": 1.0, "259": 1.0, "260": 1.0, "264": 1.0, "266": 1.0, "269": 1.0, "270": 1.0, "271": 1.0, "272": 1.0, "273": 1.0, "275": 1.0, "276": 1.0, "277": 1.0, "278": 0.9411764705882353, "280": 0.9444444444444444, "281": 1.0, "282": 1.0, "283": 1.0, "284": 0.5277777777777778, "286": 1.0, "287": 1.0, "289": 1.0, "290": 1.0, "291": 1.0, "296": 1.0, "298": 1.0, "300": 1.0, "306": 1.0, "308": 1.0, "310": 1.0, "311": 1.0, "312": 1.0, "313": 0.5588235294117647, "315": 1.0, "316": 0.75, "317": 1.0, "318": 1.0, "319": 1.0}}}