{"10": {"FDR": 0.0, "Power": 0.5, "Temporal_FDR": 0.0, "Temporal_Power": 0.5, "Average_Window_FDR": 0.0, "Average_Window_Power": 1.0, "Window_Overlap": {"0": 1.0, "1": 1.0, "2": 1.0, "7": 1.0, "8": 1.0}}, "20": {"FDR": 0.0, "Power": 0.65, "Temporal_FDR": 0.0, "Temporal_Power": 0.631578947368421, "Average_Window_FDR": 0.0, "Average_Window_Power": 1.0, "Window_Overlap": {"0": 1.0, "1": 1.0, "2": 1.0, "7": 1.0, "8": 1.0, "10": 1.0, "11": 1.0, "12": 1.0, "13": 1.0, "15": 1.0, "17": 1.0, "18": 1.0}}, "40": {"FDR": 0.0, "Power": 0.75, "Temporal_FDR": 0.0, "Temporal_Power": 0.7435897435897436, "Average_Window_FDR": 0.0, "Average_Window_Power": 1.0, "Window_Overlap": {"0": 1.0, "1": 1.0, "2": 1.0, "7": 1.0, "8": 1.0, "10": 1.0, "11": 1.0, "12": 1.0, "13": 1.0, "15": 1.0, "17": 1.0, "18": 1.0, "20": 1.0, "21": 1.0, "22": 1.0, "23": 1.0, "24": 1.0, "25": 1.0, "26": 1.0, "27": 1.0, "28": 1.0, "30": 1.0, "31": 1.0, "33": 1.0, "34": 1.0, "35": 1.0, "36": 1.0, "37": 1.0, "39": 1.0}}, "80": {"FDR": 0.0, "Power": 0.675, "Temporal_FDR": 0.0, "Temporal_Power": 0.6582278481012658, "Average_Window_FDR": 0.0, "Average_Window_Power": 0.9349053724053724, "Window_Overlap": {"0": 1.0, "1": 1.0, "2": 1.0, "7": 1.0, "8": 1.0, "10": 1.0, "11": 1.0, "13": 1.0, "15": 1.0, "17": 1.0, "18": 1.0, "20": 1.0, "21": 1.0, "23": 0.8888888888888888, "25": 1.0, "26": 1.0, "27": 1.0, "28": 1.0, "30": 1.0, "31": 1.0, "33": 1.0, "34": 1.0, "35": 1.0, "36": 1.0, "37": 1.0, "39": 0.9722222222222222, "40": 1.0, "41": 1.0, "43": 1.0, "44": 1.0, "46": 1.0, "47": 0.7105263157894737, "48": 1.0, "50": 0.625, "51": 1.0, "55": 0.7894736842105263, "57": 1.0, "59": 1.0, "60": 0.5714285714285714, "62": 1.0, "63": 0.75, "64": 1.0, "65": 1.0, "66": 1.0, "67": 1.0, "70": 1.0, "73": 1.0, "74": 1.0, "75": 1.0, "76": 1.0, "77": 1.0, "78": 1.0}}, "160": {"FDR": 0.0, "Power": 0.71875, "Temporal_FDR": 0.0, "Temporal_Power": 0.717948717948718, "Average_Window_FDR": 0.0, "Average_Window_Power": 1.0, "Window_Overlap": {"0": 1.0, "1": 1.0, "2": 1.0, "7": 1.0, "8": 1.0, "10": 1.0, "11": 1.0, "12": 1.0, "13": 1.0, "15": 1.0, "17": 1.0, "18": 1.0, "20": 1.0, "21": 1.0, "22": 1.0, "23": 1.0, "24": 1.0, "25": 1.0, "26": 1.0, "27": 1.0, "28": 1.0, "30": 1.0, "31": 1.0, "33": 1.0, "34": 1.0, "35": 1.0, "36": 1.0, "37": 1.0, "39": 1.0, "40": 1.0, "41": 1.0, "43": 1.0, "44": 1.0, "46": 1.0, "47": 1.0, "48": 1.0, "50": 1.0, "51": 1.0, "54": 1.0, "55": 1.0, "57": 1.0, "59": 1.0, "60": 1.0, "62": 1.0, "63": 1.0, "64": 1.0, "65": 1.0, "66": 1.0, "67": 1.0, "70": 1.0, "73": 1.0, "74": 1.0, "75": 1.0, "76": 1.0, "77": 1.0, "78": 1.0, "80": 1.0, "81": 1.0, "82": 1.0, "84": 1.0, "86": 1.0, "88": 1.0, "89": 1.0, "90": 1.0, "96": 1.0, "97": 1.0, "98": 1.0, "99": 1.0, "100": 1.0, "102": 1.0, "103": 1.0, "104": 1.0, "105": 1.0, "106": 1.0, "107": 1.0, "108": 1.0, "110": 1.0, "112": 1.0, "113": 1.0, "115": 1.0, "116": 1.0, "117": 1.0, "118": 1.0, "119": 1.0, "120": 1.0, "121": 1.0, "122": 1.0, "123": 1.0, "125": 1.0, "126": 1.0, "127": 1.0, "129": 1.0, "130": 1.0, "131": 1.0, "133": 1.0, "134": 1.0, "136": 1.0, "137": 1.0, "138": 1.0, "141": 1.0, "142": 1.0, "144": 1.0, "145": 1.0, "147": 1.0, "148": 1.0, "150": 1.0, "151": 1.0, "152": 1.0, "153": 1.0, "155": 1.0, "157": 1.0, "158": 1.0}}, "320": {"FDR": 0.0, "Power": 0.65, "Temporal_FDR": 0.0, "Temporal_Power": 0.6496815286624203, "Average_Window_FDR": 0.0, "Average_Window_Power": 0.9087422567685726, "Window_Overlap": {"0": 1.0, "1": 1.0, "2": 1.0, "7": 1.0, "8": 1.0, "10": 1.0, "11": 1.0, "13": 1.0, "15": 1.0, "17": 1.0, "18": 1.0, "20": 1.0, "21": 1.0, "23": 1.0, "25": 1.0, "26": 1.0, "27": 1.0, "28": 1.0, "30": 1.0, "31": 1.0, "33": 1.0, "34": 1.0, "35": 1.0, "36": 1.0, "37": 1.0, "39": 0.9444444444444444, "40": 1.0, "41": 1.0, "43": 1.0, "44": 1.0, "46": 1.0, "47": 0.631578947368421, "48": 1.0, "50": 0.625, "51": 1.0, "55": 0.763157894736842, "57": 1.0, "59": 1.0, "60": 0.5714285714285714, "62": 1.0, "63": 0.75, "64": 1.0, "65": 1.0, "66": 1.0, "67": 1.0, "70": 1.0, "73": 1.0, "74": 1.0, "75": 1.0, "76": 1.0, "77": 1.0, "78": 1.0, "81": 1.0, "82": 1.0, "84": 1.0, "86": 1.0, "89": 1.0, "96": 1.0, "97": 1.0, "98": 1.0, "99": 1.0, "100": 1.0, "102": 0.5555555555555556, "103": 1.0, "104": 1.0, "105": 1.0, "106": 1.0, "107": 1.0, "108": 1.0, "110": 0.65, "112": 0.8571428571428572, "113": 1.0, "115": 1.0, "117": 1.0, "118": 0.5384615384615384, "121": 1.0, "123": 1.0, "125": 1.0, "126": 1.0, "127": 1.0, "130": 0.5555555555555556, "131": 1.0, "133": 1.0, "134": 1.0, "136": 1.0, "137": 1.0, "138": 0.5714285714285714, "141": 1.0, "144": 1.0, "145": 1.0, "147": 1.0, "148": 1.0, "150": 1.0, "151": 1.0, "152": 0.9166666666666667, "153": 1.0, "157": 1.0, "158": 1.0, "160": 0.8636363636363636, "161": 0.9444444444444444, "162": 1.0, "163": 1.0, "164": 0.6666666666666666, "166": 1.0, "168": 1.0, "169": 1.0, "170": 1.0, "172": 1.0, "174": 1.0, "176": 1.0, "177": 1.0, "178": 1.0, "179": 1.0, "180": 1.0, "182": 1.0, "184": 1.0, "186": 1.0, "187": 1.0, "188": 1.0, "189": 1.0, "190": 0.6666666666666666, "191": 1.0, "193": 1.0, "194": 1.0, "195": 1.0, "196": 1.0, "197": 0.9545454545454546, "198": 1.0, "199": 1.0, "201": 1.0, "202": 1.0, "204": 1.0, "205": 1.0, "208": 1.0, "210": 1.0, "212": 1.0, "213": 1.0, "216": 1.0, "217": 1.0, "218": 1.0, "219": 1.0, "220": 1.0, "221": 1.0, "224": 1.0, "225": 1.0, "226": 1.0, "227": 1.0, "228": 1.0, "229": 1.0, "230": 0.6111111111111112, "231": 0.5277777777777778, "232": 1.0, "233": 1.0, "235": 0.6333333333333333, "236": 1.0, "237": 1.0, "238": 1.0, "241": 1.0, "242": 1.0, "244": 1.0, "245": 1.0, "246": 1.0, "249": 1.0, "250": 1.0, "251": 1.0, "252": 0.5526315789473684, "255": 0.5357142857142857, "256": 1.0, "257": 0.7, "259": 0.5714285714285714, "262": 1.0, "264": 1.0, "265": 1.0, "266": 1.0, "267": 1.0, "272": 1.0, "274": 1.0, "275": 1.0, "276": 1.0, "277": 1.0, "279": 1.0, "280": 0.5666666666666667, "281": 1.0, "282": 1.0, "284": 1.0, "285": 1.0, "286": 1.0, "288": 1.0, "289": 0.55, "290": 1.0, "294": 1.0, "298": 1.0, "299": 1.0, "301": 1.0, "304": 1.0, "306": 0.7916666666666667, "309": 1.0, "310": 1.0, "313": 1.0, "314": 1.0, "315": 1.0, "316": 0.625, "318": 1.0, "319": 1.0}}}