{"10": {"FDR": 0.0, "Power": 0.3, "Temporal_FDR": 0.0, "Temporal_Power": 0.3, "Average_Window_FDR": 0.0, "Average_Window_Power": 1.0, "Window_Overlap": {"0": 1.0, "1": 1.0, "6": 1.0}}, "20": {"FDR": 0.0, "Power": 0.4, "Temporal_FDR": 0.0, "Temporal_Power": 0.35, "Average_Window_FDR": 0.0, "Average_Window_Power": 1.0, "Window_Overlap": {"0": 1.0, "1": 1.0, "6": 1.0, "10": 1.0, "12": 1.0, "15": 1.0, "16": 1.0}}, "40": {"FDR": 0.0, "Power": 0.675, "Temporal_FDR": 0.0, "Temporal_Power": 0.675, "Average_Window_FDR": 0.0, "Average_Window_Power": 1.0, "Window_Overlap": {"0": 1.0, "1": 1.0, "4": 1.0, "6": 1.0, "10": 1.0, "12": 1.0, "13": 1.0, "14": 1.0, "15": 1.0, "16": 1.0, "17": 1.0, "20": 1.0, "21": 1.0, "22": 1.0, "24": 1.0, "25": 1.0, "26": 1.0, "27": 1.0, "28": 1.0, "29": 1.0, "31": 1.0, "32": 1.0, "33": 1.0, "35": 1.0, "36": 1.0, "38": 1.0, "39": 1.0}}, "80": {"FDR": 0.0, "Power": 0.7375, "Temporal_FDR": 0.0, "Temporal_Power": 0.7375, "Average_Window_FDR": 0.0, "Average_Window_Power": 1.0, "Window_Overlap": {"0": 1.0, "1": 1.0, "4": 1.0, "6": 1.0, "10": 1.0, "12": 1.0, "13": 1.0, "14": 1.0, "15": 1.0, "16": 1.0, "17": 1.0, "20": 1.0, "21": 1.0, "22": 1.0, "24": 1.0, "25": 1.0, "26": 1.0, "27": 1.0, "28": 1.0, "29": 1.0, "31": 1.0, "32": 1.0, "33": 1.0, "35": 1.0, "36": 1.0, "38": 1.0, "39": 1.0, "40": 1.0, "41": 1.0, "43": 1.0, "44": 1.0, "45": 1.0, "46": 1.0, "47": 1.0, "48": 1.0, "49": 1.0, "50": 1.0, "51": 1.0, "52": 1.0, "53": 1.0, "55": 1.0, "56": 1.0, "57": 1.0, "58": 1.0, "59": 1.0, "60": 1.0, "61": 1.0, "62": 1.0, "63": 1.0, "66": 1.0, "67": 1.0, "68": 1.0, "69": 1.0, "71": 1.0, "73": 1.0, "74": 1.0, "75": 1.0, "76": 1.0, "79": 1.0}}, "160": {"FDR": 0.0, "Power": 0.6, "Temporal_FDR": 0.0, "Temporal_Power": 0.5759493670886076, "Average_Window_FDR": 0.0, "Average_Window_Power": 0.9243134549857239, "Window_Overlap": {"0": 1.0, "1": 1.0, "6": 1.0, "10": 1.0, "12": 1.0, "15": 1.0, "16": 1.0, "20": 1.0, "21": 1.0, "22": 1.0, "24": 1.0, "25": 1.0, "27": 1.0, "28": 1.0, "29": 1.0, "32": 1.0, "33": 1.0, "35": 1.0, "36": 1.0, "38": 1.0, "39": 1.0, "40": 0.7333333333333334, "41": 1.0, "44": 1.0, "46": 1.0, "48": 1.0, "49": 1.0, "50": 1.0, "51": 1.0, "53": 1.0, "55": 1.0, "56": 0.8888888888888888, "57": 1.0, "58": 1.0, "59": 0.875, "60": 1.0, "61": 1.0, "62": 0.6666666666666666, "63": 1.0, "66": 1.0, "68": 1.0, "69": 0.625, "71": 1.0, "73": 1.0, "74": 1.0, "75": 1.0, "76": 1.0, "79": 0.5714285714285714, "88": 1.0, "89": 1.0, "91": 1.0, "92": 1.0, "95": 1.0, "96": 0.5588235294117647, "98": 1.0, "99": 1.0, "100": 1.0, "103": 1.0, "104": 1.0, "110": 1.0, "111": 1.0, "112": 1.0, "114": 0.625, "116": 1.0, "119": 1.0, "121": 1.0, "122": 1.0, "124": 1.0, "125": 1.0, "126": 1.0, "127": 0.5454545454545454, "128": 0.9, "129": 1.0, "130": 1.0, "131": 1.0, "132": 1.0, "135": 1.0, "136": 1.0, "138": 1.0, "140": 1.0, "142": 1.0, "145": 1.0, "146": 0.9666666666666667, "147": 0.6, "149": 1.0, "152": 1.0, "153": 1.0, "154": 1.0, "156": 1.0, "157": 1.0, "159": 1.0}}, "320": {"FDR": 0.0, "Power": 0.61875, "Temporal_FDR": 0.0, "Temporal_Power": 0.6012658227848101, "Average_Window_FDR": 0.0, "Average_Window_Power": 0.9175718914728201, "Window_Overlap": {"0": 1.0, "1": 1.0, "6": 1.0, "10": 1.0, "12": 1.0, "15": 1.0, "16": 1.0, "20": 1.0, "21": 1.0, "22": 1.0, "24": 1.0, "25": 1.0, "27": 1.0, "28": 1.0, "29": 1.0, "32": 1.0, "33": 1.0, "35": 1.0, "36": 1.0, "38": 1.0, "39": 1.0, "40": 0.7333333333333334, "41": 1.0, "44": 1.0, "46": 1.0, "47": 1.0, "48": 1.0, "49": 1.0, "50": 1.0, "51": 1.0, "53": 1.0, "55": 1.0, "56": 0.8888888888888888, "57": 1.0, "58": 1.0, "59": 0.875, "60": 1.0, "61": 1.0, "62": 0.6666666666666666, "63": 1.0, "66": 1.0, "68": 1.0, "69": 0.625, "71": 1.0, "73": 1.0, "74": 1.0, "75": 1.0, "76": 1.0, "79": 0.5714285714285714, "88": 1.0, "89": 1.0, "91": 1.0, "92": 1.0, "95": 1.0, "96": 0.5588235294117647, "98": 1.0, "99": 1.0, "100": 1.0, "103": 1.0, "104": 1.0, "110": 1.0, "111": 1.0, "112": 1.0, "114": 0.625, "116": 1.0, "119": 1.0, "121": 1.0, "122": 1.0, "124": 1.0, "125": 1.0, "126": 1.0, "127": 0.5454545454545454, "128": 0.8, "129": 1.0, "130": 1.0, "131": 1.0, "132": 1.0, "135": 1.0, "136": 1.0, "138": 1.0, "140": 1.0, "142": 1.0, "145": 1.0, "146": 1.0, "147": 0.6, "149": 1.0, "152": 1.0, "153": 1.0, "154": 1.0, "156": 1.0, "157": 1.0, "159": 1.0, "160": 1.0, "161": 1.0, "163": 1.0, "165": 1.0, "168": 1.0, "169": 1.0, "171": 0.5833333333333334, "172": 1.0, "175": 0.5454545454545454, "176": 1.0, "177": 1.0, "178": 1.0, "179": 1.0, "180": 1.0, "181": 1.0, "183": 1.0, "184": 0.5384615384615384, "185": 1.0, "188": 1.0, "190": 1.0, "192": 0.5833333333333334, "194": 1.0, "197": 0.8333333333333333, "199": 1.0, "202": 1.0, "204": 1.0, "205": 1.0, "206": 1.0, "208": 1.0, "210": 1.0, "211": 1.0, "212": 1.0, "213": 1.0, "214": 1.0, "216": 1.0, "217": 1.0, "220": 1.0, "221": 1.0, "222": 1.0, "223": 1.0, "228": 1.0, "229": 1.0, "230": 1.0, "231": 1.0, "233": 1.0, "234": 1.0, "235": 1.0, "238": 1.0, "239": 0.7777777777777778, "241": 1.0, "242": 1.0, "243": 0.5714285714285714, "244": 1.0, "245": 0.6071428571428571, "246": 1.0, "247": 0.7692307692307692, "248": 1.0, "249": 1.0, "250": 1.0, "253": 1.0, "254": 1.0, "256": 1.0, "259": 1.0, "260": 0.55, "261": 1.0, "262": 0.6, "265": 1.0, "266": 1.0, "268": 1.0, "274": 1.0, "276": 1.0, "277": 1.0, "278": 1.0, "279": 1.0, "283": 1.0, "286": 1.0, "287": 1.0, "288": 0.9285714285714286, "289": 1.0, "290": 1.0, "291": 1.0, "293": 1.0, "294": 1.0, "297": 1.0, "298": 0.7916666666666667, "302": 1.0, "303": 1.0, "305": 1.0, "308": 1.0, "309": 1.0, "310": 1.0, "313": 1.0, "314": 1.0, "315": 1.0, "316": 1.0, "317": 1.0, "318": 1.0, "319": 1.0}}}