{"10": {"FDR": 0.0, "Power": 0.7, "Temporal_FDR": 0.0, "Temporal_Power": 0.7, "Average_Window_FDR": 0.0, "Average_Window_Power": 1.0, "Window_Overlap": {"1": 1.0, "3": 1.0, "4": 1.0, "5": 1.0, "6": 1.0, "8": 1.0, "9": 1.0}}, "20": {"FDR": 0.0, "Power": 0.8, "Temporal_FDR": 0.0, "Temporal_Power": 0.8, "Average_Window_FDR": 0.0, "Average_Window_Power": 1.0, "Window_Overlap": {"1": 1.0, "3": 1.0, "4": 1.0, "5": 1.0, "6": 1.0, "8": 1.0, "9": 1.0, "10": 1.0, "11": 1.0, "12": 1.0, "13": 1.0, "14": 1.0, "15": 1.0, "17": 1.0, "18": 1.0, "19": 1.0}}, "40": {"FDR": 0.0, "Power": 0.75, "Temporal_FDR": 0.0, "Temporal_Power": 0.75, "Average_Window_FDR": 0.0, "Average_Window_Power": 1.0, "Window_Overlap": {"1": 1.0, "3": 1.0, "4": 1.0, "5": 1.0, "6": 1.0, "8": 1.0, "9": 1.0, "10": 1.0, "11": 1.0, "12": 1.0, "13": 1.0, "14": 1.0, "15": 1.0, "17": 1.0, "18": 1.0, "19": 1.0, "21": 1.0, "22": 1.0, "23": 1.0, "25": 1.0, "27": 1.0, "28": 1.0, "30": 1.0, "31": 1.0, "34": 1.0, "35": 1.0, "36": 1.0, "37": 1.0, "38": 1.0, "39": 1.0}}, "80": {"FDR": 0.0, "Power": 0.75, "Temporal_FDR": 0.0, "Temporal_Power": 0.7564102564102564, "Average_Window_FDR": 0.0, "Average_Window_Power": 1.0, "Window_Overlap": {"1": 1.0, "3": 1.0, "4": 1.0, "5": 1.0, "6": 1.0, "8": 1.0, "9": 1.0, "10": 1.0, "11": 1.0, "12": 1.0, "13": 1.0, "14": 1.0, "15": 1.0, "17": 1.0, "18": 1.0, "19": 1.0, "21": 1.0, "22": 1.0, "23": 1.0, "25": 1.0, "27": 1.0, "28": 1.0, "30": 1.0, "31": 1.0, "34": 1.0, "35": 1.0, "36": 1.0, "37": 1.0, "38": 1.0, "39": 1.0, "40": 1.0, "45": 1.0, "47": 1.0, "48": 1.0, "49": 1.0, "51": 1.0, "52": 1.0, "53": 1.0, "55": 1.0, "56": 1.0, "57": 1.0, "58": 1.0, "59": 1.0, "60": 1.0, "61": 1.0, "62": 1.0, "65": 1.0, "67": 1.0, "68": 1.0, "69": 1.0, "70": 1.0, "72": 1.0, "73": 1.0, "74": 1.0, "75": 1.0, "76": 1.0, "77": 1.0, "78": 1.0, "79": 1.0}}, "160": {"FDR": 0.0, "Power": 0.725, "Temporal_FDR": 0.0, "Temporal_Power": 0.7225806451612903, "Average_Window_FDR": 0.0, "Average_Window_Power": 1.0, "Window_Overlap": {"1": 1.0, "3": 1.0, "4": 1.0, "5": 1.0, "6": 1.0, "8": 1.0, "9": 1.0, "10": 1.0, "11": 1.0, "12": 1.0, "13": 1.0, "14": 1.0, "15": 1.0, "17": 1.0, "18": 1.0, "19": 1.0, "21": 1.0, "22": 1.0, "23": 1.0, "25": 1.0, "27": 1.0, "28": 1.0, "30": 1.0, "31": 1.0, "34": 1.0, "35": 1.0, "36": 1.0, "37": 1.0, "38": 1.0, "39": 1.0, "40": 1.0, "45": 1.0, "47": 1.0, "48": 1.0, "49": 1.0, "51": 1.0, "52": 1.0, "53": 1.0, "55": 1.0, "56": 1.0, "57": 1.0, "58": 1.0, "59": 1.0, "60": 1.0, "61": 1.0, "62": 1.0, "65": 1.0, "67": 1.0, "68": 1.0, "69": 1.0, "70": 1.0, "72": 1.0, "73": 1.0, "74": 1.0, "75": 1.0, "76": 1.0, "77": 1.0, "78": 1.0, "79": 1.0, "80": 1.0, "81": 1.0, "83": 1.0, "85": 1.0, "87": 1.0, "88": 1.0, "89": 1.0, "90": 1.0, "91": 1.0, "93": 1.0, "94": 1.0, "95": 1.0, "97": 1.0, "98": 1.0, "101": 1.0, "102": 1.0, "103": 1.0, "105": 1.0, "106": 1.0, "107": 1.0, "108": 1.0, "109": 1.0, "110": 1.0, "111": 1.0, "112": 1.0, "114": 1.0, "117": 1.0, "119": 1.0, "121": 1.0, "122": 1.0, "123": 1.0, "124": 1.0, "125": 1.0, "126": 1.0, "130": 1.0, "131": 1.0, "132": 1.0, "135": 1.0, "136": 1.0, "137": 1.0, "138": 1.0, "139": 1.0, "140": 1.0, "141": 1.0, "142": 1.0, "143": 1.0, "147": 1.0, "148": 1.0, "149": 1.0, "152": 1.0, "153": 1.0, "155": 1.0, "159": 1.0}}, "320": {"FDR": 0.0, "Power": 0.61875, "Temporal_FDR": 0.0, "Temporal_Power": 0.6258064516129033, "Average_Window_FDR": 0.0, "Average_Window_Power": 0.9086191808725003, "Window_Overlap": {"3": 1.0, "4": 1.0, "5": 1.0, "6": 0.7, "8": 1.0, "10": 1.0, "11": 1.0, "12": 1.0, "13": 1.0, "14": 1.0, "15": 1.0, "17": 1.0, "18": 1.0, "21": 1.0, "22": 1.0, "23": 1.0, "25": 1.0, "27": 1.0, "28": 1.0, "30": 1.0, "31": 1.0, "34": 0.78125, "35": 1.0, "36": 1.0, "37": 1.0, "38": 1.0, "39": 1.0, "40": 1.0, "45": 1.0, "47": 1.0, "48": 1.0, "49": 1.0, "51": 0.9705882352941176, "52": 1.0, "55": 1.0, "58": 1.0, "59": 1.0, "60": 1.0, "61": 0.75, "62": 1.0, "65": 1.0, "67": 1.0, "70": 1.0, "73": 1.0, "74": 1.0, "75": 1.0, "76": 1.0, "77": 1.0, "78": 0.5625, "79": 1.0, "80": 1.0, "81": 1.0, "85": 1.0, "87": 1.0, "89": 1.0, "90": 1.0, "91": 1.0, "93": 1.0, "97": 0.9, "98": 1.0, "101": 0.625, "103": 1.0, "105": 0.631578947368421, "106": 0.9722222222222222, "107": 1.0, "108": 1.0, "109": 1.0, "110": 1.0, "111": 1.0, "112": 1.0, "114": 1.0, "117": 1.0, "119": 1.0, "121": 0.9, "122": 0.875, "123": 1.0, "124": 1.0, "125": 1.0, "126": 1.0, "130": 1.0, "131": 0.5909090909090909, "132": 1.0, "135": 1.0, "136": 1.0, "137": 1.0, "139": 1.0, "140": 0.6666666666666666, "141": 1.0, "142": 0.5333333333333333, "143": 1.0, "148": 1.0, "149": 0.5555555555555556, "152": 1.0, "155": 1.0, "159": 1.0, "161": 0.5833333333333334, "162": 1.0, "163": 1.0, "165": 1.0, "168": 1.0, "172": 1.0, "173": 1.0, "175": 1.0, "177": 0.5714285714285714, "178": 1.0, "180": 0.5789473684210527, "182": 1.0, "184": 1.0, "188": 1.0, "190": 0.875, "191": 1.0, "193": 0.6071428571428571, "195": 1.0, "197": 1.0, "199": 1.0, "200": 1.0, "202": 1.0, "203": 1.0, "204": 1.0, "206": 1.0, "207": 1.0, "208": 1.0, "209": 1.0, "210": 1.0, "211": 1.0, "215": 0.7352941176470589, "216": 1.0, "217": 1.0, "220": 1.0, "222": 1.0, "223": 1.0, "227": 1.0, "229": 1.0, "230": 1.0, "232": 1.0, "233": 0.6818181818181819, "234": 1.0, "236": 1.0, "237": 1.0, "238": 1.0, "241": 1.0, "242": 1.0, "243": 1.0, "244": 1.0, "245": 0.6666666666666666, "246": 1.0, "248": 1.0, "250": 1.0, "252": 1.0, "253": 1.0, "254": 1.0, "258": 0.625, "259": 1.0, "262": 1.0, "264": 1.0, "266": 1.0, "267": 1.0, "269": 1.0, "272": 1.0, "273": 1.0, "274": 1.0, "275": 1.0, "276": 1.0, "279": 1.0, "280": 1.0, "281": 1.0, "282": 1.0, "283": 0.55, "285": 1.0, "286": 1.0, "287": 1.0, "288": 0.5357142857142857, "290": 0.875, "291": 1.0, "293": 1.0, "294": 1.0, "295": 1.0, "296": 1.0, "297": 0.625, "298": 1.0, "299": 0.6111111111111112, "302": 1.0, "303": 1.0, "305": 1.0, "306": 1.0, "307": 1.0, "309": 1.0, "310": 1.0, "311": 1.0, "312": 1.0, "314": 1.0, "315": 1.0, "316": 1.0, "318": 1.0}}}