{"10": {"FDR": 0.0, "Power": 0.8, "Temporal_FDR": 0.0, "Temporal_Power": 0.8, "Average_Window_FDR": 0.0, "Average_Window_Power": 1.0, "Window_Overlap": {"0": 1.0, "2": 1.0, "3": 1.0, "5": 1.0, "6": 1.0, "7": 1.0, "8": 1.0, "9": 1.0}}, "20": {"FDR": 0.0, "Power": 0.65, "Temporal_FDR": 0.0, "Temporal_Power": 0.6, "Average_Window_FDR": 0.0, "Average_Window_Power": 1.0, "Window_Overlap": {"2": 1.0, "5": 1.0, "7": 1.0, "8": 1.0, "10": 1.0, "11": 1.0, "13": 1.0, "14": 1.0, "15": 1.0, "16": 1.0, "17": 1.0, "19": 1.0}}, "40": {"FDR": 0.0, "Power": 0.75, "Temporal_FDR": 0.0, "Temporal_Power": 0.7435897435897436, "Average_Window_FDR": 0.0, "Average_Window_Power": 1.0, "Window_Overlap": {"0": 1.0, "2": 1.0, "3": 1.0, "5": 1.0, "6": 1.0, "7": 1.0, "8": 1.0, "9": 1.0, "10": 1.0, "11": 1.0, "12": 1.0, "13": 1.0, "14": 1.0, "15": 1.0, "16": 1.0, "17": 1.0, "18": 1.0, "19": 1.0, "21": 1.0, "22": 1.0, "23": 1.0, "24": 1.0, "25": 1.0, "29": 1.0, "31": 1.0, "32": 1.0, "33": 1.0, "36": 1.0, "38": 1.0}}, "80": {"FDR": 0.0, "Power": 0.725, "Temporal_FDR": 0.0, "Temporal_Power": 0.717948717948718, "Average_Window_FDR": 0.0, "Average_Window_Power": 1.0, "Window_Overlap": {"0": 1.0, "2": 1.0, "3": 1.0, "5": 1.0, "6": 1.0, "7": 1.0, "8": 1.0, "9": 1.0, "10": 1.0, "11": 1.0, "12": 1.0, "13": 1.0, "14": 1.0, "15": 1.0, "16": 1.0, "17": 1.0, "18": 1.0, "19": 1.0, "21": 1.0, "22": 1.0, "23": 1.0, "24": 1.0, "25": 1.0, "29": 1.0, "31": 1.0, "32": 1.0, "33": 1.0, "36": 1.0, "37": 1.0, "38": 1.0, "40": 1.0, "41": 1.0, "42": 1.0, "44": 1.0, "45": 1.0, "47": 1.0, "49": 1.0, "51": 1.0, "53": 1.0, "54": 1.0, "55": 1.0, "57": 1.0, "58": 1.0, "61": 1.0, "62": 1.0, "64": 1.0, "65": 1.0, "66": 1.0, "67": 1.0, "69": 1.0, "71": 1.0, "72": 1.0, "73": 1.0, "74": 1.0, "75": 1.0, "78": 1.0}}, "160": {"FDR": 0.0, "Power": 0.74375, "Temporal_FDR": 0.0, "Temporal_Power": 0.7337662337662337, "Average_Window_FDR": 0.0, "Average_Window_Power": 1.0, "Window_Overlap": {"0": 1.0, "2": 1.0, "3": 1.0, "5": 1.0, "6": 1.0, "7": 1.0, "8": 1.0, "9": 1.0, "10": 1.0, "11": 1.0, "12": 1.0, "13": 1.0, "14": 1.0, "15": 1.0, "16": 1.0, "17": 1.0, "18": 1.0, "19": 1.0, "21": 1.0, "22": 1.0, "23": 1.0, "24": 1.0, "25": 1.0, "29": 1.0, "31": 1.0, "32": 1.0, "33": 1.0, "36": 1.0, "37": 1.0, "38": 1.0, "40": 1.0, "41": 1.0, "42": 1.0, "44": 1.0, "45": 1.0, "47": 1.0, "49": 1.0, "51": 1.0, "53": 1.0, "54": 1.0, "55": 1.0, "57": 1.0, "58": 1.0, "61": 1.0, "62": 1.0, "64": 1.0, "65": 1.0, "66": 1.0, "67": 1.0, "69": 1.0, "71": 1.0, "72": 1.0, "73": 1.0, "74": 1.0, "75": 1.0, "78": 1.0, "80": 1.0, "81": 1.0, "82": 1.0, "83": 1.0, "86": 1.0, "87": 1.0, "88": 1.0, "89": 1.0, "90": 1.0, "91": 1.0, "92": 1.0, "93": 1.0, "95": 1.0, "96": 1.0, "97": 1.0, "98": 1.0, "100": 1.0, "101": 1.0, "102": 1.0, "103": 1.0, "104": 1.0, "105": 1.0, "106": 1.0, "107": 1.0, "108": 1.0, "109": 1.0, "110": 1.0, "113": 1.0, "114": 1.0, "115": 1.0, "116": 1.0, "117": 1.0, "118": 1.0, "121": 1.0, "122": 1.0, "123": 1.0, "126": 1.0, "127": 1.0, "128": 1.0, "131": 1.0, "132": 1.0, "134": 1.0, "135": 1.0, "136": 1.0, "137": 1.0, "138": 1.0, "139": 1.0, "142": 1.0, "144": 1.0, "146": 1.0, "147": 1.0, "149": 1.0, "150": 1.0, "152": 1.0, "153": 1.0, "156": 1.0, "158": 1.0}}, "320": {"FDR": 0.0, "Power": 0.65, "Temporal_FDR": 0.0, "Temporal_Power": 0.6384364820846905, "Average_Window_FDR": 0.0, "Average_Window_Power": 0.9276613219906327, "Window_Overlap": {"2": 1.0, "3": 1.0, "5": 1.0, "7": 1.0, "8": 1.0, "10": 1.0, "11": 1.0, "13": 1.0, "14": 1.0, "15": 1.0, "16": 1.0, "17": 1.0, "18": 0.9230769230769231, "19": 1.0, "22": 1.0, "23": 1.0, "24": 1.0, "25": 1.0, "31": 1.0, "32": 1.0, "33": 1.0, "36": 1.0, "37": 1.0, "38": 1.0, "41": 1.0, "42": 1.0, "44": 0.8888888888888888, "45": 1.0, "47": 1.0, "49": 1.0, "51": 1.0, "53": 1.0, "54": 1.0, "55": 1.0, "57": 1.0, "58": 1.0, "61": 1.0, "64": 1.0, "65": 1.0, "66": 1.0, "67": 1.0, "71": 1.0, "72": 1.0, "73": 1.0, "74": 1.0, "78": 1.0, "80": 1.0, "81": 1.0, "82": 1.0, "83": 1.0, "86": 1.0, "87": 1.0, "88": 1.0, "89": 0.875, "90": 1.0, "92": 1.0, "93": 1.0, "95": 1.0, "97": 1.0, "98": 1.0, "100": 1.0, "101": 1.0, "102": 1.0, "103": 1.0, "104": 1.0, "105": 1.0, "106": 1.0, "107": 1.0, "108": 0.8181818181818181, "109": 0.9230769230769231, "110": 1.0, "113": 1.0, "114": 1.0, "115": 0.8125, "116": 1.0, "118": 1.0, "122": 1.0, "123": 1.0, "126": 0.9583333333333333, "128": 1.0, "132": 0.6875, "134": 1.0, "135": 0.5357142857142857, "136": 1.0, "139": 1.0, "142": 1.0, "146": 1.0, "147": 1.0, "149": 1.0, "150": 1.0, "153": 1.0, "156": 1.0, "158": 1.0, "161": 1.0, "163": 1.0, "164": 1.0, "165": 1.0, "166": 1.0, "169": 0.5714285714285714, "171": 1.0, "172": 1.0, "173": 1.0, "175": 0.5384615384615384, "178": 1.0, "180": 0.7916666666666667, "181": 1.0, "182": 1.0, "183": 1.0, "184": 1.0, "185": 1.0, "186": 1.0, "187": 1.0, "189": 1.0, "191": 1.0, "192": 1.0, "193": 1.0, "194": 1.0, "195": 1.0, "200": 1.0, "201": 1.0, "202": 0.8125, "203": 1.0, "204": 1.0, "209": 0.75, "210": 1.0, "214": 1.0, "215": 1.0, "216": 0.75, "218": 1.0, "219": 1.0, "220": 1.0, "221": 1.0, "222": 1.0, "223": 1.0, "224": 1.0, "226": 1.0, "227": 0.9473684210526316, "228": 1.0, "229": 1.0, "230": 0.7222222222222222, "232": 1.0, "233": 1.0, "234": 1.0, "235": 1.0, "236": 1.0, "240": 1.0, "243": 1.0, "244": 1.0, "246": 0.6875, "247": 1.0, "248": 1.0, "249": 0.875, "254": 1.0, "255": 1.0, "257": 1.0, "259": 1.0, "260": 1.0, "262": 0.5384615384615384, "263": 0.6333333333333333, "267": 0.5769230769230769, "268": 1.0, "272": 1.0, "273": 1.0, "275": 1.0, "276": 1.0, "277": 0.8181818181818181, "278": 1.0, "280": 1.0, "282": 1.0, "283": 1.0, "284": 1.0, "285": 1.0, "288": 1.0, "289": 1.0, "290": 1.0, "291": 1.0, "292": 1.0, "293": 1.0, "295": 1.0, "297": 0.6666666666666666, "298": 1.0, "300": 1.0, "302": 1.0, "303": 0.625, "304": 1.0, "305": 0.625, "306": 1.0, "307": 1.0, "308": 1.0, "310": 1.0, "311": 0.5588235294117647, "312": 1.0, "313": 1.0, "315": 1.0, "316": 1.0, "318": 1.0}}}