{"10": {"FDR": 0.0, "Power": 0.8, "Temporal_FDR": 0.0, "Temporal_Power": 0.875, "Average_Window_FDR": 0.0, "Average_Window_Power": 0.8571428571428571, "Window_Overlap": {"1": 1.0, "2": 0.75, "3": 1.0, "4": 1.0, "5": 0.75, "7": 1.0, "9": 1.0}}, "20": {"FDR": 0.0, "Power": 0.8, "Temporal_FDR": 0.0, "Temporal_Power": 0.875, "Average_Window_FDR": 0.0, "Average_Window_Power": 0.8571428571428571, "Window_Overlap": {"1": 1.0, "2": 0.75, "3": 1.0, "4": 1.0, "5": 0.75, "7": 1.0, "9": 1.0}}, "40": {"FDR": 0.0, "Power": 0.8, "Temporal_FDR": 0.0, "Temporal_Power": 0.8888888888888888, "Average_Window_FDR": 0.0, "Average_Window_Power": 0.9967948717948718, "Window_Overlap": {"1": 1.0, "2": 1.0, "3": 1.0, "4": 1.0, "5": 1.0, "6": 0.9871794871794872, "7": 1.0, "9": 1.0}}, "80": {"FDR": 0.0, "Power": 0.8, "Temporal_FDR": 0.0, "Temporal_Power": 0.8, "Average_Window_FDR": 0.0, "Average_Window_Power": 0.9502164502164502, "Window_Overlap": {"1": 1.0, "2": 0.8333333333333333, "3": 1.0, "4": 1.0, "5": 1.0, "6": 0.9675324675324675, "7": 1.0, "9": 1.0}}, "160": {"FDR": 0.0, "Power": 0.8, "Temporal_FDR": 0.0, "Temporal_Power": 0.8, "Average_Window_FDR": 0.0, "Average_Window_Power": 0.9598214285714286, "Window_Overlap": {"1": 1.0, "2": 0.875, "3": 1.0, "4": 1.0, "5": 1.0, "6": 0.9642857142857143, "7": 1.0, "9": 1.0}}, "320": {"FDR": 0.0, "Power": 0.8, "Temporal_FDR": 0.0, "Temporal_Power": 0.8, "Average_Window_FDR": 0.0, "Average_Window_Power": 0.9448529411764706, "Window_Overlap": {"1": 1.0, "2": 0.8333333333333333, "3": 1.0, "4": 1.0, "5": 1.0, "6": 0.946078431372549, "7": 1.0, "9": 1.0}}}