{"10": {"FDR": 0.0, "Power": 0.8, "Temporal_FDR": 0.0, "Temporal_Power": 0.8888888888888888, "Average_Window_FDR": 0.0, "Average_Window_Power": 0.84375, "Window_Overlap": {"0": 0.625, "1": 1.0, "2": 1.0, "4": 0.75, "5": 1.0, "7": 1.0, "8": 1.0, "9": 1.0}}, "20": {"FDR": 0.0, "Power": 0.8, "Temporal_FDR": 0.0, "Temporal_Power": 0.8, "Average_Window_FDR": 0.0, "Average_Window_Power": 0.8573179271708684, "Window_Overlap": {"0": 0.6666666666666666, "1": 1.0, "2": 1.0, "4": 0.8214285714285714, "5": 1.0, "7": 1.0, "8": 1.0, "9": 0.9411764705882353}}, "40": {"FDR": 0.0, "Power": 0.7, "Temporal_FDR": 0.0, "Temporal_Power": 0.7, "Average_Window_FDR": 0.0, "Average_Window_Power": 0.8167903525046382, "Window_Overlap": {"0": 0.5909090909090909, "1": 1.0, "2": 1.0, "4": 0.7678571428571428, "5": 1.0, "7": 1.0, "8": 1.0}}, "80": {"FDR": 0.0, "Power": 0.7, "Temporal_FDR": 0.0, "Temporal_Power": 0.7, "Average_Window_FDR": 0.0, "Average_Window_Power": 0.7860922146636433, "Window_Overlap": {"0": 0.5476190476190477, "1": 1.0, "2": 1.0, "4": 0.7037037037037037, "5": 1.0, "7": 1.0, "8": 1.0}}, "160": {"FDR": 0.0, "Power": 0.7, "Temporal_FDR": 0.0, "Temporal_Power": 0.7, "Average_Window_FDR": 0.0, "Average_Window_Power": 0.7391521041647199, "Window_Overlap": {"0": 0.5365853658536586, "1": 1.0, "2": 1.0, "4": 0.6481481481481481, "5": 1.0, "7": 0.9022988505747127, "8": 1.0}}, "320": {"FDR": 0.0, "Power": 0.6, "Temporal_FDR": 0.0, "Temporal_Power": 0.6, "Average_Window_FDR": 0.0, "Average_Window_Power": 0.658618049574122, "Window_Overlap": {"0": 0.5246913580246914, "1": 1.0, "2": 1.0, "4": 0.6139534883720931, "7": 0.8372093023255813, "8": 1.0}}}