{"10": {"FDR": 0.0, "Power": 0.9, "Temporal_FDR": 0.0, "Temporal_Power": 0.875, "Average_Window_FDR": 0.0, "Average_Window_Power": 0.9107142857142857, "Window_Overlap": {"0": 1.0, "1": 1.0, "3": 1.0, "4": 0.6875, "5": 1.0, "6": 1.0, "8": 1.0}}, "20": {"FDR": 0.0, "Power": 0.7, "Temporal_FDR": 0.0, "Temporal_Power": 0.625, "Average_Window_FDR": 0.0, "Average_Window_Power": 0.85, "Window_Overlap": {"0": 1.0, "1": 1.0, "4": 0.625, "5": 1.0, "8": 1.0}}, "40": {"FDR": 0.0, "Power": 0.7, "Temporal_FDR": 0.0, "Temporal_Power": 0.6666666666666666, "Average_Window_FDR": 0.0, "Average_Window_Power": 0.8407738095238096, "Window_Overlap": {"0": 1.0, "1": 0.9285714285714286, "4": 0.59375, "5": 1.0, "8": 1.0, "9": 1.0}}, "80": {"FDR": 0.0, "Power": 0.7, "Temporal_FDR": 0.0, "Temporal_Power": 0.6666666666666666, "Average_Window_FDR": 0.0, "Average_Window_Power": 0.7865961199294533, "Window_Overlap": {"0": 0.9444444444444444, "1": 0.8518518518518519, "4": 0.5634920634920635, "5": 1.0, "8": 1.0, "9": 1.0}}, "160": {"FDR": 0.0, "Power": 0.5, "Temporal_FDR": 0.0, "Temporal_Power": 0.5, "Average_Window_FDR": 0.0, "Average_Window_Power": 0.7262461538461539, "Window_Overlap": {"1": 0.7596153846153846, "2": 1.0, "4": 0.556, "8": 1.0, "9": 1.0}}, "320": {"FDR": 0.0, "Power": 0.5, "Temporal_FDR": 0.0, "Temporal_Power": 0.5, "Average_Window_FDR": 0.0, "Average_Window_Power": 0.6932662689593325, "Window_Overlap": {"1": 0.6990291262135923, "2": 1.0, "4": 0.5341365461847389, "8": 1.0, "9": 1.0}}}