{"10": {"FDR": 0.0, "Power": 0.7, "Temporal_FDR": 0.0, "Temporal_Power": 0.6666666666666666, "Average_Window_FDR": 0.0, "Average_Window_Power": 0.8571428571428572, "Window_Overlap": {"2": 0.9285714285714286, "3": 1.0, "5": 1.0, "6": 1.0, "7": 0.6428571428571428, "9": 1.0}}, "20": {"FDR": 0.0, "Power": 0.8, "Temporal_FDR": 0.0, "Temporal_Power": 0.7777777777777778, "Average_Window_FDR": 0.0, "Average_Window_Power": 1.0, "Window_Overlap": {"2": 1.0, "3": 1.0, "4": 1.0, "5": 1.0, "6": 1.0, "7": 1.0, "9": 1.0, "10": 1.0, "12": 1.0, "13": 1.0, "14": 1.0, "16": 1.0, "17": 1.0, "18": 1.0}}, "40": {"FDR": 0.0, "Power": 0.8, "Temporal_FDR": 0.0, "Temporal_Power": 0.7894736842105263, "Average_Window_FDR": 0.0, "Average_Window_Power": 0.980952380952381, "Window_Overlap": {"2": 1.0, "3": 1.0, "4": 1.0, "5": 1.0, "6": 1.0, "7": 1.0, "9": 1.0, "10": 1.0, "12": 1.0, "13": 1.0, "14": 0.7142857142857143, "16": 1.0, "17": 1.0, "18": 1.0, "20": 1.0, "21": 1.0, "22": 1.0, "25": 1.0, "26": 1.0, "27": 1.0, "28": 1.0, "29": 1.0, "30": 1.0, "31": 1.0, "32": 1.0, "33": 1.0, "34": 1.0, "35": 1.0, "36": 1.0, "39": 1.0}}, "80": {"FDR": 0.0, "Power": 0.675, "Temporal_FDR": 0.0, "Temporal_Power": 0.68, "Average_Window_FDR": 0.0, "Average_Window_Power": 0.8840715384833031, "Window_Overlap": {"2": 0.8928571428571428, "3": 1.0, "5": 1.0, "6": 1.0, "7": 0.6428571428571428, "9": 1.0, "10": 1.0, "12": 1.0, "13": 0.5833333333333334, "14": 1.0, "16": 0.5769230769230769, "17": 1.0, "20": 1.0, "21": 0.9166666666666667, "22": 1.0, "25": 1.0, "26": 1.0, "27": 1.0, "29": 0.8125, "30": 1.0, "31": 1.0, "32": 0.5833333333333334, "33": 1.0, "34": 1.0, "36": 1.0, "39": 0.75, "40": 1.0, "42": 1.0, "43": 1.0, "46": 1.0, "47": 1.0, "48": 1.0, "50": 1.0, "51": 1.0, "54": 1.0, "55": 0.9444444444444444, "56": 1.0, "57": 1.0, "59": 1.0, "60": 1.0, "63": 1.0, "65": 1.0, "66": 1.0, "68": 1.0, "69": 0.75, "70": 0.5909090909090909, "73": 1.0, "75": 1.0, "76": 1.0, "77": 1.0, "78": 1.0}}, "160": {"FDR": 0.0, "Power": 0.6625, "Temporal_FDR": 0.0, "Temporal_Power": 0.6490066225165563, "Average_Window_FDR": 0.0, "Average_Window_Power": 0.8964528325833374, "Window_Overlap": {"2": 0.9285714285714286, "3": 1.0, "5": 1.0, "6": 1.0, "7": 0.6428571428571428, "9": 1.0, "10": 1.0, "12": 1.0, "13": 0.6666666666666666, "14": 1.0, "16": 0.5769230769230769, "17": 1.0, "20": 1.0, "21": 0.9166666666666667, "22": 1.0, "25": 1.0, "26": 1.0, "27": 1.0, "29": 0.8125, "30": 1.0, "31": 1.0, "32": 0.5833333333333334, "33": 1.0, "34": 1.0, "36": 1.0, "39": 0.75, "40": 1.0, "42": 1.0, "43": 1.0, "46": 1.0, "47": 1.0, "48": 1.0, "50": 1.0, "51": 1.0, "54": 1.0, "55": 0.9166666666666667, "56": 1.0, "57": 1.0, "59": 1.0, "60": 1.0, "63": 1.0, "65": 1.0, "66": 1.0, "68": 1.0, "69": 0.75, "70": 0.5909090909090909, "73": 1.0, "75": 1.0, "76": 1.0, "77": 1.0, "78": 1.0, "80": 1.0, "83": 1.0, "84": 1.0, "87": 1.0, "89": 1.0, "90": 1.0, "92": 1.0, "94": 1.0, "97": 1.0, "99": 1.0, "101": 1.0, "105": 1.0, "106": 1.0, "109": 0.55, "110": 1.0, "111": 1.0, "112": 1.0, "113": 1.0, "114": 1.0, "117": 1.0, "119": 1.0, "120": 0.5277777777777778, "122": 1.0, "123": 1.0, "126": 1.0, "127": 1.0, "130": 1.0, "131": 1.0, "132": 0.6153846153846154, "134": 0.8157894736842105, "137": 1.0, "138": 0.625, "139": 1.0, "140": 1.0, "141": 1.0, "143": 1.0, "144": 1.0, "145": 1.0, "147": 0.8, "148": 1.0, "150": 0.8571428571428572, "151": 1.0, "152": 1.0, "154": 1.0, "157": 1.0, "158": 1.0, "159": 1.0}}, "320": {"FDR": 0.0, "Power": 0.759375, "Temporal_FDR": 0.0, "Temporal_Power": 0.7581699346405228, "Average_Window_FDR": 0.0, "Average_Window_Power": 1.0, "Window_Overlap": {"2": 1.0, "3": 1.0, "4": 1.0, "5": 1.0, "6": 1.0, "7": 1.0, "9": 1.0, "10": 1.0, "12": 1.0, "13": 1.0, "14": 1.0, "16": 1.0, "17": 1.0, "18": 1.0, "20": 1.0, "21": 1.0, "22": 1.0, "25": 1.0, "26": 1.0, "27": 1.0, "28": 1.0, "29": 1.0, "30": 1.0, "31": 1.0, "32": 1.0, "33": 1.0, "34": 1.0, "35": 1.0, "36": 1.0, "39": 1.0, "40": 1.0, "42": 1.0, "43": 1.0, "44": 1.0, "46": 1.0, "47": 1.0, "48": 1.0, "50": 1.0, "51": 1.0, "54": 1.0, "55": 1.0, "56": 1.0, "57": 1.0, "58": 1.0, "59": 1.0, "60": 1.0, "61": 1.0, "63": 1.0, "65": 1.0, "66": 1.0, "68": 1.0, "69": 1.0, "70": 1.0, "71": 1.0, "73": 1.0, "74": 1.0, "75": 1.0, "76": 1.0, "77": 1.0, "78": 1.0, "80": 1.0, "81": 1.0, "82": 1.0, "83": 1.0, "84": 1.0, "87": 1.0, "89": 1.0, "90": 1.0, "92": 1.0, "94": 1.0, "95": 1.0, "97": 1.0, "99": 1.0, "100": 1.0, "101": 1.0, "105": 1.0, "106": 1.0, "108": 1.0, "109": 1.0, "110": 1.0, "111": 1.0, "112": 1.0, "113": 1.0, "114": 1.0, "117": 1.0, "119": 1.0, "120": 1.0, "122": 1.0, "123": 1.0, "126": 1.0, "127": 1.0, "128": 1.0, "130": 1.0, "131": 1.0, "132": 1.0, "134": 1.0, "135": 1.0, "136": 1.0, "137": 1.0, "138": 1.0, "139": 1.0, "140": 1.0, "141": 1.0, "142": 1.0, "143": 1.0, "144": 1.0, "145": 1.0, "147": 1.0, "148": 1.0, "150": 1.0, "151": 1.0, "152": 1.0, "154": 1.0, "157": 1.0, "158": 1.0, "159": 1.0, "161": 1.0, "162": 1.0, "163": 1.0, "164": 1.0, "166": 1.0, "167": 1.0, "169": 1.0, "170": 1.0, "171": 1.0, "172": 1.0, "173": 1.0, "174": 1.0, "175": 1.0, "176": 1.0, "177": 1.0, "178": 1.0, "179": 1.0, "180": 1.0, "181": 1.0, "182": 1.0, "185": 1.0, "186": 1.0, "187": 1.0, "189": 1.0, "190": 1.0, "192": 1.0, "193": 1.0, "194": 1.0, "195": 1.0, "197": 1.0, "198": 1.0, "199": 1.0, "200": 1.0, "202": 1.0, "203": 1.0, "204": 1.0, "205": 1.0, "207": 1.0, "209": 1.0, "210": 1.0, "212": 1.0, "213": 1.0, "214": 1.0, "215": 1.0, "217": 1.0, "219": 1.0, "220": 1.0, "222": 1.0, "225": 1.0, "227": 1.0, "228": 1.0, "229": 1.0, "232": 1.0, "234": 1.0, "235": 1.0, "236": 1.0, "237": 1.0, "239": 1.0, "241": 1.0, "242": 1.0, "246": 1.0, "248": 1.0, "249": 1.0, "250": 1.0, "251": 1.0, "252": 1.0, "253": 1.0, "254": 1.0, "255": 1.0, "256": 1.0, "258": 1.0, "259": 1.0, "260": 1.0, "261": 1.0, "262": 1.0, "263": 1.0, "264": 1.0, "265": 1.0, "266": 1.0, "267": 1.0, "269": 1.0, "272": 1.0, "274": 1.0, "275": 1.0, "276": 1.0, "279": 1.0, "283": 1.0, "285": 1.0, "286": 1.0, "287": 1.0, "288": 1.0, "289": 1.0, "291": 1.0, "292": 1.0, "294": 1.0, "295": 1.0, "296": 1.0, "297": 1.0, "298": 1.0, "299": 1.0, "301": 1.0, "302": 1.0, "303": 1.0, "304": 1.0, "305": 1.0, "306": 1.0, "308": 1.0, "309": 1.0, "310": 1.0, "311": 1.0, "312": 1.0, "313": 1.0, "314": 1.0, "317": 1.0, "318": 1.0, "319": 1.0}}}