{"10": {"FDR": 0.0, "Power": 0.7, "Temporal_FDR": 0.0, "Temporal_Power": 0.6666666666666666, "Average_Window_FDR": 0.0, "Average_Window_Power": 1.0, "Window_Overlap": {"2": 1.0, "3": 1.0, "4": 1.0, "6": 1.0, "7": 1.0, "9": 1.0}}, "20": {"FDR": 0.0, "Power": 0.7, "Temporal_FDR": 0.0, "Temporal_Power": 0.6842105263157895, "Average_Window_FDR": 0.0, "Average_Window_Power": 0.9375, "Window_Overlap": {"2": 1.0, "3": 1.0, "4": 1.0, "6": 1.0, "7": 1.0, "9": 1.0, "10": 1.0, "12": 1.0, "13": 1.0, "15": 1.0, "16": 0.59375, "17": 1.0, "18": 1.0}}, "40": {"FDR": 0.0, "Power": 0.825, "Temporal_FDR": 0.0, "Temporal_Power": 0.8108108108108109, "Average_Window_FDR": 0.0, "Average_Window_Power": 1.0, "Window_Overlap": {"2": 1.0, "3": 1.0, "4": 1.0, "6": 1.0, "7": 1.0, "9": 1.0, "10": 1.0, "12": 1.0, "13": 1.0, "14": 1.0, "15": 1.0, "16": 1.0, "17": 1.0, "18": 1.0, "19": 1.0, "20": 1.0, "21": 1.0, "22": 1.0, "24": 1.0, "25": 1.0, "27": 1.0, "29": 1.0, "30": 1.0, "31": 1.0, "32": 1.0, "33": 1.0, "34": 1.0, "35": 1.0, "37": 1.0, "39": 1.0}}, "80": {"FDR": 0.0, "Power": 0.7125, "Temporal_FDR": 0.0, "Temporal_Power": 0.7142857142857143, "Average_Window_FDR": 0.0, "Average_Window_Power": 0.8715997638724912, "Window_Overlap": {"2": 1.0, "3": 1.0, "4": 1.0, "6": 1.0, "7": 1.0, "9": 1.0, "10": 1.0, "12": 1.0, "13": 1.0, "15": 1.0, "16": 0.59375, "17": 1.0, "18": 1.0, "20": 1.0, "21": 1.0, "22": 1.0, "24": 1.0, "25": 1.0, "27": 1.0, "29": 1.0, "30": 1.0, "32": 1.0, "33": 1.0, "34": 0.55, "35": 1.0, "38": 1.0, "39": 0.6428571428571428, "40": 0.7083333333333334, "41": 1.0, "42": 1.0, "43": 0.5909090909090909, "44": 1.0, "47": 0.8333333333333333, "48": 1.0, "49": 1.0, "50": 1.0, "51": 0.6, "54": 1.0, "55": 1.0, "56": 1.0, "57": 0.59375, "58": 1.0, "61": 1.0, "63": 1.0, "65": 1.0, "68": 0.6666666666666666, "69": 1.0, "71": 1.0, "72": 1.0, "73": 1.0, "74": 1.0, "75": 1.0, "76": 0.9166666666666667, "77": 1.0, "78": 0.7727272727272727}}, "160": {"FDR": 0.0, "Power": 0.75, "Temporal_FDR": 0.0, "Temporal_Power": 0.7435897435897436, "Average_Window_FDR": 0.0, "Average_Window_Power": 0.9976053639846744, "Window_Overlap": {"2": 1.0, "3": 1.0, "4": 1.0, "6": 1.0, "7": 1.0, "9": 1.0, "10": 1.0, "12": 1.0, "13": 1.0, "14": 1.0, "15": 1.0, "16": 1.0, "17": 1.0, "18": 1.0, "19": 1.0, "20": 1.0, "21": 1.0, "22": 1.0, "24": 1.0, "25": 1.0, "27": 1.0, "29": 1.0, "30": 1.0, "31": 1.0, "32": 1.0, "33": 1.0, "34": 1.0, "35": 1.0, "37": 1.0, "38": 1.0, "39": 1.0, "40": 1.0, "41": 1.0, "42": 1.0, "43": 1.0, "44": 1.0, "47": 1.0, "48": 1.0, "49": 1.0, "50": 1.0, "51": 1.0, "54": 1.0, "55": 1.0, "56": 1.0, "57": 1.0, "58": 1.0, "60": 1.0, "61": 1.0, "63": 1.0, "65": 1.0, "68": 1.0, "69": 1.0, "71": 1.0, "72": 1.0, "73": 1.0, "74": 1.0, "75": 1.0, "76": 1.0, "77": 1.0, "78": 1.0, "81": 1.0, "82": 1.0, "84": 1.0, "85": 1.0, "86": 1.0, "87": 1.0, "88": 1.0, "89": 1.0, "91": 1.0, "93": 1.0, "94": 1.0, "95": 1.0, "98": 1.0, "99": 1.0, "100": 1.0, "101": 1.0, "102": 1.0, "103": 1.0, "106": 1.0, "108": 1.0, "110": 1.0, "112": 1.0, "113": 1.0, "114": 1.0, "115": 1.0, "116": 1.0, "117": 1.0, "118": 1.0, "120": 1.0, "122": 1.0, "124": 1.0, "125": 1.0, "126": 1.0, "127": 1.0, "129": 1.0, "131": 1.0, "133": 1.0, "136": 1.0, "137": 1.0, "138": 1.0, "139": 1.0, "142": 0.8611111111111112, "143": 1.0, "144": 1.0, "147": 1.0, "148": 1.0, "149": 1.0, "150": 1.0, "151": 1.0, "152": 1.0, "154": 1.0, "155": 1.0, "156": 1.0, "157": 1.0, "158": 1.0, "159": 1.0}}, "320": {"FDR": 0.0, "Power": 0.68125, "Temporal_FDR": 0.0, "Temporal_Power": 0.678343949044586, "Average_Window_FDR": 0.0, "Average_Window_Power": 0.8981634961129575, "Window_Overlap": {"2": 1.0, "3": 1.0, "4": 1.0, "6": 1.0, "7": 1.0, "9": 1.0, "10": 1.0, "12": 1.0, "13": 1.0, "15": 1.0, "16": 0.59375, "17": 1.0, "18": 1.0, "20": 1.0, "21": 1.0, "22": 1.0, "24": 1.0, "25": 1.0, "27": 1.0, "29": 1.0, "30": 1.0, "31": 0.5357142857142857, "32": 1.0, "33": 1.0, "34": 0.55, "35": 1.0, "38": 1.0, "39": 0.6428571428571428, "40": 0.7083333333333334, "41": 1.0, "42": 1.0, "43": 0.5909090909090909, "44": 1.0, "47": 0.8333333333333333, "48": 1.0, "49": 1.0, "50": 1.0, "51": 0.6, "54": 1.0, "55": 1.0, "56": 1.0, "57": 0.59375, "58": 1.0, "61": 1.0, "63": 1.0, "65": 1.0, "68": 0.6666666666666666, "69": 1.0, "71": 1.0, "72": 1.0, "73": 1.0, "74": 1.0, "75": 1.0, "76": 0.9166666666666667, "77": 1.0, "78": 0.7727272727272727, "81": 0.875, "82": 1.0, "84": 1.0, "85": 1.0, "86": 1.0, "87": 1.0, "88": 1.0, "89": 0.8, "94": 1.0, "95": 1.0, "98": 1.0, "99": 0.9444444444444444, "100": 1.0, "101": 1.0, "102": 1.0, "103": 1.0, "106": 1.0, "108": 1.0, "110": 0.75, "112": 1.0, "113": 1.0, "114": 1.0, "115": 1.0, "116": 1.0, "117": 1.0, "118": 1.0, "120": 1.0, "122": 1.0, "124": 0.59375, "125": 0.5416666666666666, "126": 1.0, "127": 1.0, "131": 1.0, "133": 1.0, "136": 1.0, "137": 1.0, "138": 1.0, "139": 1.0, "142": 1.0, "143": 1.0, "144": 0.55, "147": 1.0, "148": 1.0, "149": 1.0, "150": 1.0, "152": 1.0, "154": 1.0, "155": 1.0, "157": 1.0, "158": 1.0, "159": 1.0, "161": 0.9117647058823529, "163": 1.0, "164": 0.5833333333333334, "165": 0.625, "166": 1.0, "169": 0.7333333333333334, "173": 1.0, "174": 1.0, "175": 1.0, "176": 1.0, "177": 1.0, "180": 1.0, "182": 0.5416666666666666, "184": 1.0, "186": 0.7777777777777778, "188": 1.0, "190": 1.0, "191": 1.0, "196": 1.0, "197": 1.0, "198": 1.0, "200": 1.0, "203": 1.0, "204": 1.0, "209": 1.0, "210": 0.6666666666666666, "212": 0.9545454545454546, "214": 0.6666666666666666, "216": 1.0, "219": 1.0, "221": 1.0, "225": 1.0, "226": 1.0, "227": 1.0, "228": 1.0, "231": 1.0, "232": 1.0, "233": 0.75, "234": 1.0, "236": 1.0, "237": 1.0, "238": 1.0, "239": 1.0, "241": 1.0, "242": 1.0, "243": 0.9230769230769231, "244": 1.0, "245": 1.0, "247": 1.0, "248": 1.0, "249": 1.0, "250": 1.0, "251": 1.0, "252": 1.0, "253": 1.0, "254": 0.5833333333333334, "255": 1.0, "257": 1.0, "258": 1.0, "259": 1.0, "260": 1.0, "261": 1.0, "262": 1.0, "263": 1.0, "264": 1.0, "266": 1.0, "267": 1.0, "268": 1.0, "269": 0.625, "270": 1.0, "272": 1.0, "275": 1.0, "276": 1.0, "277": 1.0, "278": 1.0, "279": 1.0, "280": 0.5714285714285714, "281": 1.0, "283": 1.0, "284": 1.0, "286": 0.9, "287": 0.75, "288": 1.0, "289": 0.5625, "291": 1.0, "292": 1.0, "293": 1.0, "295": 1.0, "297": 1.0, "299": 1.0, "300": 1.0, "301": 1.0, "302": 1.0, "303": 1.0, "304": 1.0, "305": 1.0, "306": 1.0, "310": 1.0, "312": 1.0, "313": 1.0, "314": 0.96875, "315": 1.0, "316": 1.0, "317": 1.0, "318": 1.0, "319": 1.0}}}