{"10": {"FDR": 0.0, "Power": 0.6, "Temporal_FDR": 0.0, "Temporal_Power": 0.6, "Average_Window_FDR": 0.0, "Average_Window_Power": 0.7113095238095237, "Window_Overlap": {"1": 1.0, "2": 1.0, "3": 1.0, "4": 0.5714285714285714, "7": 1.0, "8": 0.5625}}, "20": {"FDR": 0.0, "Power": 0.6, "Temporal_FDR": 0.0, "Temporal_Power": 0.6, "Average_Window_FDR": 0.0, "Average_Window_Power": 0.7113095238095237, "Window_Overlap": {"1": 1.0, "2": 1.0, "3": 1.0, "4": 0.5714285714285714, "7": 1.0, "8": 0.5625}}, "30": {"FDR": 0.0, "Power": 0.6, "Temporal_FDR": 0.0, "Temporal_Power": 0.6, "Average_Window_FDR": 0.0, "Average_Window_Power": 0.7113095238095237, "Window_Overlap": {"1": 1.0, "2": 1.0, "3": 1.0, "4": 0.5714285714285714, "7": 1.0, "8": 0.5625}}, "40": {"FDR": 0.0, "Power": 0.6, "Temporal_FDR": 0.0, "Temporal_Power": 0.6, "Average_Window_FDR": 0.0, "Average_Window_Power": 0.7113095238095237, "Window_Overlap": {"1": 1.0, "2": 1.0, "3": 1.0, "4": 0.5714285714285714, "7": 1.0, "8": 0.5625}}, "50": {"FDR": 0.0, "Power": 0.6, "Temporal_FDR": 0.0, "Temporal_Power": 0.6, "Average_Window_FDR": 0.0, "Average_Window_Power": 0.7113095238095237, "Window_Overlap": {"1": 1.0, "2": 1.0, "3": 1.0, "4": 0.5714285714285714, "7": 1.0, "8": 0.5625}}}