{"10": {"FDR": 0.0, "Power": 0.8, "Temporal_FDR": 0.0, "Temporal_Power": 0.7777777777777778, "Average_Window_FDR": 0.0, "Average_Window_Power": 0.8612244897959184, "Window_Overlap": {"2": 1.0, "3": 1.0, "4": 0.8, "5": 1.0, "6": 1.0, "7": 0.7142857142857143, "9": 1.0}}, "20": {"FDR": 0.0, "Power": 0.7, "Temporal_FDR": 0.0, "Temporal_Power": 0.6666666666666666, "Average_Window_FDR": 0.0, "Average_Window_Power": 0.8571428571428572, "Window_Overlap": {"2": 0.9285714285714286, "3": 1.0, "5": 1.0, "6": 1.0, "7": 0.6428571428571428, "9": 1.0}}, "40": {"FDR": 0.0, "Power": 0.6, "Temporal_FDR": 0.0, "Temporal_Power": 0.6, "Average_Window_FDR": 0.0, "Average_Window_Power": 0.6367901234567902, "Window_Overlap": {"2": 0.7592592592592593, "3": 1.0, "5": 1.0, "6": 1.0, "7": 0.6111111111111112, "9": 0.54}}, "80": {"FDR": 0.0, "Power": 0.4, "Temporal_FDR": 0.0, "Temporal_Power": 0.4, "Average_Window_FDR": 0.0, "Average_Window_Power": 0.5886617749825297, "Window_Overlap": {"2": 0.6018518518518519, "3": 1.0, "6": 1.0, "7": 0.5754716981132075}}, "160": {"FDR": 0.0, "Power": 0.3, "Temporal_FDR": 0.0, "Temporal_Power": 0.3, "Average_Window_FDR": 0.0, "Average_Window_Power": 0.4142208245981831, "Window_Overlap": {"2": 0.5694444444444444, "6": 1.0, "7": 0.5518867924528302}}, "320": {"FDR": 0.0, "Power": 0.3, "Temporal_FDR": 0.0, "Temporal_Power": 0.3, "Average_Window_FDR": 0.0, "Average_Window_Power": 0.37404189339418403, "Window_Overlap": {"2": 0.5231481481481481, "6": 1.0, "7": 0.5379146919431279}}}