{"10": {"FDR": 0.0, "Power": 0.7, "Temporal_FDR": 0.0, "Temporal_Power": 0.75, "Average_Window_FDR": 0.0, "Average_Window_Power": 0.75, "Window_Overlap": {"0": 1.0, "1": 1.0, "3": 0.625, "4": 1.0, "5": 0.625, "8": 1.0}}, "20": {"FDR": 0.0, "Power": 0.7, "Temporal_FDR": 0.0, "Temporal_Power": 0.6666666666666666, "Average_Window_FDR": 0.0, "Average_Window_Power": 0.7277777777777779, "Window_Overlap": {"0": 1.0, "1": 1.0, "3": 0.6, "4": 1.0, "5": 0.5833333333333334, "8": 1.0}}, "40": {"FDR": 0.0, "Power": 0.6, "Temporal_FDR": 0.0, "Temporal_Power": 0.6, "Average_Window_FDR": 0.0, "Average_Window_Power": 0.5534604284604284, "Window_Overlap": {"1": 1.0, "3": 0.5892857142857143, "4": 1.0, "5": 0.5454545454545454, "6": 0.5256410256410257, "8": 1.0}}, "80": {"FDR": 0.0, "Power": 0.6, "Temporal_FDR": 0.0, "Temporal_Power": 0.6, "Average_Window_FDR": 0.0, "Average_Window_Power": 0.5431166056166056, "Window_Overlap": {"1": 1.0, "3": 0.5625, "4": 1.0, "5": 0.5476190476190477, "6": 0.5192307692307693, "8": 1.0}}, "160": {"FDR": 0.0, "Power": 0.6, "Temporal_FDR": 0.0, "Temporal_Power": 0.6, "Average_Window_FDR": 0.0, "Average_Window_Power": 0.45829002079002085, "Window_Overlap": {"1": 1.0, "3": 0.5495495495495496, "4": 0.7875, "5": 0.525, "6": 0.5128205128205128, "8": 1.0}}, "320": {"FDR": 0.0, "Power": 0.5, "Temporal_FDR": 0.0, "Temporal_Power": 0.5, "Average_Window_FDR": 0.0, "Average_Window_Power": 0.4252900088015118, "Window_Overlap": {"1": 1.0, "3": 0.5361990950226244, "5": 0.5189873417721519, "6": 0.5080385852090032, "8": 1.0}}}