{"10": {"FDR": 0.0, "Power": 0.8, "Temporal_FDR": 0.0, "Temporal_Power": 0.8, "Average_Window_FDR": 0.0, "Average_Window_Power": 1.0, "Window_Overlap": {"1": 1.0, "2": 1.0, "3": 1.0, "4": 1.0, "6": 1.0, "7": 1.0, "8": 1.0, "9": 1.0}}, "20": {"FDR": 0.0, "Power": 0.9, "Temporal_FDR": 0.0, "Temporal_Power": 0.9, "Average_Window_FDR": 0.0, "Average_Window_Power": 1.0, "Window_Overlap": {"1": 1.0, "2": 1.0, "3": 1.0, "4": 1.0, "6": 1.0, "7": 1.0, "8": 1.0, "9": 1.0, "10": 1.0, "11": 1.0, "12": 1.0, "13": 1.0, "14": 1.0, "15": 1.0, "16": 1.0, "17": 1.0, "18": 1.0, "19": 1.0}}, "40": {"FDR": 0.0, "Power": 0.875, "Temporal_FDR": 0.0, "Temporal_Power": 0.875, "Average_Window_FDR": 0.0, "Average_Window_Power": 1.0, "Window_Overlap": {"1": 1.0, "2": 1.0, "3": 1.0, "4": 1.0, "6": 1.0, "7": 1.0, "8": 1.0, "9": 1.0, "10": 1.0, "11": 1.0, "12": 1.0, "13": 1.0, "14": 1.0, "15": 1.0, "16": 1.0, "17": 1.0, "18": 1.0, "19": 1.0, "20": 1.0, "21": 1.0, "25": 1.0, "26": 1.0, "27": 1.0, "28": 1.0, "29": 1.0, "30": 1.0, "31": 1.0, "32": 1.0, "33": 1.0, "34": 1.0, "35": 1.0, "36": 1.0, "37": 1.0, "38": 1.0, "39": 1.0}}, "80": {"FDR": 0.0, "Power": 0.7625, "Temporal_FDR": 0.0, "Temporal_Power": 0.7625, "Average_Window_FDR": 0.0, "Average_Window_Power": 0.8621975153315559, "Window_Overlap": {"1": 1.0, "2": 1.0, "3": 1.0, "4": 1.0, "6": 1.0, "7": 1.0, "9": 1.0, "11": 0.8, "12": 1.0, "13": 0.7307692307692308, "14": 1.0, "15": 1.0, "16": 0.5833333333333334, "17": 1.0, "18": 1.0, "19": 0.5333333333333333, "20": 1.0, "21": 0.5714285714285714, "25": 0.6818181818181819, "26": 0.8888888888888888, "27": 1.0, "28": 1.0, "31": 1.0, "32": 0.75, "33": 1.0, "34": 1.0, "35": 1.0, "36": 1.0, "37": 1.0, "38": 1.0, "39": 1.0, "40": 1.0, "41": 1.0, "42": 1.0, "45": 1.0, "46": 0.9642857142857143, "49": 1.0, "50": 1.0, "52": 1.0, "54": 1.0, "55": 1.0, "56": 1.0, "57": 1.0, "58": 1.0, "59": 1.0, "61": 1.0, "62": 0.5454545454545454, "64": 1.0, "65": 1.0, "66": 0.6333333333333333, "68": 1.0, "69": 1.0, "70": 1.0, "71": 1.0, "72": 1.0, "73": 0.5555555555555556, "74": 0.5588235294117647, "75": 1.0, "76": 1.0, "77": 1.0, "78": 1.0}}, "160": {"FDR": 0.0, "Power": 0.7875, "Temporal_FDR": 0.0, "Temporal_Power": 0.7911392405063291, "Average_Window_FDR": 0.0, "Average_Window_Power": 0.9984, "Window_Overlap": {"1": 1.0, "2": 1.0, "3": 1.0, "4": 1.0, "6": 1.0, "7": 1.0, "8": 1.0, "9": 1.0, "10": 1.0, "11": 1.0, "12": 1.0, "13": 1.0, "14": 1.0, "15": 1.0, "16": 1.0, "17": 1.0, "18": 1.0, "19": 1.0, "20": 1.0, "21": 1.0, "25": 1.0, "26": 1.0, "27": 1.0, "28": 1.0, "29": 1.0, "30": 1.0, "31": 1.0, "32": 1.0, "33": 1.0, "34": 1.0, "35": 1.0, "36": 1.0, "37": 1.0, "38": 1.0, "39": 1.0, "40": 1.0, "41": 1.0, "42": 1.0, "45": 1.0, "46": 1.0, "49": 1.0, "50": 1.0, "51": 1.0, "52": 1.0, "53": 1.0, "54": 1.0, "55": 1.0, "56": 1.0, "57": 1.0, "58": 1.0, "59": 1.0, "61": 1.0, "62": 1.0, "64": 1.0, "65": 1.0, "66": 1.0, "68": 1.0, "69": 1.0, "70": 1.0, "71": 1.0, "72": 1.0, "73": 1.0, "74": 1.0, "75": 1.0, "76": 1.0, "77": 1.0, "78": 1.0, "81": 1.0, "82": 1.0, "84": 1.0, "85": 1.0, "86": 1.0, "87": 1.0, "88": 1.0, "91": 1.0, "93": 1.0, "94": 1.0, "96": 1.0, "97": 1.0, "98": 1.0, "99": 1.0, "100": 1.0, "102": 1.0, "103": 1.0, "104": 0.9, "105": 1.0, "106": 1.0, "108": 1.0, "109": 1.0, "111": 1.0, "113": 1.0, "115": 1.0, "117": 1.0, "118": 1.0, "119": 1.0, "120": 1.0, "123": 1.0, "124": 1.0, "125": 1.0, "126": 1.0, "128": 1.0, "129": 1.0, "130": 1.0, "131": 1.0, "132": 1.0, "133": 1.0, "134": 1.0, "135": 1.0, "136": 1.0, "137": 1.0, "138": 1.0, "139": 1.0, "142": 1.0, "144": 1.0, "146": 1.0, "147": 1.0, "148": 1.0, "149": 1.0, "151": 1.0, "152": 1.0, "153": 1.0, "154": 1.0, "157": 1.0, "158": 1.0, "159": 1.0}}, "320": {"FDR": 0.0, "Power": 0.6375, "Temporal_FDR": 0.0, "Temporal_Power": 0.6314102564102564, "Average_Window_FDR": 0.0, "Average_Window_Power": 0.8752281952976189, "Window_Overlap": {"1": 1.0, "2": 1.0, "3": 1.0, "4": 1.0, "6": 1.0, "7": 1.0, "9": 1.0, "11": 0.8, "12": 1.0, "13": 0.7307692307692308, "14": 1.0, "15": 1.0, "16": 0.5833333333333334, "17": 1.0, "18": 1.0, "19": 0.5333333333333333, "20": 1.0, "21": 0.5714285714285714, "25": 0.6818181818181819, "26": 0.9166666666666667, "27": 1.0, "28": 1.0, "31": 1.0, "32": 0.75, "33": 1.0, "34": 1.0, "35": 1.0, "36": 1.0, "37": 1.0, "38": 1.0, "39": 1.0, "40": 1.0, "41": 1.0, "42": 1.0, "45": 1.0, "46": 0.9642857142857143, "49": 1.0, "50": 1.0, "52": 1.0, "54": 1.0, "55": 1.0, "56": 1.0, "57": 1.0, "58": 1.0, "59": 1.0, "61": 1.0, "62": 0.5454545454545454, "64": 1.0, "65": 1.0, "66": 0.6333333333333333, "68": 1.0, "69": 1.0, "70": 1.0, "71": 1.0, "72": 1.0, "73": 0.5555555555555556, "74": 0.5588235294117647, "75": 1.0, "76": 1.0, "77": 1.0, "78": 1.0, "81": 1.0, "82": 0.7222222222222222, "84": 1.0, "85": 1.0, "86": 1.0, "87": 0.65625, "88": 1.0, "91": 1.0, "93": 1.0, "96": 1.0, "97": 1.0, "98": 1.0, "99": 1.0, "100": 1.0, "102": 0.8181818181818181, "103": 1.0, "105": 1.0, "106": 1.0, "108": 1.0, "109": 0.6071428571428571, "111": 1.0, "113": 1.0, "115": 0.75, "117": 1.0, "118": 0.5555555555555556, "119": 1.0, "120": 1.0, "123": 1.0, "124": 1.0, "125": 1.0, "126": 1.0, "128": 1.0, "129": 0.6111111111111112, "130": 1.0, "131": 1.0, "132": 1.0, "133": 1.0, "134": 1.0, "136": 1.0, "137": 1.0, "138": 1.0, "139": 0.5416666666666666, "142": 1.0, "146": 1.0, "147": 1.0, "148": 1.0, "149": 1.0, "151": 1.0, "152": 1.0, "153": 1.0, "157": 1.0, "160": 0.8, "162": 1.0, "164": 1.0, "166": 1.0, "168": 1.0, "171": 1.0, "172": 1.0, "173": 1.0, "174": 1.0, "176": 1.0, "178": 1.0, "179": 1.0, "181": 1.0, "183": 1.0, "184": 0.6666666666666666, "187": 1.0, "189": 0.9545454545454546, "191": 1.0, "192": 1.0, "194": 1.0, "196": 1.0, "197": 1.0, "198": 1.0, "201": 1.0, "207": 1.0, "210": 0.6, "211": 1.0, "215": 1.0, "217": 1.0, "218": 1.0, "221": 1.0, "222": 1.0, "223": 1.0, "225": 0.625, "227": 0.55, "228": 1.0, "229": 0.5769230769230769, "231": 0.75, "232": 1.0, "233": 1.0, "236": 1.0, "237": 1.0, "239": 1.0, "241": 1.0, "242": 0.8888888888888888, "244": 1.0, "245": 1.0, "249": 1.0, "251": 1.0, "254": 0.5833333333333334, "255": 0.6, "257": 1.0, "259": 0.5416666666666666, "260": 1.0, "263": 0.8055555555555556, "264": 1.0, "266": 0.7727272727272727, "267": 1.0, "268": 1.0, "269": 1.0, "270": 1.0, "272": 0.5416666666666666, "274": 0.75, "278": 1.0, "280": 0.9285714285714286, "284": 1.0, "286": 1.0, "288": 1.0, "289": 1.0, "290": 1.0, "291": 1.0, "294": 1.0, "295": 0.6875, "296": 1.0, "297": 1.0, "298": 1.0, "300": 1.0, "302": 1.0, "304": 1.0, "307": 1.0, "308": 1.0, "311": 1.0, "314": 1.0, "316": 1.0, "317": 1.0}}}