{"10": {"FDR": 0.0, "Power": 0.5, "Temporal_FDR": 0.0, "Temporal_Power": 0.625, "Average_Window_FDR": 0.0, "Average_Window_Power": 0.8666666666666668, "Window_Overlap": {"1": 1.0, "2": 1.0, "3": 0.9166666666666667, "4": 0.75, "5": 1.0}}, "20": {"FDR": 0.0, "Power": 0.4, "Temporal_FDR": 0.0, "Temporal_Power": 0.4444444444444444, "Average_Window_FDR": 0.0, "Average_Window_Power": 0.875, "Window_Overlap": {"1": 1.0, "2": 1.0, "4": 0.75, "5": 1.0}}, "40": {"FDR": 0.0, "Power": 0.4, "Temporal_FDR": 0.0, "Temporal_Power": 0.4444444444444444, "Average_Window_FDR": 0.0, "Average_Window_Power": 0.8333333333333334, "Window_Overlap": {"1": 1.0, "2": 1.0, "4": 0.6666666666666666, "5": 1.0}}, "80": {"FDR": 0.0, "Power": 0.4, "Temporal_FDR": 0.0, "Temporal_Power": 0.4444444444444444, "Average_Window_FDR": 0.0, "Average_Window_Power": 0.825, "Window_Overlap": {"1": 1.0, "2": 1.0, "4": 0.65, "5": 1.0}}, "160": {"FDR": 0.0, "Power": 0.4, "Temporal_FDR": 0.0, "Temporal_Power": 0.4444444444444444, "Average_Window_FDR": 0.0, "Average_Window_Power": 0.7822149122807017, "Window_Overlap": {"1": 1.0, "2": 0.98, "4": 0.6052631578947368, "5": 0.9791666666666667}}, "320": {"FDR": 0.0, "Power": 0.4, "Temporal_FDR": 0.0, "Temporal_Power": 0.4, "Average_Window_FDR": 0.0, "Average_Window_Power": 0.6349495622382946, "Window_Overlap": {"1": 1.0, "2": 0.825, "4": 0.5540540540540541, "5": 0.8908450704225352}}}