{"10": {"FDR": 0.0, "Power": 0.7, "Temporal_FDR": 0.0, "Temporal_Power": 0.7, "Average_Window_FDR": 0.0, "Average_Window_Power": 0.8209033613445378, "Window_Overlap": {"0": 0.5294117647058824, "1": 1.0, "3": 0.96875, "4": 1.0, "5": 1.0, "6": 0.875, "7": 1.0}}, "20": {"FDR": 0.0, "Power": 0.7, "Temporal_FDR": 0.0, "Temporal_Power": 0.7777777777777778, "Average_Window_FDR": 0.0, "Average_Window_Power": 0.8093037214885953, "Window_Overlap": {"0": 0.5294117647058824, "1": 1.0, "3": 0.875, "4": 1.0, "5": 1.0, "6": 0.875, "7": 1.0, "10": 0.7857142857142857, "11": 1.0, "12": 1.0, "13": 1.0, "14": 1.0, "17": 0.6, "18": 1.0}}, "40": {"FDR": 0.0, "Power": 0.725, "Temporal_FDR": 0.0, "Temporal_Power": 0.7368421052631579, "Average_Window_FDR": 0.0, "Average_Window_Power": 0.875532186558834, "Window_Overlap": {"0": 0.5294117647058824, "1": 1.0, "3": 1.0, "4": 1.0, "5": 1.0, "6": 0.8125, "7": 1.0, "10": 0.7857142857142857, "11": 1.0, "12": 1.0, "13": 1.0, "14": 1.0, "17": 0.6, "18": 1.0, "20": 1.0, "21": 0.763157894736842, "22": 1.0, "24": 1.0, "25": 1.0, "26": 1.0, "29": 1.0, "30": 0.7666666666666666, "33": 1.0, "35": 1.0, "36": 1.0, "37": 1.0, "38": 1.0, "39": 1.0}}, "80": {"FDR": 0.0, "Power": 0.7, "Temporal_FDR": 0.0, "Temporal_Power": 0.7142857142857143, "Average_Window_FDR": 0.0, "Average_Window_Power": 0.917141327025228, "Window_Overlap": {"0": 0.5294117647058824, "1": 1.0, "3": 1.0, "4": 1.0, "5": 1.0, "6": 0.875, "7": 1.0, "10": 0.7857142857142857, "11": 0.9583333333333333, "12": 1.0, "13": 1.0, "14": 1.0, "17": 0.7, "18": 1.0, "20": 1.0, "21": 0.7105263157894737, "22": 1.0, "24": 1.0, "25": 1.0, "26": 1.0, "29": 1.0, "30": 0.6333333333333333, "33": 1.0, "35": 1.0, "36": 1.0, "37": 1.0, "38": 1.0, "39": 1.0, "40": 1.0, "45": 1.0, "46": 1.0, "48": 0.85, "49": 0.8888888888888888, "50": 1.0, "51": 1.0, "52": 0.8214285714285714, "55": 1.0, "60": 1.0, "61": 1.0, "62": 0.96875, "63": 1.0, "64": 1.0, "66": 1.0, "67": 1.0, "68": 1.0, "70": 1.0, "71": 1.0, "72": 1.0, "73": 1.0, "74": 1.0, "75": 1.0, "76": 1.0, "77": 1.0, "78": 1.0, "79": 1.0}}, "160": {"FDR": 0.0, "Power": 0.74375, "Temporal_FDR": 0.0, "Temporal_Power": 0.7467532467532467, "Average_Window_FDR": 0.0, "Average_Window_Power": 1.0, "Window_Overlap": {"0": 1.0, "1": 1.0, "2": 1.0, "3": 1.0, "4": 1.0, "5": 1.0, "6": 1.0, "7": 1.0, "10": 1.0, "11": 1.0, "12": 1.0, "13": 1.0, "14": 1.0, "17": 1.0, "18": 1.0, "19": 1.0, "20": 1.0, "21": 1.0, "22": 1.0, "24": 1.0, "25": 1.0, "26": 1.0, "29": 1.0, "30": 1.0, "31": 1.0, "32": 1.0, "33": 1.0, "34": 1.0, "35": 1.0, "36": 1.0, "37": 1.0, "38": 1.0, "39": 1.0, "40": 1.0, "45": 1.0, "46": 1.0, "48": 1.0, "49": 1.0, "50": 1.0, "51": 1.0, "52": 1.0, "53": 1.0, "54": 1.0, "55": 1.0, "58": 1.0, "60": 1.0, "61": 1.0, "62": 1.0, "63": 1.0, "64": 1.0, "66": 1.0, "67": 1.0, "68": 1.0, "69": 1.0, "70": 1.0, "71": 1.0, "72": 1.0, "73": 1.0, "74": 1.0, "75": 1.0, "76": 1.0, "77": 1.0, "78": 1.0, "79": 1.0, "80": 1.0, "81": 1.0, "83": 1.0, "84": 1.0, "85": 1.0, "86": 1.0, "87": 1.0, "88": 1.0, "89": 1.0, "93": 1.0, "94": 1.0, "95": 1.0, "97": 1.0, "98": 1.0, "99": 1.0, "100": 1.0, "101": 1.0, "103": 1.0, "105": 1.0, "106": 1.0, "108": 1.0, "109": 1.0, "110": 1.0, "112": 1.0, "114": 1.0, "115": 1.0, "118": 1.0, "119": 1.0, "120": 1.0, "123": 1.0, "124": 1.0, "125": 1.0, "126": 1.0, "128": 1.0, "130": 1.0, "131": 1.0, "132": 1.0, "133": 1.0, "135": 1.0, "136": 1.0, "137": 1.0, "138": 1.0, "139": 1.0, "142": 1.0, "147": 1.0, "150": 1.0, "154": 1.0, "156": 1.0, "157": 1.0, "158": 1.0, "159": 1.0}}, "320": {"FDR": 0.0, "Power": 0.678125, "Temporal_FDR": 0.0, "Temporal_Power": 0.6741935483870968, "Average_Window_FDR": 0.0, "Average_Window_Power": 0.9385124634846885, "Window_Overlap": {"0": 0.5294117647058824, "1": 1.0, "3": 1.0, "4": 1.0, "5": 1.0, "6": 0.8125, "7": 1.0, "10": 0.7857142857142857, "11": 1.0, "12": 1.0, "13": 1.0, "14": 1.0, "17": 0.6, "18": 1.0, "20": 1.0, "21": 0.7368421052631579, "22": 1.0, "24": 1.0, "25": 1.0, "26": 1.0, "29": 1.0, "33": 1.0, "35": 1.0, "36": 1.0, "37": 1.0, "38": 1.0, "39": 1.0, "40": 1.0, "45": 1.0, "46": 1.0, "48": 0.85, "50": 1.0, "51": 1.0, "52": 0.8214285714285714, "53": 1.0, "55": 1.0, "58": 1.0, "60": 1.0, "61": 1.0, "62": 0.9375, "63": 1.0, "64": 1.0, "66": 1.0, "67": 1.0, "68": 1.0, "70": 1.0, "71": 1.0, "72": 1.0, "73": 1.0, "74": 1.0, "75": 1.0, "76": 1.0, "77": 1.0, "78": 1.0, "79": 1.0, "80": 1.0, "81": 0.7, "83": 1.0, "84": 1.0, "85": 1.0, "86": 1.0, "87": 1.0, "88": 0.6111111111111112, "89": 1.0, "93": 0.5882352941176471, "94": 1.0, "95": 0.7272727272727273, "98": 0.875, "99": 1.0, "100": 1.0, "101": 1.0, "103": 1.0, "105": 1.0, "108": 1.0, "109": 1.0, "110": 1.0, "112": 1.0, "114": 1.0, "115": 0.75, "118": 0.75, "119": 1.0, "120": 1.0, "123": 0.75, "124": 1.0, "125": 1.0, "126": 1.0, "128": 1.0, "130": 1.0, "131": 1.0, "132": 1.0, "133": 1.0, "135": 1.0, "137": 1.0, "138": 1.0, "139": 1.0, "142": 1.0, "147": 1.0, "150": 1.0, "154": 0.55, "156": 1.0, "157": 1.0, "158": 1.0, "159": 1.0, "161": 1.0, "163": 1.0, "165": 1.0, "166": 1.0, "167": 1.0, "168": 1.0, "169": 1.0, "171": 0.9583333333333333, "172": 1.0, "173": 1.0, "174": 1.0, "176": 1.0, "177": 1.0, "178": 1.0, "179": 1.0, "180": 1.0, "181": 1.0, "182": 1.0, "183": 1.0, "185": 1.0, "188": 1.0, "190": 1.0, "191": 1.0, "194": 1.0, "196": 1.0, "197": 1.0, "198": 0.9090909090909092, "199": 1.0, "200": 1.0, "201": 1.0, "203": 1.0, "204": 1.0, "205": 1.0, "207": 1.0, "212": 1.0, "213": 1.0, "215": 1.0, "216": 1.0, "217": 1.0, "218": 0.75, "219": 1.0, "220": 1.0, "221": 1.0, "225": 1.0, "226": 1.0, "227": 1.0, "229": 1.0, "230": 1.0, "232": 1.0, "233": 1.0, "234": 1.0, "235": 1.0, "236": 1.0, "237": 1.0, "238": 1.0, "239": 1.0, "240": 1.0, "241": 1.0, "242": 1.0, "243": 1.0, "245": 1.0, "246": 1.0, "247": 1.0, "249": 1.0, "255": 1.0, "256": 1.0, "258": 1.0, "259": 1.0, "260": 1.0, "261": 1.0, "262": 1.0, "263": 1.0, "264": 1.0, "267": 1.0, "268": 1.0, "269": 1.0, "270": 1.0, "271": 0.5384615384615384, "274": 1.0, "275": 1.0, "276": 1.0, "279": 1.0, "280": 1.0, "282": 1.0, "283": 0.9285714285714286, "284": 1.0, "285": 1.0, "286": 1.0, "288": 1.0, "290": 1.0, "291": 1.0, "292": 0.9444444444444444, "294": 1.0, "296": 1.0, "297": 1.0, "298": 0.6428571428571428, "304": 1.0, "309": 1.0, "310": 1.0, "311": 1.0, "312": 1.0, "313": 1.0, "316": 1.0, "317": 1.0, "318": 1.0, "319": 0.5277777777777778}}}