{"10": {"FDR": 0.0, "Power": 0.7, "Temporal_FDR": 0.0, "Temporal_Power": 0.625, "Average_Window_FDR": 0.0, "Average_Window_Power": 1.0, "Window_Overlap": {"0": 1.0, "1": 1.0, "2": 1.0, "7": 1.0, "8": 1.0}}, "20": {"FDR": 0.0, "Power": 0.75, "Temporal_FDR": 0.0, "Temporal_Power": 0.7222222222222222, "Average_Window_FDR": 0.0, "Average_Window_Power": 0.9384615384615386, "Window_Overlap": {"0": 1.0, "1": 1.0, "2": 1.0, "7": 1.0, "8": 1.0, "10": 1.0, "11": 0.7, "12": 1.0, "13": 1.0, "15": 0.9, "16": 1.0, "18": 1.0, "19": 1.0}}, "40": {"FDR": 0.0, "Power": 0.775, "Temporal_FDR": 0.0, "Temporal_Power": 0.7368421052631579, "Average_Window_FDR": 0.0, "Average_Window_Power": 0.9373015873015873, "Window_Overlap": {"0": 1.0, "1": 1.0, "2": 1.0, "7": 1.0, "8": 1.0, "10": 1.0, "11": 0.65, "12": 1.0, "13": 1.0, "15": 1.0, "16": 1.0, "18": 1.0, "19": 1.0, "20": 1.0, "21": 1.0, "22": 1.0, "23": 1.0, "24": 1.0, "25": 1.0, "26": 1.0, "27": 1.0, "29": 1.0, "30": 0.75, "34": 1.0, "35": 1.0, "36": 0.7222222222222222, "37": 1.0, "39": 1.0}}, "80": {"FDR": 0.0, "Power": 0.7, "Temporal_FDR": 0.0, "Temporal_Power": 0.6973684210526315, "Average_Window_FDR": 0.0, "Average_Window_Power": 1.0, "Window_Overlap": {"0": 1.0, "1": 1.0, "2": 1.0, "7": 1.0, "8": 1.0, "10": 1.0, "11": 1.0, "12": 1.0, "13": 1.0, "15": 1.0, "16": 1.0, "17": 1.0, "18": 1.0, "19": 1.0, "20": 1.0, "21": 1.0, "22": 1.0, "23": 1.0, "24": 1.0, "25": 1.0, "26": 1.0, "27": 1.0, "28": 1.0, "29": 1.0, "30": 1.0, "33": 1.0, "34": 1.0, "35": 1.0, "36": 1.0, "37": 1.0, "39": 1.0, "42": 1.0, "44": 1.0, "46": 1.0, "47": 1.0, "48": 1.0, "49": 1.0, "52": 1.0, "55": 1.0, "59": 1.0, "60": 1.0, "61": 1.0, "62": 1.0, "63": 1.0, "65": 1.0, "66": 1.0, "68": 1.0, "69": 1.0, "70": 1.0, "71": 1.0, "74": 1.0, "76": 1.0, "78": 1.0}}, "160": {"FDR": 0.0, "Power": 0.70625, "Temporal_FDR": 0.0, "Temporal_Power": 0.6993464052287581, "Average_Window_FDR": 0.0, "Average_Window_Power": 1.0, "Window_Overlap": {"0": 1.0, "1": 1.0, "2": 1.0, "7": 1.0, "8": 1.0, "10": 1.0, "11": 1.0, "12": 1.0, "13": 1.0, "15": 1.0, "16": 1.0, "17": 1.0, "18": 1.0, "19": 1.0, "20": 1.0, "21": 1.0, "22": 1.0, "23": 1.0, "24": 1.0, "25": 1.0, "26": 1.0, "27": 1.0, "28": 1.0, "29": 1.0, "30": 1.0, "33": 1.0, "34": 1.0, "35": 1.0, "36": 1.0, "37": 1.0, "39": 1.0, "42": 1.0, "44": 1.0, "46": 1.0, "47": 1.0, "48": 1.0, "49": 1.0, "52": 1.0, "55": 1.0, "59": 1.0, "60": 1.0, "61": 1.0, "62": 1.0, "63": 1.0, "65": 1.0, "66": 1.0, "68": 1.0, "69": 1.0, "70": 1.0, "71": 1.0, "74": 1.0, "76": 1.0, "78": 1.0, "80": 1.0, "81": 1.0, "83": 1.0, "84": 1.0, "86": 1.0, "87": 1.0, "88": 1.0, "89": 1.0, "93": 1.0, "94": 1.0, "96": 1.0, "98": 1.0, "99": 1.0, "100": 1.0, "101": 1.0, "102": 1.0, "103": 1.0, "104": 1.0, "105": 1.0, "107": 1.0, "110": 1.0, "112": 1.0, "113": 1.0, "114": 1.0, "116": 1.0, "117": 1.0, "118": 1.0, "120": 1.0, "121": 1.0, "122": 1.0, "123": 1.0, "125": 1.0, "127": 1.0, "128": 1.0, "129": 1.0, "133": 1.0, "135": 1.0, "136": 1.0, "140": 1.0, "141": 1.0, "142": 1.0, "143": 1.0, "145": 1.0, "147": 1.0, "148": 1.0, "149": 1.0, "150": 1.0, "151": 1.0, "152": 1.0, "155": 1.0, "156": 1.0, "157": 1.0, "158": 1.0, "159": 1.0}}, "320": {"FDR": 0.0, "Power": 0.715625, "Temporal_FDR": 0.0, "Temporal_Power": 0.7114754098360656, "Average_Window_FDR": 0.0, "Average_Window_Power": 1.0, "Window_Overlap": {"0": 1.0, "1": 1.0, "2": 1.0, "7": 1.0, "8": 1.0, "10": 1.0, "11": 1.0, "12": 1.0, "13": 1.0, "15": 1.0, "16": 1.0, "17": 1.0, "18": 1.0, "19": 1.0, "20": 1.0, "21": 1.0, "22": 1.0, "23": 1.0, "24": 1.0, "25": 1.0, "26": 1.0, "27": 1.0, "28": 1.0, "29": 1.0, "30": 1.0, "33": 1.0, "34": 1.0, "35": 1.0, "36": 1.0, "37": 1.0, "39": 1.0, "42": 1.0, "44": 1.0, "46": 1.0, "47": 1.0, "48": 1.0, "49": 1.0, "52": 1.0, "55": 1.0, "59": 1.0, "60": 1.0, "61": 1.0, "62": 1.0, "63": 1.0, "65": 1.0, "66": 1.0, "68": 1.0, "69": 1.0, "70": 1.0, "71": 1.0, "74": 1.0, "76": 1.0, "78": 1.0, "80": 1.0, "81": 1.0, "83": 1.0, "84": 1.0, "86": 1.0, "87": 1.0, "88": 1.0, "89": 1.0, "93": 1.0, "94": 1.0, "96": 1.0, "98": 1.0, "99": 1.0, "100": 1.0, "101": 1.0, "102": 1.0, "103": 1.0, "104": 1.0, "105": 1.0, "107": 1.0, "110": 1.0, "112": 1.0, "113": 1.0, "114": 1.0, "116": 1.0, "117": 1.0, "118": 1.0, "120": 1.0, "121": 1.0, "122": 1.0, "123": 1.0, "125": 1.0, "127": 1.0, "128": 1.0, "129": 1.0, "133": 1.0, "135": 1.0, "136": 1.0, "140": 1.0, "141": 1.0, "142": 1.0, "143": 1.0, "145": 1.0, "147": 1.0, "148": 1.0, "149": 1.0, "150": 1.0, "151": 1.0, "152": 1.0, "155": 1.0, "156": 1.0, "157": 1.0, "158": 1.0, "159": 1.0, "160": 1.0, "161": 1.0, "162": 1.0, "164": 1.0, "166": 1.0, "167": 1.0, "168": 1.0, "169": 1.0, "171": 1.0, "173": 1.0, "175": 1.0, "176": 1.0, "177": 1.0, "178": 1.0, "180": 1.0, "182": 1.0, "183": 1.0, "185": 1.0, "186": 1.0, "187": 1.0, "188": 1.0, "189": 1.0, "190": 1.0, "191": 1.0, "192": 1.0, "193": 1.0, "194": 1.0, "195": 1.0, "196": 1.0, "198": 1.0, "199": 1.0, "200": 1.0, "201": 1.0, "202": 1.0, "204": 1.0, "205": 1.0, "206": 1.0, "207": 1.0, "208": 1.0, "209": 1.0, "210": 1.0, "214": 1.0, "215": 1.0, "217": 1.0, "218": 1.0, "220": 1.0, "221": 1.0, "222": 1.0, "224": 1.0, "226": 1.0, "228": 1.0, "229": 1.0, "231": 1.0, "233": 1.0, "234": 1.0, "236": 1.0, "237": 1.0, "238": 1.0, "239": 1.0, "240": 1.0, "241": 1.0, "243": 1.0, "244": 1.0, "248": 1.0, "249": 1.0, "250": 1.0, "252": 1.0, "253": 1.0, "254": 1.0, "257": 1.0, "260": 1.0, "262": 1.0, "263": 1.0, "265": 1.0, "266": 1.0, "267": 1.0, "269": 1.0, "270": 1.0, "273": 1.0, "274": 1.0, "276": 1.0, "277": 1.0, "280": 1.0, "281": 1.0, "283": 1.0, "284": 1.0, "286": 1.0, "288": 1.0, "289": 1.0, "290": 1.0, "291": 1.0, "292": 1.0, "293": 1.0, "294": 1.0, "295": 1.0, "297": 1.0, "298": 1.0, "300": 1.0, "302": 1.0, "303": 1.0, "304": 1.0, "307": 1.0, "308": 1.0, "310": 1.0, "311": 1.0, "312": 1.0, "313": 1.0, "315": 1.0, "316": 1.0, "319": 1.0}}}