{"10": {"FDR": 0.0, "Power": 0.7, "Temporal_FDR": 0.0, "Temporal_Power": 0.625, "Average_Window_FDR": 0.0, "Average_Window_Power": 0.9, "Window_Overlap": {"1": 0.75, "4": 1.0, "6": 1.0, "8": 1.0, "9": 1.0}}, "20": {"FDR": 0.0, "Power": 0.7, "Temporal_FDR": 0.0, "Temporal_Power": 0.6666666666666666, "Average_Window_FDR": 0.0, "Average_Window_Power": 0.9166666666666666, "Window_Overlap": {"1": 0.75, "2": 1.0, "4": 1.0, "6": 1.0, "8": 1.0, "9": 1.0}}, "40": {"FDR": 0.0, "Power": 0.7, "Temporal_FDR": 0.0, "Temporal_Power": 0.6666666666666666, "Average_Window_FDR": 0.0, "Average_Window_Power": 0.8939393939393939, "Window_Overlap": {"1": 0.6818181818181819, "2": 1.0, "4": 1.0, "6": 1.0, "8": 1.0, "9": 1.0}}, "80": {"FDR": 0.0, "Power": 0.7, "Temporal_FDR": 0.0, "Temporal_Power": 0.6666666666666666, "Average_Window_FDR": 0.0, "Average_Window_Power": 0.8365079365079365, "Window_Overlap": {"1": 0.6428571428571428, "2": 1.0, "4": 0.8666666666666667, "6": 1.0, "8": 1.0, "9": 1.0}}, "160": {"FDR": 0.0, "Power": 0.7, "Temporal_FDR": 0.0, "Temporal_Power": 0.6, "Average_Window_FDR": 0.0, "Average_Window_Power": 0.7595318194561256, "Window_Overlap": {"1": 0.5975609756097561, "2": 1.0, "4": 0.6810344827586207, "6": 1.0, "8": 1.0, "9": 1.0}}, "320": {"FDR": 0.0, "Power": 0.7, "Temporal_FDR": 0.0, "Temporal_Power": 0.7, "Average_Window_FDR": 0.0, "Average_Window_Power": 0.7159163199990435, "Window_Overlap": {"1": 0.573170731707317, "2": 1.0, "4": 0.6754385964912281, "6": 1.0, "7": 0.7570977917981072, "8": 1.0, "9": 1.0}}}