{"10": {"FDR": 0.0, "Power": 0.7, "Temporal_FDR": 0.0, "Temporal_Power": 0.7, "Average_Window_FDR": 0.0, "Average_Window_Power": 0.857142857142857, "Window_Overlap": {"0": 1.0, "2": 1.0, "3": 1.0, "6": 0.5714285714285714, "7": 1.0, "8": 0.9285714285714286, "9": 1.0}}, "20": {"FDR": 0.0, "Power": 0.7, "Temporal_FDR": 0.0, "Temporal_Power": 0.7, "Average_Window_FDR": 0.0, "Average_Window_Power": 0.7959183673469388, "Window_Overlap": {"0": 1.0, "2": 1.0, "3": 1.0, "6": 0.5357142857142857, "7": 1.0, "8": 0.75, "9": 1.0}}, "40": {"FDR": 0.0, "Power": 0.7, "Temporal_FDR": 0.0, "Temporal_Power": 0.7, "Average_Window_FDR": 0.0, "Average_Window_Power": 0.6852910052910053, "Window_Overlap": {"0": 1.0, "2": 1.0, "3": 1.0, "6": 0.5185185185185185, "7": 0.88, "8": 0.6590909090909091, "9": 0.8409090909090908}}, "80": {"FDR": 0.0, "Power": 0.5, "Temporal_FDR": 0.0, "Temporal_Power": 0.5, "Average_Window_FDR": 0.0, "Average_Window_Power": 0.5174674163046256, "Window_Overlap": {"0": 1.0, "3": 1.0, "6": 0.5096153846153846, "7": 0.7142857142857143, "8": 0.5697674418604651}}, "160": {"FDR": 0.0, "Power": 0.5, "Temporal_FDR": 0.0, "Temporal_Power": 0.5, "Average_Window_FDR": 0.0, "Average_Window_Power": 0.4676057863842164, "Window_Overlap": {"0": 1.0, "3": 1.0, "6": 0.5048543689320388, "7": 0.6288659793814433, "8": 0.5352941176470588}}, "320": {"FDR": 0.0, "Power": 0.5, "Temporal_FDR": 0.0, "Temporal_Power": 0.5, "Average_Window_FDR": 0.0, "Average_Window_Power": 0.4300929667580699, "Window_Overlap": {"0": 1.0, "3": 1.0, "6": 0.5024390243902439, "7": 0.5520833333333334, "8": 0.5207100591715976}}}