{"10": {"FDR": 0.0, "Power": 0.7, "Temporal_FDR": 0.0, "Temporal_Power": 0.6, "Average_Window_FDR": 0.0, "Average_Window_Power": 0.961038961038961, "Window_Overlap": {"0": 1.0, "2": 1.0, "3": 1.0, "4": 0.9285714285714286, "6": 0.9545454545454546, "9": 1.0}}, "20": {"FDR": 0.0, "Power": 0.7, "Temporal_FDR": 0.0, "Temporal_Power": 0.7, "Average_Window_FDR": 0.0, "Average_Window_Power": 0.8326762523191095, "Window_Overlap": {"0": 1.0, "2": 1.0, "3": 1.0, "4": 0.9285714285714286, "5": 0.53125, "6": 0.9545454545454546, "9": 1.0}}, "30": {"FDR": 0.0, "Power": 0.7, "Temporal_FDR": 0.0, "Temporal_Power": 0.7, "Average_Window_FDR": 0.0, "Average_Window_Power": 0.8326762523191095, "Window_Overlap": {"0": 1.0, "2": 1.0, "3": 1.0, "4": 0.9285714285714286, "5": 0.53125, "6": 0.9545454545454546, "9": 1.0}}, "40": {"FDR": 0.0, "Power": 0.7, "Temporal_FDR": 0.0, "Temporal_Power": 0.7, "Average_Window_FDR": 0.0, "Average_Window_Power": 0.8326762523191095, "Window_Overlap": {"0": 1.0, "2": 1.0, "3": 1.0, "4": 0.9285714285714286, "5": 0.53125, "6": 0.9545454545454546, "9": 1.0}}, "50": {"FDR": 0.0, "Power": 0.7, "Temporal_FDR": 0.0, "Temporal_Power": 0.7, "Average_Window_FDR": 0.0, "Average_Window_Power": 0.8326762523191095, "Window_Overlap": {"0": 1.0, "2": 1.0, "3": 1.0, "4": 0.9285714285714286, "5": 0.53125, "6": 0.9545454545454546, "9": 1.0}}}