{"DEFAULT": {"FDR": 0.0, "Power": 0.6, "Temporal_FDR": 0.0, "Temporal_Power": 0.6, "Average_Window_FDR": 0.0, "Average_Window_Power": 0.6862745098039215, "Window_Overlap": {"1": 0.5294117647058824, "3": 1.0, "6": 1.0}}}