{"10": {"FDR": 0.0, "Power": 0.9, "Temporal_FDR": 0.0, "Temporal_Power": 0.9, "Average_Window_FDR": 0.0, "Average_Window_Power": 1.0, "Window_Overlap": {"0": 1.0, "1": 1.0, "2": 1.0, "3": 1.0, "4": 1.0, "5": 1.0, "6": 1.0, "7": 1.0, "8": 1.0}}, "20": {"FDR": 0.0, "Power": 0.65, "Temporal_FDR": 0.0, "Temporal_Power": 0.65, "Average_Window_FDR": 0.0, "Average_Window_Power": 1.0, "Window_Overlap": {"0": 1.0, "1": 1.0, "2": 1.0, "3": 1.0, "4": 1.0, "5": 1.0, "6": 1.0, "7": 1.0, "8": 1.0, "10": 1.0, "12": 1.0, "15": 1.0, "18": 1.0}}, "40": {"FDR": 0.0, "Power": 0.65, "Temporal_FDR": 0.0, "Temporal_Power": 0.6666666666666666, "Average_Window_FDR": 0.0, "Average_Window_Power": 0.8853238265002971, "Window_Overlap": {"0": 0.5454545454545454, "1": 0.8888888888888888, "2": 1.0, "3": 1.0, "4": 1.0, "5": 1.0, "6": 1.0, "7": 1.0, "8": 1.0, "10": 1.0, "12": 1.0, "15": 1.0, "18": 1.0, "20": 1.0, "21": 1.0, "22": 1.0, "24": 1.0, "25": 1.0, "26": 1.0, "27": 0.5454545454545454, "28": 1.0, "32": 1.0, "33": 1.0, "34": 1.0, "38": 0.5294117647058824, "39": 1.0}}, "80": {"FDR": 0.0, "Power": 0.65, "Temporal_FDR": 0.0, "Temporal_Power": 0.6538461538461539, "Average_Window_FDR": 0.0, "Average_Window_Power": 0.8781884589843066, "Window_Overlap": {"0": 0.5454545454545454, "1": 0.8333333333333333, "2": 1.0, "3": 1.0, "4": 1.0, "5": 1.0, "6": 1.0, "7": 1.0, "8": 1.0, "10": 1.0, "12": 1.0, "15": 1.0, "18": 1.0, "20": 1.0, "21": 1.0, "22": 1.0, "24": 1.0, "25": 1.0, "26": 1.0, "27": 0.5454545454545454, "28": 1.0, "32": 1.0, "33": 1.0, "34": 1.0, "38": 0.5294117647058824, "39": 1.0, "40": 1.0, "43": 1.0, "45": 0.75, "50": 0.7083333333333334, "51": 0.95, "54": 0.6818181818181819, "55": 0.6, "57": 1.0, "58": 1.0, "59": 1.0, "61": 1.0, "62": 1.0, "63": 0.75, "67": 1.0, "69": 1.0, "70": 1.0, "71": 1.0, "72": 1.0, "73": 1.0, "74": 1.0, "75": 1.0, "76": 1.0, "77": 1.0, "78": 1.0, "79": 1.0}}, "160": {"FDR": 0.0, "Power": 0.5875, "Temporal_FDR": 0.0, "Temporal_Power": 0.5806451612903226, "Average_Window_FDR": 0.0, "Average_Window_Power": 0.9080385554895359, "Window_Overlap": {"0": 0.5909090909090909, "1": 0.8888888888888888, "2": 1.0, "3": 1.0, "4": 1.0, "5": 1.0, "6": 1.0, "7": 1.0, "8": 1.0, "10": 1.0, "12": 1.0, "15": 1.0, "18": 1.0, "20": 1.0, "21": 1.0, "22": 1.0, "24": 1.0, "25": 1.0, "26": 1.0, "27": 0.5454545454545454, "28": 1.0, "32": 1.0, "33": 1.0, "34": 1.0, "38": 0.5294117647058824, "39": 1.0, "40": 1.0, "43": 1.0, "45": 0.75, "50": 0.75, "54": 0.6818181818181819, "55": 0.6, "57": 1.0, "58": 1.0, "59": 1.0, "61": 1.0, "62": 1.0, "63": 0.75, "67": 1.0, "69": 1.0, "70": 1.0, "71": 1.0, "72": 1.0, "73": 1.0, "74": 1.0, "75": 1.0, "76": 1.0, "77": 1.0, "78": 1.0, "79": 1.0, "81": 1.0, "82": 0.6363636363636364, "84": 1.0, "85": 1.0, "86": 1.0, "87": 1.0, "89": 0.6666666666666666, "92": 1.0, "94": 1.0, "95": 1.0, "98": 1.0, "100": 1.0, "102": 1.0, "104": 0.9166666666666667, "106": 1.0, "112": 1.0, "114": 1.0, "115": 1.0, "117": 1.0, "118": 0.5555555555555556, "122": 1.0, "124": 1.0, "127": 1.0, "128": 1.0, "129": 1.0, "132": 1.0, "133": 1.0, "134": 1.0, "135": 1.0, "137": 1.0, "138": 1.0, "141": 1.0, "142": 1.0, "143": 1.0, "144": 1.0, "145": 1.0, "148": 1.0, "152": 1.0, "157": 1.0, "159": 1.0}}, "320": {"FDR": 0.0, "Power": 0.628125, "Temporal_FDR": 0.0, "Temporal_Power": 0.6258064516129033, "Average_Window_FDR": 0.0, "Average_Window_Power": 0.9311007884878412, "Window_Overlap": {"0": 0.5454545454545454, "1": 0.8888888888888888, "2": 1.0, "3": 1.0, "4": 1.0, "5": 1.0, "6": 1.0, "7": 1.0, "8": 1.0, "10": 1.0, "12": 1.0, "15": 1.0, "18": 1.0, "20": 1.0, "21": 1.0, "22": 1.0, "24": 1.0, "25": 1.0, "26": 1.0, "27": 0.5454545454545454, "28": 1.0, "32": 1.0, "33": 1.0, "34": 1.0, "38": 0.5294117647058824, "39": 1.0, "40": 1.0, "43": 1.0, "45": 0.75, "50": 0.7083333333333334, "51": 0.9, "54": 0.6818181818181819, "55": 0.6, "57": 1.0, "58": 1.0, "59": 1.0, "61": 1.0, "62": 1.0, "63": 0.75, "67": 1.0, "69": 1.0, "70": 1.0, "71": 1.0, "72": 1.0, "73": 1.0, "74": 1.0, "75": 1.0, "76": 1.0, "77": 1.0, "78": 1.0, "79": 1.0, "81": 1.0, "82": 0.6363636363636364, "84": 1.0, "85": 1.0, "86": 1.0, "87": 1.0, "89": 0.6666666666666666, "91": 1.0, "92": 1.0, "94": 1.0, "95": 1.0, "98": 1.0, "100": 1.0, "102": 1.0, "104": 0.9166666666666667, "106": 1.0, "112": 1.0, "114": 1.0, "115": 1.0, "117": 1.0, "118": 0.5555555555555556, "122": 1.0, "124": 1.0, "127": 1.0, "128": 1.0, "129": 1.0, "132": 1.0, "133": 1.0, "134": 1.0, "135": 1.0, "137": 1.0, "138": 1.0, "141": 1.0, "142": 1.0, "143": 1.0, "144": 1.0, "145": 1.0, "148": 1.0, "150": 0.8214285714285714, "152": 1.0, "157": 1.0, "159": 1.0, "160": 1.0, "161": 1.0, "165": 1.0, "168": 1.0, "169": 1.0, "170": 1.0, "171": 0.8888888888888888, "172": 1.0, "173": 1.0, "174": 1.0, "178": 1.0, "179": 1.0, "181": 1.0, "182": 1.0, "185": 1.0, "187": 1.0, "188": 1.0, "190": 1.0, "191": 0.5625, "194": 1.0, "195": 1.0, "196": 1.0, "197": 0.53125, "199": 1.0, "201": 1.0, "202": 1.0, "205": 1.0, "207": 1.0, "209": 1.0, "210": 1.0, "212": 1.0, "213": 1.0, "214": 1.0, "216": 1.0, "218": 0.6666666666666666, "220": 1.0, "222": 1.0, "224": 1.0, "226": 1.0, "228": 1.0, "229": 1.0, "231": 1.0, "232": 1.0, "233": 1.0, "235": 1.0, "236": 1.0, "237": 1.0, "238": 1.0, "239": 1.0, "240": 0.7, "241": 1.0, "242": 1.0, "243": 1.0, "245": 1.0, "247": 1.0, "248": 1.0, "249": 1.0, "251": 1.0, "252": 1.0, "254": 0.9, "256": 1.0, "257": 1.0, "259": 1.0, "260": 1.0, "261": 1.0, "262": 1.0, "263": 1.0, "265": 1.0, "266": 1.0, "269": 1.0, "271": 1.0, "273": 1.0, "275": 0.5714285714285714, "278": 1.0, "279": 1.0, "281": 1.0, "284": 1.0, "285": 1.0, "286": 1.0, "287": 1.0, "289": 1.0, "292": 1.0, "294": 1.0, "295": 1.0, "296": 1.0, "297": 1.0, "298": 1.0, "299": 1.0, "300": 1.0, "301": 1.0, "302": 1.0, "304": 1.0, "305": 1.0, "307": 1.0, "310": 1.0, "312": 1.0, "314": 1.0, "315": 1.0, "317": 1.0, "318": 1.0, "319": 1.0}}}