{"10": {"FDR": 0.0, "Power": 0.7, "Temporal_FDR": 0.0, "Temporal_Power": 0.6666666666666666, "Average_Window_FDR": 0.0, "Average_Window_Power": 1.0, "Window_Overlap": {"1": 1.0, "2": 1.0, "4": 1.0, "5": 1.0, "7": 1.0, "8": 1.0}}, "20": {"FDR": 0.0, "Power": 0.7, "Temporal_FDR": 0.0, "Temporal_Power": 0.7, "Average_Window_FDR": 0.0, "Average_Window_Power": 0.9920634920634921, "Window_Overlap": {"1": 1.0, "2": 1.0, "4": 1.0, "5": 1.0, "7": 1.0, "8": 1.0, "9": 0.9722222222222222}}, "40": {"FDR": 0.0, "Power": 0.7, "Temporal_FDR": 0.0, "Temporal_Power": 0.7, "Average_Window_FDR": 0.0, "Average_Window_Power": 0.9920634920634921, "Window_Overlap": {"1": 1.0, "2": 1.0, "4": 1.0, "5": 1.0, "7": 1.0, "8": 1.0, "9": 0.9722222222222222}}, "80": {"FDR": 0.0, "Power": 0.7, "Temporal_FDR": 0.0, "Temporal_Power": 0.7, "Average_Window_FDR": 0.0, "Average_Window_Power": 0.9920634920634921, "Window_Overlap": {"1": 1.0, "2": 1.0, "4": 1.0, "5": 1.0, "7": 1.0, "8": 1.0, "9": 0.9722222222222222}}, "160": {"FDR": 0.0, "Power": 0.7, "Temporal_FDR": 0.0, "Temporal_Power": 0.7, "Average_Window_FDR": 0.0, "Average_Window_Power": 0.9920079920079921, "Window_Overlap": {"1": 1.0, "2": 1.0, "4": 1.0, "5": 1.0, "7": 1.0, "8": 1.0, "9": 0.9720279720279721}}, "320": {"FDR": 0.0, "Power": 0.7, "Temporal_FDR": 0.0, "Temporal_Power": 0.7, "Average_Window_FDR": 0.0, "Average_Window_Power": 0.993984962406015, "Window_Overlap": {"1": 1.0, "2": 1.0, "4": 1.0, "5": 1.0, "7": 1.0, "8": 1.0, "9": 0.9789473684210526}}}