{"10": {"FDR": 0.0, "Power": 0.7, "Temporal_FDR": 0.0, "Temporal_Power": 0.6666666666666666, "Average_Window_FDR": 0.0, "Average_Window_Power": 1.0, "Window_Overlap": {"1": 1.0, "3": 1.0, "5": 1.0, "6": 1.0, "7": 1.0, "9": 1.0}}, "20": {"FDR": 0.0, "Power": 0.85, "Temporal_FDR": 0.0, "Temporal_Power": 0.8421052631578947, "Average_Window_FDR": 0.0, "Average_Window_Power": 0.7913194444444445, "Window_Overlap": {"0": 0.5333333333333333, "1": 1.0, "3": 1.0, "5": 1.0, "6": 1.0, "7": 1.0, "9": 1.0, "11": 0.5555555555555556, "12": 1.0, "13": 1.0, "14": 1.0, "15": 1.0, "16": 0.5416666666666666, "17": 1.0, "18": 0.7, "19": 1.0}}, "40": {"FDR": 0.0, "Power": 0.725, "Temporal_FDR": 0.0, "Temporal_Power": 0.7368421052631579, "Average_Window_FDR": 0.0, "Average_Window_Power": 0.8893620268620268, "Window_Overlap": {"1": 1.0, "3": 1.0, "5": 1.0, "6": 1.0, "7": 1.0, "9": 1.0, "11": 0.5555555555555556, "12": 1.0, "13": 1.0, "14": 1.0, "15": 1.0, "16": 0.5416666666666666, "17": 1.0, "18": 0.7, "19": 1.0, "20": 1.0, "21": 1.0, "23": 1.0, "25": 1.0, "26": 1.0, "27": 1.0, "28": 1.0, "29": 1.0, "30": 0.6538461538461539, "34": 1.0, "35": 1.0, "38": 1.0, "39": 1.0}}, "80": {"FDR": 0.0, "Power": 0.6875, "Temporal_FDR": 0.0, "Temporal_Power": 0.72, "Average_Window_FDR": 0.0, "Average_Window_Power": 0.8810580880025325, "Window_Overlap": {"1": 1.0, "3": 1.0, "5": 1.0, "6": 1.0, "7": 1.0, "9": 1.0, "11": 0.5555555555555556, "12": 1.0, "13": 1.0, "14": 1.0, "15": 1.0, "16": 0.5416666666666666, "17": 1.0, "18": 0.7, "19": 1.0, "20": 1.0, "21": 1.0, "23": 1.0, "25": 1.0, "26": 1.0, "27": 1.0, "28": 1.0, "29": 1.0, "30": 0.6538461538461539, "34": 1.0, "35": 1.0, "38": 1.0, "39": 1.0, "41": 1.0, "42": 1.0, "43": 1.0, "44": 1.0, "46": 0.5625, "48": 1.0, "49": 1.0, "51": 1.0, "52": 1.0, "58": 0.8333333333333333, "59": 0.5333333333333333, "61": 1.0, "62": 1.0, "63": 1.0, "64": 1.0, "65": 1.0, "66": 1.0, "67": 0.9583333333333333, "68": 0.7, "69": 1.0, "71": 1.0, "74": 1.0, "75": 1.0, "76": 1.0, "77": 1.0, "79": 0.75}}, "160": {"FDR": 0.0, "Power": 0.66875, "Temporal_FDR": 0.0, "Temporal_Power": 0.6818181818181818, "Average_Window_FDR": 0.0, "Average_Window_Power": 0.8928538672656319, "Window_Overlap": {"0": 0.5333333333333333, "1": 1.0, "3": 1.0, "5": 1.0, "6": 1.0, "7": 1.0, "9": 1.0, "11": 0.5555555555555556, "12": 1.0, "13": 1.0, "14": 1.0, "15": 1.0, "16": 0.5416666666666666, "17": 1.0, "18": 0.7, "19": 1.0, "20": 1.0, "21": 1.0, "23": 1.0, "25": 1.0, "26": 1.0, "27": 0.9722222222222222, "28": 1.0, "29": 1.0, "30": 0.6538461538461539, "34": 1.0, "35": 1.0, "38": 1.0, "39": 1.0, "41": 1.0, "42": 1.0, "43": 1.0, "44": 1.0, "46": 0.5625, "48": 1.0, "49": 1.0, "51": 1.0, "52": 1.0, "58": 0.8333333333333333, "59": 0.5333333333333333, "61": 1.0, "62": 1.0, "63": 1.0, "64": 1.0, "65": 1.0, "66": 1.0, "67": 0.9583333333333333, "68": 0.7, "69": 1.0, "71": 1.0, "74": 1.0, "75": 1.0, "76": 1.0, "77": 1.0, "79": 0.75, "80": 1.0, "81": 1.0, "82": 1.0, "83": 0.7727272727272727, "84": 1.0, "85": 1.0, "94": 1.0, "95": 1.0, "96": 1.0, "98": 1.0, "100": 1.0, "101": 1.0, "102": 0.6666666666666666, "103": 1.0, "104": 1.0, "105": 1.0, "106": 1.0, "107": 1.0, "110": 1.0, "111": 1.0, "112": 1.0, "114": 0.55, "115": 1.0, "117": 0.9545454545454546, "119": 1.0, "122": 1.0, "123": 1.0, "124": 0.7916666666666667, "126": 1.0, "128": 0.5833333333333334, "130": 1.0, "132": 1.0, "133": 1.0, "134": 1.0, "136": 1.0, "139": 1.0, "140": 1.0, "141": 1.0, "142": 1.0, "143": 1.0, "144": 1.0, "146": 1.0, "148": 0.9117647058823529, "152": 1.0, "153": 0.85, "154": 1.0, "155": 1.0, "156": 1.0, "157": 1.0, "158": 1.0}}, "320": {"FDR": 0.0, "Power": 0.65, "Temporal_FDR": 0.0, "Temporal_Power": 0.6538461538461539, "Average_Window_FDR": 0.0, "Average_Window_Power": 0.890727046966234, "Window_Overlap": {"1": 1.0, "3": 1.0, "5": 1.0, "6": 1.0, "7": 1.0, "9": 1.0, "11": 0.5555555555555556, "12": 1.0, "13": 1.0, "14": 1.0, "15": 1.0, "16": 0.5416666666666666, "17": 1.0, "18": 0.7, "19": 1.0, "20": 1.0, "21": 1.0, "23": 1.0, "25": 1.0, "26": 1.0, "27": 0.9722222222222222, "28": 1.0, "29": 1.0, "30": 0.6538461538461539, "34": 1.0, "35": 1.0, "38": 1.0, "39": 1.0, "41": 1.0, "42": 1.0, "43": 1.0, "44": 1.0, "46": 0.5625, "48": 0.9375, "49": 1.0, "51": 1.0, "52": 1.0, "58": 0.8333333333333333, "59": 0.5333333333333333, "61": 1.0, "62": 1.0, "63": 1.0, "64": 1.0, "65": 1.0, "66": 1.0, "67": 0.9583333333333333, "68": 0.7, "69": 1.0, "71": 1.0, "74": 1.0, "75": 1.0, "76": 1.0, "77": 1.0, "79": 0.75, "80": 1.0, "81": 1.0, "82": 1.0, "83": 0.8181818181818181, "84": 1.0, "85": 1.0, "94": 1.0, "95": 1.0, "96": 1.0, "98": 1.0, "100": 1.0, "101": 1.0, "102": 0.6666666666666666, "103": 1.0, "104": 1.0, "105": 1.0, "106": 1.0, "107": 1.0, "108": 1.0, "110": 1.0, "111": 1.0, "112": 1.0, "114": 0.55, "115": 1.0, "117": 0.9545454545454546, "119": 1.0, "122": 1.0, "123": 1.0, "124": 0.7916666666666667, "126": 1.0, "128": 0.5833333333333334, "130": 1.0, "132": 1.0, "133": 1.0, "134": 1.0, "136": 1.0, "139": 1.0, "140": 1.0, "141": 1.0, "142": 1.0, "143": 1.0, "144": 1.0, "146": 1.0, "148": 0.8823529411764706, "152": 1.0, "153": 0.85, "154": 1.0, "155": 1.0, "156": 1.0, "157": 1.0, "158": 1.0, "160": 1.0, "161": 1.0, "162": 1.0, "164": 1.0, "165": 1.0, "167": 1.0, "168": 1.0, "169": 1.0, "170": 1.0, "174": 1.0, "175": 1.0, "176": 1.0, "177": 1.0, "178": 0.55, "179": 1.0, "181": 1.0, "183": 0.9444444444444444, "186": 1.0, "187": 1.0, "188": 1.0, "190": 1.0, "192": 1.0, "193": 1.0, "194": 1.0, "199": 0.75, "200": 1.0, "201": 1.0, "202": 1.0, "203": 1.0, "204": 1.0, "206": 1.0, "207": 1.0, "208": 0.9666666666666667, "209": 1.0, "211": 1.0, "212": 0.53125, "213": 1.0, "216": 1.0, "217": 1.0, "220": 1.0, "222": 1.0, "223": 0.8, "225": 1.0, "226": 1.0, "231": 1.0, "232": 1.0, "233": 1.0, "234": 1.0, "235": 0.6, "236": 1.0, "237": 1.0, "238": 0.5384615384615384, "239": 1.0, "241": 0.5769230769230769, "243": 1.0, "244": 1.0, "245": 1.0, "250": 1.0, "251": 1.0, "252": 1.0, "253": 0.6428571428571428, "254": 0.5666666666666667, "255": 1.0, "256": 0.6111111111111112, "259": 1.0, "260": 1.0, "261": 1.0, "263": 1.0, "264": 1.0, "265": 1.0, "269": 1.0, "270": 1.0, "271": 0.8235294117647058, "272": 1.0, "273": 0.5416666666666666, "274": 1.0, "276": 1.0, "277": 0.5909090909090909, "278": 1.0, "280": 1.0, "281": 1.0, "283": 1.0, "284": 0.5769230769230769, "285": 0.5588235294117647, "286": 1.0, "288": 1.0, "289": 1.0, "292": 1.0, "293": 1.0, "298": 1.0, "299": 1.0, "300": 1.0, "303": 1.0, "305": 1.0, "309": 1.0, "311": 1.0, "313": 1.0, "315": 0.8888888888888888, "317": 1.0}}}