{"10": {"FDR": 0.0, "Power": 0.6, "Temporal_FDR": 0.0, "Temporal_Power": 0.6, "Average_Window_FDR": 0.0, "Average_Window_Power": 1.0, "Window_Overlap": {"0": 1.0, "1": 1.0, "2": 1.0, "3": 1.0, "6": 1.0, "9": 1.0}}, "20": {"FDR": 0.0, "Power": 0.65, "Temporal_FDR": 0.0, "Temporal_Power": 0.65, "Average_Window_FDR": 0.0, "Average_Window_Power": 1.0, "Window_Overlap": {"0": 1.0, "1": 1.0, "2": 1.0, "3": 1.0, "6": 1.0, "9": 1.0, "10": 1.0, "11": 1.0, "14": 1.0, "15": 1.0, "16": 1.0, "17": 1.0, "19": 1.0}}, "40": {"FDR": 0.0, "Power": 0.675, "Temporal_FDR": 0.0, "Temporal_Power": 0.6923076923076923, "Average_Window_FDR": 0.0, "Average_Window_Power": 1.0, "Window_Overlap": {"0": 1.0, "1": 1.0, "2": 1.0, "3": 1.0, "6": 1.0, "9": 1.0, "10": 1.0, "11": 1.0, "14": 1.0, "15": 1.0, "16": 1.0, "17": 1.0, "19": 1.0, "20": 1.0, "21": 1.0, "22": 1.0, "23": 1.0, "26": 1.0, "27": 1.0, "30": 1.0, "31": 1.0, "32": 1.0, "33": 1.0, "35": 1.0, "36": 1.0, "37": 1.0, "39": 1.0}}, "80": {"FDR": 0.0, "Power": 0.7375, "Temporal_FDR": 0.0, "Temporal_Power": 0.7402597402597403, "Average_Window_FDR": 0.0, "Average_Window_Power": 1.0, "Window_Overlap": {"0": 1.0, "1": 1.0, "2": 1.0, "3": 1.0, "6": 1.0, "9": 1.0, "10": 1.0, "11": 1.0, "14": 1.0, "15": 1.0, "16": 1.0, "17": 1.0, "19": 1.0, "20": 1.0, "21": 1.0, "22": 1.0, "23": 1.0, "26": 1.0, "27": 1.0, "30": 1.0, "32": 1.0, "33": 1.0, "35": 1.0, "36": 1.0, "37": 1.0, "39": 1.0, "40": 1.0, "42": 1.0, "43": 1.0, "44": 1.0, "45": 1.0, "49": 1.0, "50": 1.0, "51": 1.0, "52": 1.0, "53": 1.0, "54": 1.0, "56": 1.0, "58": 1.0, "59": 1.0, "60": 1.0, "61": 1.0, "62": 1.0, "63": 1.0, "64": 1.0, "65": 1.0, "66": 1.0, "67": 1.0, "68": 1.0, "69": 1.0, "70": 1.0, "71": 1.0, "72": 1.0, "74": 1.0, "75": 1.0, "76": 1.0, "78": 1.0}}, "160": {"FDR": 0.0, "Power": 0.74375, "Temporal_FDR": 0.0, "Temporal_Power": 0.7581699346405228, "Average_Window_FDR": 0.0, "Average_Window_Power": 1.0, "Window_Overlap": {"0": 1.0, "1": 1.0, "2": 1.0, "3": 1.0, "6": 1.0, "9": 1.0, "10": 1.0, "11": 1.0, "14": 1.0, "15": 1.0, "16": 1.0, "17": 1.0, "19": 1.0, "20": 1.0, "21": 1.0, "22": 1.0, "23": 1.0, "26": 1.0, "27": 1.0, "30": 1.0, "31": 1.0, "32": 1.0, "33": 1.0, "35": 1.0, "36": 1.0, "37": 1.0, "39": 1.0, "40": 1.0, "42": 1.0, "43": 1.0, "44": 1.0, "45": 1.0, "49": 1.0, "50": 1.0, "51": 1.0, "52": 1.0, "53": 1.0, "54": 1.0, "56": 1.0, "58": 1.0, "59": 1.0, "60": 1.0, "61": 1.0, "62": 1.0, "63": 1.0, "64": 1.0, "65": 1.0, "66": 1.0, "67": 1.0, "68": 1.0, "69": 1.0, "70": 1.0, "71": 1.0, "72": 1.0, "74": 1.0, "75": 1.0, "76": 1.0, "78": 1.0, "80": 1.0, "81": 1.0, "82": 1.0, "83": 1.0, "84": 1.0, "85": 1.0, "86": 1.0, "87": 1.0, "88": 1.0, "89": 1.0, "90": 1.0, "92": 1.0, "93": 1.0, "94": 1.0, "95": 1.0, "96": 1.0, "97": 1.0, "99": 1.0, "100": 1.0, "102": 1.0, "106": 1.0, "108": 1.0, "112": 1.0, "113": 1.0, "114": 1.0, "115": 1.0, "116": 1.0, "117": 1.0, "118": 1.0, "119": 1.0, "120": 1.0, "122": 1.0, "123": 1.0, "124": 1.0, "127": 1.0, "128": 1.0, "129": 1.0, "130": 1.0, "132": 1.0, "133": 1.0, "134": 1.0, "135": 1.0, "136": 1.0, "137": 1.0, "140": 1.0, "142": 1.0, "144": 1.0, "145": 1.0, "146": 1.0, "147": 1.0, "148": 1.0, "150": 1.0, "151": 1.0, "153": 1.0, "155": 1.0, "156": 1.0, "157": 1.0, "159": 1.0}}, "320": {"FDR": 0.0, "Power": 0.65, "Temporal_FDR": 0.0, "Temporal_Power": 0.6559485530546624, "Average_Window_FDR": 0.0, "Average_Window_Power": 0.9060160227764035, "Window_Overlap": {"0": 1.0, "1": 1.0, "2": 1.0, "3": 1.0, "6": 1.0, "9": 1.0, "10": 1.0, "14": 1.0, "15": 0.5666666666666667, "16": 1.0, "19": 1.0, "20": 1.0, "21": 1.0, "22": 1.0, "23": 1.0, "26": 1.0, "27": 1.0, "30": 1.0, "31": 1.0, "32": 1.0, "33": 1.0, "35": 0.8823529411764706, "36": 1.0, "37": 0.875, "39": 1.0, "40": 1.0, "42": 1.0, "43": 1.0, "44": 0.625, "45": 1.0, "49": 0.5555555555555556, "50": 1.0, "51": 1.0, "52": 1.0, "53": 1.0, "54": 0.84375, "56": 1.0, "58": 1.0, "59": 1.0, "60": 1.0, "61": 1.0, "62": 0.5833333333333334, "63": 1.0, "64": 1.0, "65": 1.0, "66": 1.0, "67": 1.0, "68": 0.8076923076923077, "69": 1.0, "71": 1.0, "72": 1.0, "74": 1.0, "75": 1.0, "76": 1.0, "78": 1.0, "80": 1.0, "81": 0.7272727272727273, "82": 1.0, "83": 1.0, "84": 1.0, "85": 1.0, "86": 1.0, "87": 1.0, "88": 1.0, "89": 0.6666666666666666, "90": 1.0, "92": 1.0, "93": 0.5666666666666667, "94": 1.0, "95": 0.8333333333333333, "96": 0.5555555555555556, "97": 0.8125, "99": 1.0, "100": 1.0, "102": 1.0, "106": 0.875, "108": 1.0, "112": 1.0, "113": 1.0, "114": 1.0, "115": 1.0, "116": 1.0, "117": 0.7, "118": 0.8823529411764706, "119": 1.0, "120": 1.0, "123": 1.0, "124": 0.9375, "127": 1.0, "128": 1.0, "129": 1.0, "130": 1.0, "132": 1.0, "133": 1.0, "134": 1.0, "135": 1.0, "136": 1.0, "137": 1.0, "140": 0.9, "142": 0.6785714285714286, "144": 1.0, "145": 1.0, "146": 1.0, "147": 1.0, "148": 1.0, "150": 1.0, "153": 1.0, "155": 1.0, "156": 1.0, "157": 1.0, "159": 1.0, "160": 1.0, "161": 1.0, "162": 1.0, "163": 0.75, "164": 1.0, "166": 1.0, "169": 1.0, "171": 1.0, "172": 0.5625, "174": 1.0, "175": 1.0, "176": 1.0, "178": 1.0, "179": 1.0, "180": 1.0, "182": 1.0, "183": 0.9375, "184": 1.0, "185": 1.0, "186": 1.0, "191": 0.9166666666666667, "192": 0.6666666666666666, "193": 1.0, "194": 1.0, "195": 1.0, "201": 0.8888888888888888, "202": 1.0, "203": 1.0, "204": 0.7666666666666666, "205": 1.0, "206": 1.0, "208": 1.0, "209": 1.0, "214": 1.0, "216": 1.0, "218": 1.0, "219": 1.0, "222": 1.0, "223": 1.0, "224": 1.0, "225": 1.0, "226": 1.0, "227": 1.0, "229": 1.0, "233": 1.0, "236": 1.0, "237": 1.0, "239": 1.0, "241": 1.0, "242": 1.0, "245": 0.75, "246": 0.6111111111111112, "250": 1.0, "251": 0.75, "255": 1.0, "256": 1.0, "258": 1.0, "259": 1.0, "261": 1.0, "264": 1.0, "266": 1.0, "267": 1.0, "269": 1.0, "271": 1.0, "272": 1.0, "273": 1.0, "274": 1.0, "276": 1.0, "278": 1.0, "279": 1.0, "281": 1.0, "282": 0.9117647058823529, "283": 1.0, "285": 0.84375, "287": 1.0, "288": 1.0, "289": 1.0, "290": 1.0, "292": 0.8571428571428572, "295": 0.5833333333333334, "296": 1.0, "297": 1.0, "303": 0.5384615384615384, "305": 0.875, "306": 1.0, "307": 0.8, "309": 1.0, "311": 1.0, "313": 1.0, "315": 1.0, "317": 1.0, "318": 1.0, "319": 0.5294117647058824}}}