{"10": {"FDR": 0.0, "Power": 0.9, "Temporal_FDR": 0.0, "Temporal_Power": 0.8888888888888888, "Average_Window_FDR": 0.0, "Average_Window_Power": 0.90625, "Window_Overlap": {"0": 1.0, "2": 1.0, "3": 1.0, "5": 1.0, "6": 0.625, "7": 1.0, "8": 1.0, "9": 1.0}}, "20": {"FDR": 0.0, "Power": 0.9, "Temporal_FDR": 0.0, "Temporal_Power": 0.9, "Average_Window_FDR": 0.0, "Average_Window_Power": 0.8033625730994152, "Window_Overlap": {"0": 1.0, "2": 1.0, "3": 1.0, "4": 0.5526315789473684, "5": 1.0, "6": 0.5625, "7": 1.0, "8": 1.0, "9": 1.0}}, "40": {"FDR": 0.0, "Power": 0.9, "Temporal_FDR": 0.0, "Temporal_Power": 0.9, "Average_Window_FDR": 0.0, "Average_Window_Power": 0.8007293007293007, "Window_Overlap": {"0": 1.0, "2": 1.0, "3": 1.0, "4": 0.5675675675675675, "5": 1.0, "6": 0.5357142857142857, "7": 1.0, "8": 1.0, "9": 1.0}}, "80": {"FDR": 0.0, "Power": 0.8, "Temporal_FDR": 0.0, "Temporal_Power": 0.8, "Average_Window_FDR": 0.0, "Average_Window_Power": 0.7382697552004058, "Window_Overlap": {"0": 0.9375, "2": 0.96875, "3": 1.0, "4": 0.5616438356164384, "5": 1.0, "6": 0.5185185185185185, "7": 0.9666666666666667, "9": 1.0}}, "160": {"FDR": 0.0, "Power": 0.8, "Temporal_FDR": 0.0, "Temporal_Power": 0.8, "Average_Window_FDR": 0.0, "Average_Window_Power": 0.6523291801866696, "Window_Overlap": {"0": 0.8297872340425532, "2": 0.8709677419354839, "3": 1.0, "4": 0.5517241379310345, "5": 0.9722222222222222, "6": 0.5096153846153846, "7": 0.875, "9": 1.0}}, "320": {"FDR": 0.0, "Power": 0.8, "Temporal_FDR": 0.0, "Temporal_Power": 0.8, "Average_Window_FDR": 0.0, "Average_Window_Power": 0.5264375122370843, "Window_Overlap": {"0": 0.7228260869565217, "2": 0.7764227642276422, "3": 1.0, "4": 0.5380622837370242, "5": 0.8088235294117647, "6": 0.5096153846153846, "7": 0.75, "9": 1.0}}}