{"10": {"FDR": 0.0, "Power": 0.6, "Temporal_FDR": 0.0, "Temporal_Power": 0.6, "Average_Window_FDR": 0.0, "Average_Window_Power": 1.0, "Window_Overlap": {"1": 1.0, "2": 1.0, "4": 1.0, "5": 1.0, "6": 1.0, "7": 1.0}}, "20": {"FDR": 0.0, "Power": 0.65, "Temporal_FDR": 0.0, "Temporal_Power": 0.65, "Average_Window_FDR": 0.0, "Average_Window_Power": 1.0, "Window_Overlap": {"1": 1.0, "2": 1.0, "4": 1.0, "5": 1.0, "6": 1.0, "7": 1.0, "11": 1.0, "12": 1.0, "13": 1.0, "15": 1.0, "17": 1.0, "18": 1.0, "19": 1.0}}, "40": {"FDR": 0.0, "Power": 0.7, "Temporal_FDR": 0.0, "Temporal_Power": 0.7, "Average_Window_FDR": 0.0, "Average_Window_Power": 1.0, "Window_Overlap": {"1": 1.0, "2": 1.0, "4": 1.0, "5": 1.0, "6": 1.0, "7": 1.0, "11": 1.0, "12": 1.0, "13": 1.0, "15": 1.0, "17": 1.0, "18": 1.0, "19": 1.0, "20": 1.0, "22": 1.0, "23": 1.0, "24": 1.0, "26": 1.0, "27": 1.0, "28": 1.0, "30": 1.0, "31": 1.0, "32": 1.0, "33": 1.0, "35": 1.0, "36": 1.0, "38": 1.0, "39": 1.0}}, "80": {"FDR": 0.0, "Power": 0.675, "Temporal_FDR": 0.0, "Temporal_Power": 0.6708860759493671, "Average_Window_FDR": 0.0, "Average_Window_Power": 0.9247298976766235, "Window_Overlap": {"1": 0.7272727272727273, "2": 1.0, "4": 1.0, "5": 0.9375, "6": 1.0, "7": 1.0, "11": 1.0, "12": 1.0, "13": 1.0, "17": 1.0, "18": 0.8928571428571428, "19": 1.0, "20": 1.0, "22": 1.0, "23": 1.0, "24": 1.0, "26": 1.0, "27": 1.0, "28": 1.0, "30": 1.0, "31": 1.0, "32": 1.0, "35": 1.0, "38": 1.0, "39": 1.0, "40": 1.0, "41": 1.0, "42": 1.0, "43": 1.0, "44": 1.0, "46": 1.0, "48": 1.0, "49": 1.0, "50": 1.0, "51": 0.5555555555555556, "52": 1.0, "53": 1.0, "54": 1.0, "57": 1.0, "59": 1.0, "60": 1.0, "61": 1.0, "62": 1.0, "65": 0.75, "68": 0.5588235294117647, "70": 1.0, "72": 1.0, "73": 1.0, "74": 1.0, "75": 1.0, "76": 1.0, "77": 1.0, "79": 0.5833333333333334}}, "160": {"FDR": 0.0, "Power": 0.7375, "Temporal_FDR": 0.0, "Temporal_Power": 0.7341772151898734, "Average_Window_FDR": 0.0, "Average_Window_Power": 1.0, "Window_Overlap": {"1": 1.0, "2": 1.0, "4": 1.0, "5": 1.0, "6": 1.0, "7": 1.0, "11": 1.0, "12": 1.0, "13": 1.0, "15": 1.0, "17": 1.0, "18": 1.0, "19": 1.0, "20": 1.0, "22": 1.0, "23": 1.0, "24": 1.0, "26": 1.0, "27": 1.0, "28": 1.0, "30": 1.0, "31": 1.0, "32": 1.0, "33": 1.0, "35": 1.0, "36": 1.0, "38": 1.0, "39": 1.0, "40": 1.0, "41": 1.0, "42": 1.0, "43": 1.0, "44": 1.0, "45": 1.0, "46": 1.0, "48": 1.0, "49": 1.0, "50": 1.0, "51": 1.0, "52": 1.0, "53": 1.0, "54": 1.0, "57": 1.0, "59": 1.0, "60": 1.0, "61": 1.0, "62": 1.0, "65": 1.0, "68": 1.0, "70": 1.0, "72": 1.0, "73": 1.0, "74": 1.0, "75": 1.0, "76": 1.0, "77": 1.0, "78": 1.0, "79": 1.0, "83": 1.0, "84": 1.0, "85": 1.0, "86": 1.0, "87": 1.0, "88": 1.0, "89": 1.0, "90": 1.0, "92": 1.0, "93": 1.0, "94": 1.0, "95": 1.0, "97": 1.0, "99": 1.0, "101": 1.0, "104": 1.0, "106": 1.0, "107": 1.0, "110": 1.0, "111": 1.0, "112": 1.0, "114": 1.0, "115": 1.0, "117": 1.0, "118": 1.0, "120": 1.0, "121": 1.0, "122": 1.0, "123": 1.0, "124": 1.0, "126": 1.0, "127": 1.0, "128": 1.0, "130": 1.0, "132": 1.0, "133": 1.0, "134": 1.0, "135": 1.0, "137": 1.0, "138": 1.0, "139": 1.0, "141": 1.0, "143": 1.0, "144": 1.0, "145": 1.0, "146": 1.0, "147": 1.0, "148": 1.0, "149": 1.0, "150": 1.0, "151": 1.0, "152": 1.0, "153": 1.0, "155": 1.0, "156": 1.0, "157": 1.0, "158": 1.0, "159": 1.0}}, "320": {"FDR": 0.0, "Power": 0.640625, "Temporal_FDR": 0.0, "Temporal_Power": 0.6349206349206349, "Average_Window_FDR": 0.0, "Average_Window_Power": 0.8664691770003301, "Window_Overlap": {"1": 0.7272727272727273, "2": 1.0, "4": 1.0, "5": 0.9375, "6": 1.0, "7": 1.0, "11": 1.0, "12": 1.0, "13": 1.0, "17": 1.0, "18": 0.8928571428571428, "19": 1.0, "20": 1.0, "22": 1.0, "23": 1.0, "24": 1.0, "26": 1.0, "27": 1.0, "28": 1.0, "30": 1.0, "31": 1.0, "32": 1.0, "35": 1.0, "38": 1.0, "39": 1.0, "40": 1.0, "41": 1.0, "42": 1.0, "43": 1.0, "44": 1.0, "46": 1.0, "48": 1.0, "49": 1.0, "50": 1.0, "51": 0.5555555555555556, "52": 1.0, "53": 1.0, "54": 1.0, "57": 1.0, "59": 1.0, "60": 1.0, "61": 1.0, "62": 0.9545454545454546, "65": 0.75, "68": 0.5588235294117647, "70": 1.0, "72": 1.0, "73": 1.0, "74": 1.0, "75": 0.9583333333333333, "76": 1.0, "77": 1.0, "79": 0.5555555555555556, "83": 1.0, "84": 1.0, "85": 1.0, "86": 1.0, "87": 1.0, "88": 0.6666666666666666, "89": 1.0, "92": 0.8055555555555556, "93": 1.0, "94": 0.5384615384615384, "95": 1.0, "97": 1.0, "99": 1.0, "101": 1.0, "104": 1.0, "106": 1.0, "110": 1.0, "112": 1.0, "114": 0.6071428571428571, "115": 0.5277777777777778, "117": 1.0, "121": 1.0, "122": 1.0, "123": 0.7857142857142857, "124": 1.0, "126": 1.0, "127": 1.0, "128": 1.0, "130": 1.0, "132": 1.0, "133": 1.0, "134": 0.5714285714285714, "135": 1.0, "137": 1.0, "138": 1.0, "139": 1.0, "141": 1.0, "143": 1.0, "144": 1.0, "147": 1.0, "148": 1.0, "149": 1.0, "150": 1.0, "151": 1.0, "152": 1.0, "153": 1.0, "155": 1.0, "157": 1.0, "158": 1.0, "159": 1.0, "160": 1.0, "161": 1.0, "162": 1.0, "163": 1.0, "165": 1.0, "166": 1.0, "167": 1.0, "168": 0.5294117647058824, "170": 0.5714285714285714, "172": 1.0, "174": 0.75, "175": 1.0, "176": 1.0, "177": 1.0, "178": 0.6666666666666666, "180": 1.0, "181": 0.75, "182": 1.0, "184": 0.5454545454545454, "185": 1.0, "186": 1.0, "187": 0.75, "188": 1.0, "189": 0.8157894736842105, "190": 1.0, "191": 1.0, "192": 0.53125, "193": 1.0, "194": 0.6428571428571428, "196": 1.0, "198": 1.0, "199": 1.0, "201": 1.0, "202": 1.0, "203": 1.0, "206": 1.0, "207": 1.0, "209": 1.0, "211": 1.0, "213": 0.5625, "214": 1.0, "215": 1.0, "220": 0.6666666666666666, "222": 1.0, "223": 1.0, "224": 1.0, "226": 1.0, "227": 0.5714285714285714, "230": 1.0, "231": 1.0, "232": 1.0, "235": 1.0, "236": 1.0, "237": 1.0, "238": 1.0, "247": 1.0, "251": 1.0, "253": 0.8571428571428572, "256": 0.625, "257": 0.6176470588235294, "258": 1.0, "260": 1.0, "261": 1.0, "262": 1.0, "263": 1.0, "264": 1.0, "265": 1.0, "268": 1.0, "269": 1.0, "272": 0.9375, "274": 1.0, "277": 1.0, "279": 1.0, "281": 0.6666666666666666, "282": 1.0, "284": 1.0, "287": 1.0, "289": 1.0, "290": 1.0, "291": 1.0, "292": 0.75, "293": 0.65, "294": 1.0, "295": 0.9411764705882353, "297": 1.0, "300": 0.5333333333333333, "301": 1.0, "304": 0.6875, "306": 1.0, "308": 1.0, "309": 0.5416666666666666, "311": 1.0, "312": 1.0, "314": 0.5666666666666667, "315": 1.0, "317": 0.9545454545454546, "319": 0.5714285714285714}}}