{"10": {"FDR": 0.0, "Power": 0.7, "Temporal_FDR": 0.0, "Temporal_Power": 0.7, "Average_Window_FDR": 0.0, "Average_Window_Power": 0.8775510204081632, "Window_Overlap": {"0": 1.0, "2": 1.0, "3": 1.0, "6": 0.5714285714285714, "7": 1.0, "8": 1.0, "9": 1.0}}, "20": {"FDR": 0.0, "Power": 0.7, "Temporal_FDR": 0.0, "Temporal_Power": 0.7, "Average_Window_FDR": 0.0, "Average_Window_Power": 0.8244897959183674, "Window_Overlap": {"0": 1.0, "2": 1.0, "3": 1.0, "6": 0.5357142857142857, "7": 0.85, "8": 1.0, "9": 1.0}}, "40": {"FDR": 0.0, "Power": 0.5, "Temporal_FDR": 0.0, "Temporal_Power": 0.5, "Average_Window_FDR": 0.0, "Average_Window_Power": 0.7824074074074074, "Window_Overlap": {"0": 0.9375, "2": 1.0, "3": 1.0, "6": 0.5185185185185185, "9": 1.0}}, "80": {"FDR": 0.0, "Power": 0.4, "Temporal_FDR": 0.0, "Temporal_Power": 0.4, "Average_Window_FDR": 0.0, "Average_Window_Power": 0.7594339622641509, "Window_Overlap": {"2": 1.0, "3": 1.0, "6": 0.5188679245283019, "9": 1.0}}, "160": {"FDR": 0.0, "Power": 0.4, "Temporal_FDR": 0.0, "Temporal_Power": 0.4, "Average_Window_FDR": 0.0, "Average_Window_Power": 0.7547169811320755, "Window_Overlap": {"2": 1.0, "3": 1.0, "6": 0.5094339622641509, "9": 1.0}}, "320": {"FDR": 0.0, "Power": 0.4, "Temporal_FDR": 0.0, "Temporal_Power": 0.4, "Average_Window_FDR": 0.0, "Average_Window_Power": 0.7535545023696683, "Window_Overlap": {"2": 1.0, "3": 1.0, "6": 0.5071090047393365, "9": 1.0}}}