{"10": {"FDR": 0.0, "Power": 0.4, "Temporal_FDR": 0.0, "Temporal_Power": 0.4, "Average_Window_FDR": 0.0, "Average_Window_Power": 0.8571428571428571, "Window_Overlap": {"1": 1.0, "7": 1.0, "8": 0.7142857142857143, "9": 1.0}}, "20": {"FDR": 0.0, "Power": 0.75, "Temporal_FDR": 0.0, "Temporal_Power": 0.75, "Average_Window_FDR": 0.0, "Average_Window_Power": 1.0, "Window_Overlap": {"1": 1.0, "2": 1.0, "6": 1.0, "7": 1.0, "8": 1.0, "9": 1.0, "10": 1.0, "11": 1.0, "12": 1.0, "13": 1.0, "14": 1.0, "16": 1.0, "17": 1.0, "18": 1.0, "19": 1.0}}, "40": {"FDR": 0.0, "Power": 0.525, "Temporal_FDR": 0.0, "Temporal_Power": 0.5128205128205128, "Average_Window_FDR": 0.0, "Average_Window_Power": 0.6571622566030461, "Window_Overlap": {"1": 1.0, "7": 1.0, "8": 0.6428571428571428, "9": 1.0, "10": 0.96875, "11": 0.8333333333333333, "12": 0.5263157894736842, "13": 1.0, "14": 1.0, "17": 1.0, "18": 0.55, "19": 0.5384615384615384, "24": 0.6428571428571428, "26": 1.0, "28": 0.5357142857142857, "33": 1.0, "34": 0.75, "35": 1.0, "36": 0.5833333333333334, "39": 1.0}}, "80": {"FDR": 0.0, "Power": 0.675, "Temporal_FDR": 0.0, "Temporal_Power": 0.6835443037974683, "Average_Window_FDR": 0.0, "Average_Window_Power": 1.0, "Window_Overlap": {"1": 1.0, "2": 1.0, "6": 1.0, "7": 1.0, "8": 1.0, "9": 1.0, "10": 1.0, "11": 1.0, "12": 1.0, "13": 1.0, "14": 1.0, "16": 1.0, "17": 1.0, "18": 1.0, "19": 1.0, "24": 1.0, "26": 1.0, "28": 1.0, "29": 1.0, "31": 1.0, "33": 1.0, "34": 1.0, "35": 1.0, "36": 1.0, "39": 1.0, "41": 1.0, "44": 1.0, "45": 1.0, "46": 1.0, "47": 1.0, "48": 1.0, "49": 1.0, "50": 1.0, "51": 1.0, "53": 1.0, "54": 1.0, "55": 1.0, "56": 1.0, "57": 1.0, "58": 1.0, "59": 1.0, "60": 1.0, "61": 1.0, "62": 1.0, "63": 1.0, "64": 1.0, "66": 1.0, "67": 1.0, "69": 1.0, "72": 1.0, "75": 1.0, "76": 1.0, "78": 1.0, "79": 1.0}}, "160": {"FDR": 0.0, "Power": 0.71875, "Temporal_FDR": 0.0, "Temporal_Power": 0.717948717948718, "Average_Window_FDR": 0.0, "Average_Window_Power": 1.0, "Window_Overlap": {"1": 1.0, "2": 1.0, "6": 1.0, "7": 1.0, "8": 1.0, "9": 1.0, "10": 1.0, "11": 1.0, "12": 1.0, "13": 1.0, "14": 1.0, "16": 1.0, "17": 1.0, "18": 1.0, "19": 1.0, "24": 1.0, "26": 1.0, "28": 1.0, "29": 1.0, "31": 1.0, "33": 1.0, "34": 1.0, "35": 1.0, "36": 1.0, "39": 1.0, "41": 1.0, "44": 1.0, "45": 1.0, "46": 1.0, "47": 1.0, "48": 1.0, "49": 1.0, "50": 1.0, "51": 1.0, "53": 1.0, "54": 1.0, "55": 1.0, "56": 1.0, "57": 1.0, "58": 1.0, "59": 1.0, "60": 1.0, "61": 1.0, "62": 1.0, "63": 1.0, "64": 1.0, "66": 1.0, "67": 1.0, "69": 1.0, "72": 1.0, "75": 1.0, "76": 1.0, "78": 1.0, "79": 1.0, "80": 1.0, "84": 1.0, "87": 1.0, "88": 1.0, "90": 1.0, "91": 1.0, "92": 1.0, "93": 1.0, "94": 1.0, "95": 1.0, "96": 1.0, "97": 1.0, "98": 1.0, "100": 1.0, "101": 1.0, "102": 1.0, "104": 1.0, "105": 1.0, "106": 1.0, "107": 1.0, "108": 1.0, "109": 1.0, "110": 1.0, "111": 1.0, "113": 1.0, "114": 1.0, "115": 1.0, "116": 1.0, "117": 1.0, "119": 1.0, "120": 1.0, "122": 1.0, "123": 1.0, "124": 1.0, "125": 1.0, "126": 1.0, "129": 1.0, "131": 1.0, "132": 1.0, "133": 1.0, "134": 1.0, "135": 1.0, "137": 1.0, "138": 1.0, "139": 1.0, "141": 1.0, "142": 1.0, "143": 1.0, "144": 1.0, "146": 1.0, "147": 1.0, "149": 1.0, "154": 1.0, "155": 1.0, "156": 1.0, "157": 1.0, "158": 1.0, "159": 1.0}}, "320": {"FDR": 0.0, "Power": 0.628125, "Temporal_FDR": 0.0, "Temporal_Power": 0.6302250803858521, "Average_Window_FDR": 0.0, "Average_Window_Power": 0.8823424229875626, "Window_Overlap": {"1": 1.0, "7": 1.0, "8": 0.6428571428571428, "9": 1.0, "10": 0.96875, "11": 0.8333333333333333, "12": 0.5263157894736842, "13": 1.0, "14": 1.0, "17": 1.0, "18": 0.55, "19": 0.5384615384615384, "24": 0.6428571428571428, "26": 1.0, "28": 0.5357142857142857, "33": 1.0, "34": 0.8333333333333333, "35": 1.0, "36": 0.5833333333333334, "39": 1.0, "41": 1.0, "44": 1.0, "45": 1.0, "46": 1.0, "47": 1.0, "48": 1.0, "49": 0.5833333333333334, "50": 1.0, "51": 1.0, "53": 1.0, "54": 1.0, "55": 1.0, "56": 1.0, "57": 1.0, "58": 1.0, "59": 1.0, "60": 0.53125, "61": 1.0, "62": 0.59375, "63": 0.75, "64": 1.0, "66": 1.0, "67": 0.75, "69": 1.0, "72": 1.0, "75": 0.9166666666666667, "76": 1.0, "78": 1.0, "84": 1.0, "87": 1.0, "88": 1.0, "90": 1.0, "91": 1.0, "92": 0.7777777777777778, "93": 1.0, "94": 1.0, "95": 1.0, "96": 1.0, "98": 1.0, "100": 1.0, "101": 1.0, "102": 1.0, "104": 1.0, "105": 0.6111111111111112, "106": 1.0, "107": 1.0, "108": 1.0, "110": 1.0, "111": 1.0, "113": 1.0, "116": 1.0, "117": 1.0, "119": 1.0, "120": 1.0, "122": 0.8846153846153846, "123": 1.0, "124": 1.0, "125": 1.0, "129": 1.0, "132": 1.0, "133": 1.0, "134": 1.0, "137": 1.0, "138": 0.53125, "141": 1.0, "142": 1.0, "143": 1.0, "144": 0.6875, "146": 0.5625, "149": 1.0, "154": 1.0, "155": 1.0, "156": 1.0, "157": 1.0, "158": 1.0, "161": 1.0, "165": 1.0, "166": 1.0, "168": 1.0, "170": 1.0, "173": 1.0, "174": 1.0, "175": 1.0, "177": 1.0, "179": 1.0, "180": 1.0, "182": 1.0, "183": 1.0, "184": 1.0, "186": 1.0, "187": 1.0, "188": 1.0, "189": 1.0, "191": 0.5526315789473684, "192": 1.0, "193": 0.6, "195": 0.7307692307692308, "196": 1.0, "197": 1.0, "198": 1.0, "200": 1.0, "203": 1.0, "207": 1.0, "208": 1.0, "209": 1.0, "211": 1.0, "212": 1.0, "213": 1.0, "214": 1.0, "216": 1.0, "218": 1.0, "221": 0.5833333333333334, "226": 1.0, "227": 1.0, "228": 1.0, "229": 1.0, "231": 0.55, "232": 1.0, "233": 1.0, "234": 1.0, "235": 1.0, "236": 1.0, "239": 1.0, "241": 0.85, "242": 0.6, "243": 1.0, "244": 1.0, "248": 1.0, "249": 1.0, "250": 1.0, "251": 0.9615384615384616, "254": 1.0, "255": 1.0, "256": 1.0, "257": 0.8888888888888888, "259": 0.625, "261": 1.0, "262": 1.0, "263": 1.0, "264": 1.0, "265": 1.0, "266": 1.0, "267": 1.0, "268": 1.0, "269": 1.0, "270": 1.0, "273": 0.8181818181818181, "274": 1.0, "276": 1.0, "277": 0.8888888888888888, "279": 1.0, "282": 1.0, "283": 1.0, "285": 0.7222222222222222, "287": 1.0, "290": 0.90625, "291": 1.0, "294": 1.0, "295": 1.0, "296": 1.0, "297": 1.0, "299": 1.0, "300": 1.0, "301": 1.0, "302": 1.0, "304": 1.0, "307": 1.0, "308": 0.5666666666666667, "309": 1.0, "311": 1.0, "312": 0.8571428571428572, "313": 1.0, "315": 1.0, "317": 1.0, "318": 1.0, "319": 0.9333333333333333}}}