{"10": {"FDR": 0.0, "Power": 1.0, "Temporal_FDR": 0.0, "Temporal_Power": 1.0, "Average_Window_FDR": 0.0, "Average_Window_Power": 0.8285714285714285, "Window_Overlap": {"0": 0.5714285714285714, "1": 1.0, "2": 1.0, "3": 1.0, "4": 1.0}}, "20": {"FDR": 0.0, "Power": 1.0, "Temporal_FDR": 0.0, "Temporal_Power": 1.0, "Average_Window_FDR": 0.0, "Average_Window_Power": 0.8142857142857143, "Window_Overlap": {"0": 0.5357142857142857, "1": 1.0, "2": 1.0, "3": 1.0, "4": 1.0}}, "40": {"FDR": 0.0, "Power": 0.8, "Temporal_FDR": 0.0, "Temporal_Power": 0.8, "Average_Window_FDR": 0.0, "Average_Window_Power": 0.7596153846153846, "Window_Overlap": {"0": 0.5192307692307693, "1": 1.0, "2": 1.0, "4": 1.0}}, "80": {"FDR": 0.0, "Power": 0.8, "Temporal_FDR": 0.0, "Temporal_Power": 0.8, "Average_Window_FDR": 0.0, "Average_Window_Power": 0.6881868131868132, "Window_Overlap": {"0": 0.5192307692307693, "1": 1.0, "2": 0.8571428571428572, "4": 1.0}}}