{"10": {"FDR": 0.0, "Power": 0.6, "Temporal_FDR": 0.0, "Temporal_Power": 0.6, "Average_Window_FDR": 0.0, "Average_Window_Power": 0.9047619047619048, "Window_Overlap": {"2": 1.0, "3": 1.0, "4": 1.0, "6": 1.0, "7": 0.7142857142857143, "9": 1.0}}, "20": {"FDR": 0.0, "Power": 0.6, "Temporal_FDR": 0.0, "Temporal_Power": 0.6, "Average_Window_FDR": 0.0, "Average_Window_Power": 0.9047619047619048, "Window_Overlap": {"2": 1.0, "3": 1.0, "4": 1.0, "6": 1.0, "7": 0.7142857142857143, "9": 1.0}}, "30": {"FDR": 0.0, "Power": 0.6, "Temporal_FDR": 0.0, "Temporal_Power": 0.6, "Average_Window_FDR": 0.0, "Average_Window_Power": 0.9047619047619048, "Window_Overlap": {"2": 1.0, "3": 1.0, "4": 1.0, "6": 1.0, "7": 0.7142857142857143, "9": 1.0}}, "40": {"FDR": 0.0, "Power": 0.6, "Temporal_FDR": 0.0, "Temporal_Power": 0.6, "Average_Window_FDR": 0.0, "Average_Window_Power": 0.9047619047619048, "Window_Overlap": {"2": 1.0, "3": 1.0, "4": 1.0, "6": 1.0, "7": 0.7142857142857143, "9": 1.0}}, "50": {"FDR": 0.0, "Power": 0.6, "Temporal_FDR": 0.0, "Temporal_Power": 0.6, "Average_Window_FDR": 0.0, "Average_Window_Power": 0.9047619047619048, "Window_Overlap": {"2": 1.0, "3": 1.0, "4": 1.0, "6": 1.0, "7": 0.7142857142857143, "9": 1.0}}}