{"10": {"FDR": 0.0, "Power": 0.6, "Temporal_FDR": 0.0, "Temporal_Power": 0.6, "Average_Window_FDR": 0.0, "Average_Window_Power": 0.8888888888888888, "Window_Overlap": {"0": 1.0, "1": 1.0, "3": 1.0, "4": 1.0, "7": 0.6666666666666666, "8": 1.0}}, "20": {"FDR": 0.0, "Power": 0.65, "Temporal_FDR": 0.0, "Temporal_Power": 0.6, "Average_Window_FDR": 0.0, "Average_Window_Power": 0.8813131313131312, "Window_Overlap": {"0": 1.0, "1": 1.0, "3": 1.0, "4": 1.0, "7": 0.6666666666666666, "8": 1.0, "10": 1.0, "12": 1.0, "13": 1.0, "14": 0.6666666666666666, "16": 0.9545454545454546, "18": 1.0}}, "40": {"FDR": 0.0, "Power": 0.55, "Temporal_FDR": 0.0, "Temporal_Power": 0.5263157894736842, "Average_Window_FDR": 0.0, "Average_Window_Power": 0.9333333333333332, "Window_Overlap": {"0": 1.0, "1": 1.0, "3": 1.0, "4": 1.0, "7": 0.6666666666666666, "8": 1.0, "10": 1.0, "12": 1.0, "13": 1.0, "14": 0.6666666666666666, "15": 1.0, "16": 1.0, "18": 1.0, "26": 1.0, "29": 1.0, "31": 1.0, "32": 1.0, "33": 1.0, "34": 1.0, "37": 1.0}}, "80": {"FDR": 0.0, "Power": 0.775, "Temporal_FDR": 0.0, "Temporal_Power": 0.7662337662337663, "Average_Window_FDR": 0.0, "Average_Window_Power": 1.0, "Window_Overlap": {"0": 1.0, "1": 1.0, "3": 1.0, "4": 1.0, "6": 1.0, "7": 1.0, "8": 1.0, "9": 1.0, "10": 1.0, "12": 1.0, "13": 1.0, "14": 1.0, "15": 1.0, "16": 1.0, "17": 1.0, "18": 1.0, "25": 1.0, "26": 1.0, "29": 1.0, "31": 1.0, "32": 1.0, "33": 1.0, "34": 1.0, "37": 1.0, "38": 1.0, "39": 1.0, "40": 1.0, "41": 1.0, "42": 1.0, "44": 1.0, "45": 1.0, "46": 1.0, "47": 1.0, "48": 1.0, "49": 1.0, "50": 1.0, "51": 1.0, "52": 1.0, "53": 1.0, "54": 1.0, "55": 1.0, "56": 1.0, "57": 1.0, "58": 1.0, "60": 1.0, "61": 1.0, "62": 1.0, "63": 1.0, "64": 1.0, "65": 1.0, "66": 1.0, "67": 1.0, "68": 1.0, "69": 1.0, "70": 1.0, "72": 1.0, "75": 1.0, "76": 1.0, "78": 1.0}}, "160": {"FDR": 0.0, "Power": 0.74375, "Temporal_FDR": 0.0, "Temporal_Power": 0.7419354838709677, "Average_Window_FDR": 0.0, "Average_Window_Power": 1.0, "Window_Overlap": {"0": 1.0, "1": 1.0, "3": 1.0, "4": 1.0, "6": 1.0, "7": 1.0, "8": 1.0, "9": 1.0, "10": 1.0, "12": 1.0, "13": 1.0, "14": 1.0, "15": 1.0, "16": 1.0, "17": 1.0, "18": 1.0, "25": 1.0, "26": 1.0, "29": 1.0, "31": 1.0, "32": 1.0, "33": 1.0, "34": 1.0, "37": 1.0, "38": 1.0, "39": 1.0, "40": 1.0, "41": 1.0, "42": 1.0, "44": 1.0, "45": 1.0, "46": 1.0, "47": 1.0, "48": 1.0, "49": 1.0, "50": 1.0, "51": 1.0, "52": 1.0, "53": 1.0, "54": 1.0, "55": 1.0, "56": 1.0, "57": 1.0, "58": 1.0, "60": 1.0, "61": 1.0, "62": 1.0, "63": 1.0, "64": 1.0, "65": 1.0, "66": 1.0, "67": 1.0, "68": 1.0, "69": 1.0, "70": 1.0, "72": 1.0, "75": 1.0, "76": 1.0, "78": 1.0, "80": 1.0, "81": 1.0, "82": 1.0, "84": 1.0, "85": 1.0, "87": 1.0, "88": 1.0, "89": 1.0, "93": 1.0, "94": 1.0, "95": 1.0, "97": 1.0, "98": 1.0, "99": 1.0, "101": 1.0, "103": 1.0, "104": 1.0, "107": 1.0, "109": 1.0, "112": 1.0, "113": 1.0, "114": 1.0, "115": 1.0, "116": 1.0, "118": 1.0, "119": 1.0, "120": 1.0, "122": 1.0, "123": 1.0, "124": 1.0, "125": 1.0, "126": 1.0, "127": 1.0, "129": 1.0, "130": 1.0, "132": 1.0, "133": 1.0, "134": 1.0, "135": 1.0, "136": 1.0, "137": 1.0, "138": 1.0, "139": 1.0, "140": 1.0, "141": 1.0, "143": 1.0, "145": 1.0, "146": 1.0, "147": 1.0, "148": 1.0, "151": 1.0, "152": 1.0, "153": 1.0, "154": 1.0, "155": 1.0, "157": 1.0}}, "320": {"FDR": 0.0, "Power": 0.734375, "Temporal_FDR": 0.0, "Temporal_Power": 0.7331189710610932, "Average_Window_FDR": 0.0, "Average_Window_Power": 1.0, "Window_Overlap": {"0": 1.0, "1": 1.0, "3": 1.0, "4": 1.0, "6": 1.0, "7": 1.0, "8": 1.0, "9": 1.0, "10": 1.0, "12": 1.0, "13": 1.0, "14": 1.0, "15": 1.0, "16": 1.0, "17": 1.0, "18": 1.0, "25": 1.0, "26": 1.0, "29": 1.0, "31": 1.0, "32": 1.0, "33": 1.0, "34": 1.0, "37": 1.0, "38": 1.0, "39": 1.0, "40": 1.0, "41": 1.0, "42": 1.0, "44": 1.0, "45": 1.0, "46": 1.0, "47": 1.0, "48": 1.0, "49": 1.0, "50": 1.0, "51": 1.0, "52": 1.0, "53": 1.0, "54": 1.0, "55": 1.0, "56": 1.0, "57": 1.0, "58": 1.0, "60": 1.0, "61": 1.0, "62": 1.0, "63": 1.0, "64": 1.0, "65": 1.0, "66": 1.0, "67": 1.0, "68": 1.0, "69": 1.0, "70": 1.0, "72": 1.0, "75": 1.0, "76": 1.0, "78": 1.0, "80": 1.0, "81": 1.0, "82": 1.0, "84": 1.0, "85": 1.0, "87": 1.0, "88": 1.0, "89": 1.0, "93": 1.0, "94": 1.0, "95": 1.0, "97": 1.0, "98": 1.0, "99": 1.0, "101": 1.0, "103": 1.0, "104": 1.0, "107": 1.0, "109": 1.0, "112": 1.0, "113": 1.0, "114": 1.0, "115": 1.0, "116": 1.0, "118": 1.0, "119": 1.0, "120": 1.0, "122": 1.0, "123": 1.0, "124": 1.0, "125": 1.0, "126": 1.0, "127": 1.0, "129": 1.0, "130": 1.0, "132": 1.0, "133": 1.0, "134": 1.0, "135": 1.0, "136": 1.0, "137": 1.0, "138": 1.0, "139": 1.0, "140": 1.0, "141": 1.0, "143": 1.0, "145": 1.0, "146": 1.0, "147": 1.0, "148": 1.0, "151": 1.0, "152": 1.0, "153": 1.0, "154": 1.0, "155": 1.0, "157": 1.0, "160": 1.0, "162": 1.0, "163": 1.0, "164": 1.0, "165": 1.0, "166": 1.0, "167": 1.0, "168": 1.0, "169": 1.0, "170": 1.0, "172": 1.0, "173": 1.0, "175": 1.0, "176": 1.0, "178": 1.0, "179": 1.0, "180": 1.0, "181": 1.0, "182": 1.0, "183": 1.0, "184": 1.0, "186": 1.0, "187": 1.0, "188": 1.0, "189": 1.0, "190": 1.0, "191": 1.0, "192": 1.0, "194": 1.0, "195": 1.0, "196": 1.0, "198": 1.0, "200": 1.0, "201": 1.0, "203": 1.0, "204": 1.0, "207": 1.0, "210": 1.0, "211": 1.0, "214": 1.0, "216": 1.0, "218": 1.0, "219": 1.0, "220": 1.0, "221": 1.0, "222": 1.0, "223": 1.0, "225": 1.0, "226": 1.0, "228": 1.0, "229": 1.0, "230": 1.0, "231": 1.0, "232": 1.0, "234": 1.0, "235": 1.0, "237": 1.0, "238": 1.0, "241": 1.0, "242": 1.0, "243": 1.0, "244": 1.0, "246": 1.0, "248": 1.0, "250": 1.0, "251": 1.0, "253": 1.0, "254": 1.0, "256": 1.0, "257": 1.0, "258": 1.0, "259": 1.0, "260": 1.0, "262": 1.0, "264": 1.0, "265": 1.0, "266": 1.0, "268": 1.0, "269": 1.0, "271": 1.0, "272": 1.0, "275": 1.0, "276": 1.0, "277": 1.0, "278": 1.0, "279": 1.0, "282": 1.0, "285": 1.0, "286": 1.0, "288": 1.0, "290": 1.0, "291": 1.0, "292": 1.0, "293": 1.0, "294": 1.0, "295": 1.0, "296": 1.0, "297": 1.0, "298": 1.0, "299": 1.0, "301": 1.0, "302": 1.0, "304": 1.0, "305": 1.0, "306": 1.0, "307": 1.0, "309": 1.0, "310": 1.0, "311": 1.0, "312": 1.0, "316": 1.0, "318": 1.0, "319": 1.0}}}