{"10": {"FDR": 0.0, "Power": 0.7, "Temporal_FDR": 0.0, "Temporal_Power": 0.625, "Average_Window_FDR": 0.0, "Average_Window_Power": 0.85, "Window_Overlap": {"0": 1.0, "1": 1.0, "4": 0.625, "5": 1.0, "8": 1.0}}, "20": {"FDR": 0.0, "Power": 0.7, "Temporal_FDR": 0.0, "Temporal_Power": 0.6666666666666666, "Average_Window_FDR": 0.0, "Average_Window_Power": 0.8862179487179488, "Window_Overlap": {"0": 1.0, "1": 1.0, "4": 0.625, "5": 1.0, "8": 1.0, "10": 1.0, "13": 0.6923076923076923, "14": 1.0, "15": 1.0, "16": 1.0, "17": 1.0, "19": 1.0}}, "40": {"FDR": 0.0, "Power": 0.8, "Temporal_FDR": 0.0, "Temporal_Power": 0.8108108108108109, "Average_Window_FDR": 0.0, "Average_Window_Power": 1.0, "Window_Overlap": {"0": 1.0, "1": 1.0, "3": 1.0, "4": 1.0, "5": 1.0, "6": 1.0, "8": 1.0, "10": 1.0, "13": 1.0, "14": 1.0, "15": 1.0, "16": 1.0, "17": 1.0, "19": 1.0, "20": 1.0, "21": 1.0, "22": 1.0, "23": 1.0, "25": 1.0, "26": 1.0, "27": 1.0, "28": 1.0, "29": 1.0, "30": 1.0, "33": 1.0, "34": 1.0, "35": 1.0, "36": 1.0, "37": 1.0, "39": 1.0}}, "80": {"FDR": 0.0, "Power": 0.7625, "Temporal_FDR": 0.0, "Temporal_Power": 0.7662337662337663, "Average_Window_FDR": 0.0, "Average_Window_Power": 1.0, "Window_Overlap": {"0": 1.0, "1": 1.0, "3": 1.0, "4": 1.0, "5": 1.0, "6": 1.0, "8": 1.0, "10": 1.0, "13": 1.0, "14": 1.0, "15": 1.0, "16": 1.0, "17": 1.0, "19": 1.0, "20": 1.0, "21": 1.0, "22": 1.0, "23": 1.0, "25": 1.0, "26": 1.0, "27": 1.0, "28": 1.0, "29": 1.0, "30": 1.0, "33": 1.0, "34": 1.0, "35": 1.0, "36": 1.0, "37": 1.0, "39": 1.0, "40": 1.0, "41": 1.0, "42": 1.0, "43": 1.0, "44": 1.0, "45": 1.0, "46": 1.0, "49": 1.0, "50": 1.0, "52": 1.0, "53": 1.0, "54": 1.0, "55": 1.0, "56": 1.0, "57": 1.0, "58": 1.0, "60": 1.0, "61": 1.0, "62": 1.0, "63": 1.0, "64": 1.0, "68": 1.0, "70": 1.0, "72": 1.0, "73": 1.0, "74": 1.0, "75": 1.0, "76": 1.0, "77": 1.0}}, "160": {"FDR": 0.0, "Power": 0.6875, "Temporal_FDR": 0.0, "Temporal_Power": 0.6776315789473685, "Average_Window_FDR": 0.0, "Average_Window_Power": 0.9131332259973037, "Window_Overlap": {"0": 1.0, "1": 1.0, "4": 0.625, "5": 1.0, "8": 1.0, "10": 1.0, "13": 0.6923076923076923, "14": 1.0, "15": 1.0, "16": 1.0, "17": 1.0, "19": 1.0, "20": 1.0, "21": 1.0, "23": 1.0, "25": 1.0, "26": 1.0, "27": 1.0, "28": 1.0, "29": 0.84375, "30": 1.0, "33": 1.0, "34": 1.0, "35": 1.0, "36": 1.0, "37": 1.0, "39": 1.0, "40": 1.0, "41": 1.0, "42": 1.0, "43": 1.0, "44": 1.0, "45": 1.0, "46": 0.55, "49": 1.0, "53": 1.0, "54": 0.6, "55": 1.0, "57": 1.0, "58": 0.5357142857142857, "60": 1.0, "61": 0.65625, "63": 1.0, "64": 1.0, "68": 1.0, "72": 1.0, "73": 1.0, "74": 1.0, "75": 1.0, "76": 1.0, "82": 0.6333333333333333, "83": 0.75, "84": 1.0, "85": 1.0, "87": 1.0, "88": 1.0, "89": 0.8125, "90": 1.0, "91": 1.0, "92": 1.0, "93": 1.0, "96": 1.0, "97": 1.0, "98": 1.0, "100": 1.0, "101": 1.0, "102": 0.9333333333333333, "103": 1.0, "104": 1.0, "105": 1.0, "106": 1.0, "107": 0.9, "110": 1.0, "112": 1.0, "116": 1.0, "117": 1.0, "119": 1.0, "120": 1.0, "121": 1.0, "122": 1.0, "126": 1.0, "129": 1.0, "131": 1.0, "132": 1.0, "133": 0.5454545454545454, "134": 1.0, "135": 1.0, "136": 0.9333333333333333, "137": 1.0, "141": 1.0, "142": 1.0, "144": 1.0, "147": 0.6153846153846154, "148": 1.0, "149": 1.0, "150": 1.0, "151": 1.0, "153": 0.9, "154": 1.0, "155": 1.0, "156": 1.0, "158": 1.0, "159": 1.0}}, "320": {"FDR": 0.0, "Power": 0.678125, "Temporal_FDR": 0.0, "Temporal_Power": 0.6764705882352942, "Average_Window_FDR": 0.0, "Average_Window_Power": 0.8965576757338772, "Window_Overlap": {"0": 1.0, "1": 1.0, "3": 1.0, "4": 0.625, "5": 1.0, "8": 1.0, "10": 1.0, "13": 0.6923076923076923, "14": 1.0, "15": 1.0, "16": 1.0, "17": 1.0, "19": 1.0, "20": 1.0, "21": 1.0, "23": 1.0, "25": 1.0, "26": 1.0, "27": 1.0, "28": 1.0, "29": 0.9375, "30": 1.0, "33": 1.0, "34": 1.0, "35": 1.0, "36": 1.0, "37": 1.0, "39": 1.0, "40": 1.0, "41": 1.0, "42": 1.0, "43": 1.0, "44": 1.0, "45": 1.0, "46": 0.55, "49": 1.0, "53": 1.0, "54": 0.6, "55": 1.0, "57": 1.0, "58": 0.5357142857142857, "60": 1.0, "61": 0.65625, "63": 1.0, "64": 1.0, "68": 1.0, "72": 1.0, "73": 1.0, "74": 1.0, "75": 1.0, "76": 1.0, "82": 0.6333333333333333, "83": 0.75, "84": 1.0, "85": 1.0, "87": 1.0, "88": 1.0, "89": 0.8125, "90": 1.0, "91": 1.0, "92": 1.0, "93": 1.0, "96": 1.0, "97": 1.0, "98": 1.0, "100": 1.0, "101": 1.0, "103": 1.0, "104": 1.0, "105": 1.0, "106": 1.0, "107": 0.9, "110": 1.0, "112": 1.0, "116": 1.0, "117": 1.0, "119": 1.0, "120": 1.0, "121": 1.0, "122": 1.0, "126": 1.0, "129": 0.65, "131": 1.0, "132": 1.0, "133": 0.5454545454545454, "134": 1.0, "135": 1.0, "136": 0.9, "137": 1.0, "140": 0.5454545454545454, "141": 1.0, "142": 1.0, "144": 1.0, "147": 0.6153846153846154, "148": 1.0, "149": 1.0, "150": 1.0, "151": 1.0, "153": 0.9, "154": 1.0, "155": 1.0, "156": 1.0, "158": 1.0, "159": 1.0, "160": 1.0, "161": 1.0, "162": 1.0, "163": 1.0, "165": 0.5769230769230769, "169": 1.0, "171": 0.53125, "175": 1.0, "177": 1.0, "178": 0.6428571428571428, "179": 0.7, "180": 1.0, "181": 1.0, "185": 1.0, "186": 0.9, "187": 1.0, "189": 1.0, "191": 1.0, "193": 1.0, "194": 1.0, "195": 0.875, "196": 1.0, "197": 1.0, "198": 1.0, "199": 1.0, "200": 1.0, "201": 1.0, "204": 1.0, "205": 1.0, "206": 1.0, "208": 0.9285714285714286, "212": 0.9545454545454546, "213": 1.0, "215": 1.0, "216": 1.0, "218": 1.0, "219": 0.5384615384615384, "221": 1.0, "222": 0.9, "224": 1.0, "225": 1.0, "226": 0.95, "227": 1.0, "228": 1.0, "229": 1.0, "230": 1.0, "232": 1.0, "234": 1.0, "235": 1.0, "238": 1.0, "239": 1.0, "241": 1.0, "243": 1.0, "244": 1.0, "245": 1.0, "246": 1.0, "247": 1.0, "248": 1.0, "249": 1.0, "250": 0.5357142857142857, "251": 1.0, "252": 1.0, "253": 1.0, "254": 1.0, "257": 1.0, "260": 1.0, "261": 1.0, "262": 1.0, "264": 0.9583333333333333, "266": 1.0, "269": 1.0, "270": 1.0, "271": 1.0, "273": 0.7142857142857143, "276": 1.0, "278": 0.5416666666666666, "279": 1.0, "281": 1.0, "282": 1.0, "284": 1.0, "285": 1.0, "292": 1.0, "293": 1.0, "294": 1.0, "295": 0.53125, "296": 1.0, "299": 1.0, "300": 1.0, "301": 1.0, "302": 0.53125, "305": 0.6785714285714286, "306": 1.0, "307": 1.0, "309": 1.0, "310": 1.0, "311": 0.6666666666666666, "312": 1.0, "313": 1.0, "314": 0.7894736842105263, "315": 1.0, "317": 1.0, "318": 1.0, "319": 1.0}}}