{"DEFAULT": {"FDR": 0.0, "Power": 0.8, "Temporal_FDR": 0.0, "Temporal_Power": 0.8, "Average_Window_FDR": 0.0, "Average_Window_Power": 0.9642857142857143, "Window_Overlap": {"1": 0.9285714285714286, "3": 1.0, "5": 1.0, "8": 1.0}}}