{"10": {"FDR": 0.0, "Power": 0.8, "Temporal_FDR": 0.0, "Temporal_Power": 0.8, "Average_Window_FDR": 0.0, "Average_Window_Power": 0.85, "Window_Overlap": {"1": 0.7, "2": 1.0, "3": 1.0, "4": 1.0}}, "20": {"FDR": 0.0, "Power": 0.6, "Temporal_FDR": 0.0, "Temporal_Power": 0.6, "Average_Window_FDR": 0.0, "Average_Window_Power": 0.7083333333333334, "Window_Overlap": {"1": 0.6875, "2": 1.0, "3": 0.875}}, "40": {"FDR": 0.0, "Power": 0.8, "Temporal_FDR": 0.0, "Temporal_Power": 0.6, "Average_Window_FDR": 0.0, "Average_Window_Power": 0.5737373737373738, "Window_Overlap": {"1": 0.6333333333333333, "2": 1.0, "3": 0.7272727272727273}}, "80": {"FDR": 0.0, "Power": 0.6, "Temporal_FDR": 0.0, "Temporal_Power": 0.6, "Average_Window_FDR": 0.0, "Average_Window_Power": 0.49958471760797335, "Window_Overlap": {"1": 0.6071428571428571, "2": 0.9910714285714286, "3": 0.6511627906976745}}}