{"10": {"FDR": 0.0, "Power": 0.9, "Temporal_FDR": 0.0, "Temporal_Power": 1.0, "Average_Window_FDR": 0.0, "Average_Window_Power": 0.9444444444444444, "Window_Overlap": {"0": 1.0, "1": 1.0, "2": 0.75, "3": 1.0, "4": 1.0, "6": 1.0, "7": 1.0, "8": 1.0, "9": 1.0}}, "20": {"FDR": 0.0, "Power": 0.9, "Temporal_FDR": 0.0, "Temporal_Power": 1.0, "Average_Window_FDR": 0.0, "Average_Window_Power": 0.8796296296296295, "Window_Overlap": {"0": 1.0, "1": 0.8333333333333333, "2": 0.625, "3": 1.0, "4": 1.0, "6": 1.0, "7": 1.0, "8": 1.0, "9": 1.0}}, "40": {"FDR": 0.0, "Power": 0.9, "Temporal_FDR": 0.0, "Temporal_Power": 1.0, "Average_Window_FDR": 0.0, "Average_Window_Power": 0.8501984126984127, "Window_Overlap": {"0": 1.0, "1": 0.71875, "2": 0.6071428571428571, "3": 1.0, "4": 1.0, "6": 1.0, "7": 1.0, "8": 1.0, "9": 1.0}}, "80": {"FDR": 0.0, "Power": 0.9, "Temporal_FDR": 0.0, "Temporal_Power": 0.9, "Average_Window_FDR": 0.0, "Average_Window_Power": 0.826984126984127, "Window_Overlap": {"0": 1.0, "1": 0.65, "2": 0.5714285714285714, "3": 1.0, "4": 1.0, "6": 1.0, "7": 1.0, "8": 1.0, "9": 1.0}}, "160": {"FDR": 0.0, "Power": 0.9, "Temporal_FDR": 0.0, "Temporal_Power": 0.9, "Average_Window_FDR": 0.0, "Average_Window_Power": 0.8124978599554871, "Window_Overlap": {"0": 1.0, "1": 0.6016949152542372, "2": 0.5545454545454546, "3": 1.0, "4": 1.0, "6": 1.0, "7": 1.0, "8": 1.0, "9": 1.0}}, "320": {"FDR": 0.0, "Power": 0.9, "Temporal_FDR": 0.0, "Temporal_Power": 0.9, "Average_Window_FDR": 0.0, "Average_Window_Power": 0.7485401188015567, "Window_Overlap": {"0": 1.0, "1": 0.5683760683760684, "2": 0.5324074074074074, "3": 1.0, "4": 1.0, "6": 0.7676470588235293, "7": 1.0, "8": 1.0, "9": 1.0}}}