{"10": {"FDR": 0.0, "Power": 0.6, "Temporal_FDR": 0.0, "Temporal_Power": 0.6, "Average_Window_FDR": 0.0, "Average_Window_Power": 0.7142857142857143, "Window_Overlap": {"0": 1.0, "3": 0.5714285714285714, "4": 1.0}}, "20": {"FDR": 0.0, "Power": 0.6, "Temporal_FDR": 0.0, "Temporal_Power": 0.6, "Average_Window_FDR": 0.0, "Average_Window_Power": 0.7142857142857143, "Window_Overlap": {"0": 1.0, "3": 0.5714285714285714, "4": 1.0}}, "40": {"FDR": 0.0, "Power": 0.8, "Temporal_FDR": 0.0, "Temporal_Power": 0.6, "Average_Window_FDR": 0.0, "Average_Window_Power": 0.7142857142857143, "Window_Overlap": {"0": 1.0, "3": 0.5714285714285714, "4": 1.0}}, "80": {"FDR": 0.0, "Power": 0.8, "Temporal_FDR": 0.0, "Temporal_Power": 0.6, "Average_Window_FDR": 0.0, "Average_Window_Power": 0.7142857142857143, "Window_Overlap": {"0": 1.0, "3": 0.5714285714285714, "4": 1.0}}, "160": {"FDR": 0.0, "Power": 0.8, "Temporal_FDR": 0.0, "Temporal_Power": 0.6, "Average_Window_FDR": 0.0, "Average_Window_Power": 0.7619047619047619, "Window_Overlap": {"0": 1.0, "3": 0.6428571428571428, "4": 1.0}}, "320": {"FDR": 0.0, "Power": 0.8, "Temporal_FDR": 0.0, "Temporal_Power": 0.8, "Average_Window_FDR": 0.0, "Average_Window_Power": 0.6825396825396826, "Window_Overlap": {"0": 1.0, "2": 0.7222222222222222, "3": 0.6428571428571428, "4": 1.0}}}