{"DEFAULT": {"FDR": 0.0, "Power": 0.6, "Temporal_FDR": 0.0, "Temporal_Power": 0.6, "Average_Window_FDR": 0.0, "Average_Window_Power": 0.7222222222222223, "Window_Overlap": {"4": 1.0, "6": 0.5833333333333334, "8": 1.0}}}