{"10": {"FDR": 0.0, "Power": 0.8, "Temporal_FDR": 0.0, "Temporal_Power": 0.8, "Average_Window_FDR": 0.0, "Average_Window_Power": 1.0, "Window_Overlap": {"0": 1.0, "1": 1.0, "3": 1.0, "5": 1.0, "6": 1.0, "7": 1.0, "8": 1.0, "9": 1.0}}, "20": {"FDR": 0.0, "Power": 0.9, "Temporal_FDR": 0.0, "Temporal_Power": 0.9, "Average_Window_FDR": 0.0, "Average_Window_Power": 1.0, "Window_Overlap": {"0": 1.0, "1": 1.0, "3": 1.0, "5": 1.0, "6": 1.0, "7": 1.0, "8": 1.0, "9": 1.0, "10": 1.0, "11": 1.0, "12": 1.0, "13": 1.0, "14": 1.0, "15": 1.0, "16": 1.0, "17": 1.0, "18": 1.0, "19": 1.0}}, "40": {"FDR": 0.0, "Power": 0.8, "Temporal_FDR": 0.0, "Temporal_Power": 0.8, "Average_Window_FDR": 0.0, "Average_Window_Power": 1.0, "Window_Overlap": {"0": 1.0, "1": 1.0, "3": 1.0, "5": 1.0, "6": 1.0, "7": 1.0, "8": 1.0, "9": 1.0, "10": 1.0, "11": 1.0, "12": 1.0, "13": 1.0, "14": 1.0, "15": 1.0, "16": 1.0, "17": 1.0, "18": 1.0, "19": 1.0, "20": 1.0, "21": 1.0, "22": 1.0, "23": 1.0, "24": 1.0, "25": 1.0, "26": 1.0, "28": 1.0, "29": 1.0, "31": 1.0, "32": 1.0, "34": 1.0, "35": 1.0, "37": 1.0}}, "80": {"FDR": 0.0, "Power": 0.7375, "Temporal_FDR": 0.0, "Temporal_Power": 0.7435897435897436, "Average_Window_FDR": 0.0, "Average_Window_Power": 1.0, "Window_Overlap": {"0": 1.0, "1": 1.0, "3": 1.0, "5": 1.0, "6": 1.0, "7": 1.0, "8": 1.0, "9": 1.0, "10": 1.0, "11": 1.0, "12": 1.0, "13": 1.0, "14": 1.0, "15": 1.0, "16": 1.0, "17": 1.0, "18": 1.0, "19": 1.0, "20": 1.0, "21": 1.0, "22": 1.0, "23": 1.0, "24": 1.0, "25": 1.0, "26": 1.0, "28": 1.0, "29": 1.0, "31": 1.0, "32": 1.0, "34": 1.0, "35": 1.0, "37": 1.0, "40": 1.0, "41": 1.0, "42": 1.0, "43": 1.0, "47": 1.0, "48": 1.0, "49": 1.0, "51": 1.0, "52": 1.0, "54": 1.0, "55": 1.0, "56": 1.0, "57": 1.0, "59": 1.0, "64": 1.0, "66": 1.0, "67": 1.0, "68": 1.0, "69": 1.0, "71": 1.0, "72": 1.0, "73": 1.0, "74": 1.0, "75": 1.0, "77": 1.0, "78": 1.0}}, "160": {"FDR": 0.0, "Power": 0.66875, "Temporal_FDR": 0.0, "Temporal_Power": 0.6666666666666666, "Average_Window_FDR": 0.0, "Average_Window_Power": 0.9258376835582717, "Window_Overlap": {"0": 1.0, "3": 1.0, "5": 1.0, "6": 1.0, "7": 0.5357142857142857, "8": 1.0, "10": 1.0, "11": 1.0, "12": 1.0, "13": 1.0, "14": 1.0, "15": 1.0, "16": 1.0, "17": 1.0, "18": 1.0, "19": 0.5882352941176471, "20": 0.6111111111111112, "21": 1.0, "23": 1.0, "24": 1.0, "25": 1.0, "26": 1.0, "28": 1.0, "29": 0.625, "31": 1.0, "32": 0.9090909090909092, "34": 1.0, "35": 1.0, "37": 1.0, "40": 1.0, "41": 1.0, "42": 0.8181818181818181, "43": 1.0, "47": 1.0, "48": 1.0, "49": 1.0, "51": 1.0, "52": 1.0, "54": 1.0, "56": 1.0, "57": 1.0, "64": 1.0, "67": 1.0, "68": 1.0, "69": 1.0, "71": 1.0, "72": 1.0, "73": 1.0, "74": 1.0, "75": 1.0, "77": 1.0, "78": 0.5588235294117647, "81": 1.0, "82": 1.0, "83": 1.0, "84": 1.0, "85": 1.0, "88": 1.0, "89": 1.0, "90": 1.0, "94": 1.0, "95": 1.0, "96": 1.0, "98": 1.0, "99": 1.0, "100": 1.0, "101": 1.0, "102": 1.0, "103": 1.0, "104": 1.0, "105": 1.0, "106": 0.875, "107": 1.0, "109": 1.0, "112": 1.0, "113": 1.0, "114": 1.0, "118": 1.0, "119": 1.0, "120": 1.0, "121": 1.0, "122": 1.0, "124": 0.75, "126": 1.0, "127": 1.0, "128": 0.9545454545454546, "129": 1.0, "131": 1.0, "132": 1.0, "135": 0.6428571428571428, "136": 1.0, "138": 1.0, "140": 1.0, "141": 1.0, "142": 0.9, "143": 0.625, "145": 1.0, "146": 1.0, "151": 1.0, "152": 1.0, "156": 1.0, "157": 1.0, "158": 1.0, "159": 0.75}}, "320": {"FDR": 0.0, "Power": 0.653125, "Temporal_FDR": 0.0, "Temporal_Power": 0.6476190476190476, "Average_Window_FDR": 0.0, "Average_Window_Power": 0.9037701533376273, "Window_Overlap": {"0": 1.0, "3": 1.0, "5": 1.0, "6": 1.0, "7": 0.5357142857142857, "8": 1.0, "9": 1.0, "10": 1.0, "11": 1.0, "12": 1.0, "14": 1.0, "15": 1.0, "16": 1.0, "17": 1.0, "18": 1.0, "19": 0.5882352941176471, "20": 0.6111111111111112, "21": 1.0, "23": 1.0, "24": 1.0, "25": 1.0, "26": 1.0, "28": 1.0, "29": 0.625, "31": 1.0, "32": 0.9090909090909092, "34": 1.0, "35": 1.0, "37": 1.0, "40": 1.0, "41": 1.0, "42": 0.8181818181818181, "43": 1.0, "47": 1.0, "48": 1.0, "49": 1.0, "51": 1.0, "52": 1.0, "54": 1.0, "56": 1.0, "57": 1.0, "64": 1.0, "67": 1.0, "68": 1.0, "69": 1.0, "71": 1.0, "72": 1.0, "73": 1.0, "74": 1.0, "75": 1.0, "77": 1.0, "78": 0.5588235294117647, "81": 1.0, "82": 1.0, "83": 1.0, "84": 1.0, "85": 1.0, "88": 1.0, "89": 1.0, "90": 1.0, "94": 1.0, "95": 1.0, "96": 1.0, "98": 1.0, "99": 1.0, "100": 1.0, "101": 1.0, "102": 1.0, "103": 1.0, "104": 1.0, "105": 1.0, "106": 0.875, "107": 1.0, "109": 1.0, "112": 1.0, "113": 1.0, "114": 1.0, "118": 1.0, "119": 1.0, "120": 1.0, "121": 1.0, "122": 1.0, "124": 0.7, "126": 1.0, "127": 1.0, "128": 0.9090909090909092, "129": 1.0, "131": 1.0, "132": 1.0, "135": 0.5714285714285714, "136": 1.0, "138": 1.0, "140": 1.0, "141": 1.0, "142": 0.9, "143": 0.625, "145": 1.0, "146": 1.0, "151": 1.0, "152": 1.0, "156": 1.0, "157": 1.0, "158": 1.0, "159": 0.75, "160": 1.0, "162": 1.0, "163": 1.0, "164": 1.0, "165": 1.0, "166": 0.5384615384615384, "167": 1.0, "169": 1.0, "170": 1.0, "172": 1.0, "173": 0.6666666666666666, "175": 0.6428571428571428, "176": 0.8333333333333333, "177": 0.7222222222222222, "178": 1.0, "179": 1.0, "180": 1.0, "181": 1.0, "183": 1.0, "184": 1.0, "185": 1.0, "186": 1.0, "187": 1.0, "188": 0.6, "189": 0.8333333333333333, "191": 1.0, "193": 1.0, "194": 1.0, "195": 1.0, "198": 1.0, "200": 1.0, "201": 1.0, "203": 1.0, "204": 1.0, "205": 1.0, "207": 0.53125, "209": 1.0, "211": 1.0, "212": 1.0, "213": 1.0, "215": 1.0, "216": 1.0, "217": 0.8125, "220": 0.84375, "222": 1.0, "223": 0.9666666666666667, "224": 1.0, "226": 0.5454545454545454, "227": 1.0, "229": 1.0, "233": 1.0, "234": 1.0, "235": 1.0, "236": 0.5357142857142857, "237": 1.0, "238": 1.0, "240": 1.0, "242": 1.0, "244": 1.0, "245": 0.5555555555555556, "246": 1.0, "248": 1.0, "251": 0.9444444444444444, "253": 1.0, "254": 1.0, "258": 0.625, "259": 1.0, "261": 1.0, "263": 0.5625, "264": 1.0, "266": 0.5454545454545454, "267": 1.0, "269": 1.0, "270": 0.9411764705882353, "271": 1.0, "273": 1.0, "276": 1.0, "277": 1.0, "278": 1.0, "279": 1.0, "285": 1.0, "287": 1.0, "288": 1.0, "291": 1.0, "296": 1.0, "297": 1.0, "300": 1.0, "301": 1.0, "302": 1.0, "305": 1.0, "306": 1.0, "307": 1.0, "309": 1.0, "311": 1.0, "313": 0.9615384615384616, "314": 1.0, "315": 1.0, "316": 1.0, "318": 1.0, "319": 1.0}}}