{"10": {"FDR": 0.0, "Power": 0.7, "Temporal_FDR": 0.0, "Temporal_Power": 0.6666666666666666, "Average_Window_FDR": 0.0, "Average_Window_Power": 0.8000000000000002, "Window_Overlap": {"3": 1.0, "4": 1.0, "5": 0.6, "6": 0.8, "8": 1.0, "9": 1.0}}, "20": {"FDR": 0.0, "Power": 0.7, "Temporal_FDR": 0.0, "Temporal_Power": 0.7, "Average_Window_FDR": 0.0, "Average_Window_Power": 0.792063492063492, "Window_Overlap": {"0": 1.0, "3": 1.0, "4": 1.0, "5": 0.55, "6": 0.7222222222222222, "8": 1.0, "9": 1.0}}, "40": {"FDR": 0.0, "Power": 0.6, "Temporal_FDR": 0.0, "Temporal_Power": 0.6, "Average_Window_FDR": 0.0, "Average_Window_Power": 0.7074074074074074, "Window_Overlap": {"3": 1.0, "4": 0.9, "5": 0.5555555555555556, "6": 0.6666666666666666, "8": 1.0, "9": 1.0}}, "80": {"FDR": 0.0, "Power": 0.6, "Temporal_FDR": 0.0, "Temporal_Power": 0.6, "Average_Window_FDR": 0.0, "Average_Window_Power": 0.6481203007518798, "Window_Overlap": {"3": 1.0, "4": 0.8157894736842105, "5": 0.5285714285714286, "6": 0.6, "8": 1.0, "9": 1.0}}, "160": {"FDR": 0.0, "Power": 0.6, "Temporal_FDR": 0.0, "Temporal_Power": 0.6, "Average_Window_FDR": 0.0, "Average_Window_Power": 0.6058817769175825, "Window_Overlap": {"3": 1.0, "4": 0.7297297297297297, "5": 0.5217391304347826, "6": 0.5661764705882353, "8": 1.0, "9": 1.0}}, "320": {"FDR": 0.0, "Power": 0.6, "Temporal_FDR": 0.0, "Temporal_Power": 0.6, "Average_Window_FDR": 0.0, "Average_Window_Power": 0.5810185185185185, "Window_Overlap": {"3": 1.0, "4": 0.6805555555555556, "5": 0.5147058823529411, "6": 0.5477941176470589, "8": 1.0, "9": 1.0}}}