{"10": {"FDR": 0.0, "Power": 0.6, "Temporal_FDR": 0.0, "Temporal_Power": 0.6666666666666666, "Average_Window_FDR": 0.0, "Average_Window_Power": 1.0, "Window_Overlap": {"0": 1.0, "2": 1.0, "3": 1.0, "4": 1.0, "7": 1.0, "9": 1.0}}, "20": {"FDR": 0.0, "Power": 0.5, "Temporal_FDR": 0.0, "Temporal_Power": 0.5263157894736842, "Average_Window_FDR": 0.0, "Average_Window_Power": 1.0, "Window_Overlap": {"0": 1.0, "2": 1.0, "3": 1.0, "4": 1.0, "7": 1.0, "9": 1.0, "10": 1.0, "14": 1.0, "15": 1.0, "17": 1.0}}, "40": {"FDR": 0.0, "Power": 0.7, "Temporal_FDR": 0.0, "Temporal_Power": 0.717948717948718, "Average_Window_FDR": 0.0, "Average_Window_Power": 0.8709714655092806, "Window_Overlap": {"0": 1.0, "2": 0.75, "3": 1.0, "4": 1.0, "9": 1.0, "10": 1.0, "14": 0.75, "15": 1.0, "17": 1.0, "20": 1.0, "21": 1.0, "22": 1.0, "23": 0.7692307692307692, "24": 1.0, "25": 1.0, "26": 1.0, "27": 1.0, "28": 1.0, "29": 1.0, "30": 0.5714285714285714, "31": 1.0, "32": 1.0, "33": 1.0, "34": 0.7647058823529411, "35": 0.5882352941176471, "37": 1.0, "38": 1.0, "39": 1.0}}, "80": {"FDR": 0.0, "Power": 0.7, "Temporal_FDR": 0.0, "Temporal_Power": 0.7142857142857143, "Average_Window_FDR": 0.0, "Average_Window_Power": 0.8786450477626948, "Window_Overlap": {"0": 1.0, "2": 0.7083333333333334, "3": 1.0, "4": 1.0, "7": 0.9285714285714286, "9": 1.0, "10": 1.0, "14": 0.75, "15": 1.0, "17": 1.0, "20": 1.0, "21": 1.0, "22": 1.0, "23": 0.7692307692307692, "24": 1.0, "25": 1.0, "26": 1.0, "27": 1.0, "28": 1.0, "29": 1.0, "30": 0.5714285714285714, "31": 1.0, "32": 1.0, "33": 1.0, "34": 0.7647058823529411, "35": 0.5588235294117647, "37": 1.0, "38": 1.0, "39": 1.0, "40": 1.0, "42": 1.0, "46": 1.0, "47": 0.8888888888888888, "48": 0.5714285714285714, "50": 1.0, "51": 1.0, "55": 1.0, "57": 0.9285714285714286, "58": 1.0, "59": 1.0, "60": 1.0, "61": 1.0, "62": 0.5769230769230769, "63": 1.0, "64": 1.0, "65": 0.8333333333333333, "66": 1.0, "69": 1.0, "70": 1.0, "71": 1.0, "72": 1.0, "73": 1.0, "76": 1.0, "77": 0.8125, "78": 1.0}}, "160": {"FDR": 0.0, "Power": 0.74375, "Temporal_FDR": 0.0, "Temporal_Power": 0.75, "Average_Window_FDR": 0.0, "Average_Window_Power": 1.0, "Window_Overlap": {"0": 1.0, "2": 1.0, "3": 1.0, "4": 1.0, "7": 1.0, "9": 1.0, "10": 1.0, "14": 1.0, "15": 1.0, "17": 1.0, "20": 1.0, "21": 1.0, "22": 1.0, "23": 1.0, "24": 1.0, "25": 1.0, "26": 1.0, "27": 1.0, "28": 1.0, "29": 1.0, "30": 1.0, "31": 1.0, "32": 1.0, "33": 1.0, "34": 1.0, "35": 1.0, "37": 1.0, "38": 1.0, "39": 1.0, "40": 1.0, "41": 1.0, "42": 1.0, "45": 1.0, "46": 1.0, "47": 1.0, "48": 1.0, "50": 1.0, "51": 1.0, "53": 1.0, "55": 1.0, "56": 1.0, "57": 1.0, "58": 1.0, "59": 1.0, "60": 1.0, "61": 1.0, "62": 1.0, "63": 1.0, "64": 1.0, "65": 1.0, "66": 1.0, "69": 1.0, "70": 1.0, "71": 1.0, "72": 1.0, "73": 1.0, "76": 1.0, "77": 1.0, "78": 1.0, "80": 1.0, "81": 1.0, "83": 1.0, "84": 1.0, "85": 1.0, "86": 1.0, "87": 1.0, "88": 1.0, "91": 1.0, "92": 1.0, "93": 1.0, "94": 1.0, "96": 1.0, "99": 1.0, "100": 1.0, "101": 1.0, "102": 1.0, "103": 1.0, "105": 1.0, "107": 1.0, "108": 1.0, "109": 1.0, "110": 1.0, "111": 1.0, "114": 1.0, "115": 1.0, "116": 1.0, "117": 1.0, "119": 1.0, "120": 1.0, "121": 1.0, "122": 1.0, "123": 1.0, "126": 1.0, "127": 1.0, "128": 1.0, "130": 1.0, "131": 1.0, "133": 1.0, "136": 1.0, "137": 1.0, "138": 1.0, "139": 1.0, "140": 1.0, "142": 1.0, "143": 1.0, "144": 1.0, "146": 1.0, "148": 1.0, "150": 1.0, "151": 1.0, "152": 1.0, "153": 1.0, "154": 1.0, "156": 1.0, "157": 1.0, "158": 1.0, "159": 1.0}}, "320": {"FDR": 0.0, "Power": 0.675, "Temporal_FDR": 0.0, "Temporal_Power": 0.6762820512820513, "Average_Window_FDR": 0.0, "Average_Window_Power": 0.9161310957728576, "Window_Overlap": {"0": 1.0, "2": 0.6666666666666666, "3": 1.0, "4": 1.0, "7": 0.8571428571428572, "9": 1.0, "10": 1.0, "14": 0.75, "15": 1.0, "17": 1.0, "20": 1.0, "21": 1.0, "22": 1.0, "23": 0.7692307692307692, "24": 1.0, "25": 1.0, "26": 1.0, "27": 1.0, "28": 1.0, "29": 1.0, "30": 0.5714285714285714, "31": 1.0, "32": 1.0, "33": 1.0, "34": 0.7647058823529411, "35": 0.5588235294117647, "37": 1.0, "38": 1.0, "39": 1.0, "40": 1.0, "42": 1.0, "46": 1.0, "47": 1.0, "48": 0.5714285714285714, "50": 1.0, "51": 1.0, "55": 1.0, "57": 0.8571428571428572, "58": 1.0, "59": 1.0, "60": 1.0, "61": 1.0, "62": 0.5769230769230769, "63": 1.0, "64": 1.0, "65": 0.8333333333333333, "66": 1.0, "69": 1.0, "70": 1.0, "71": 1.0, "72": 1.0, "73": 1.0, "76": 1.0, "77": 0.6875, "78": 1.0, "80": 1.0, "81": 1.0, "84": 1.0, "85": 1.0, "87": 1.0, "88": 1.0, "91": 1.0, "92": 1.0, "94": 1.0, "96": 1.0, "99": 1.0, "100": 1.0, "102": 0.7666666666666666, "103": 1.0, "107": 1.0, "108": 1.0, "109": 1.0, "114": 0.7857142857142857, "115": 1.0, "116": 1.0, "117": 0.5384615384615384, "119": 1.0, "120": 1.0, "122": 1.0, "123": 1.0, "126": 1.0, "127": 0.7333333333333334, "128": 1.0, "131": 0.8, "133": 1.0, "136": 1.0, "137": 1.0, "138": 1.0, "139": 1.0, "140": 1.0, "142": 1.0, "143": 1.0, "144": 1.0, "146": 1.0, "148": 1.0, "150": 1.0, "151": 1.0, "152": 1.0, "153": 1.0, "154": 0.5384615384615384, "156": 0.9375, "157": 1.0, "158": 1.0, "159": 1.0, "160": 1.0, "162": 1.0, "163": 1.0, "164": 1.0, "165": 1.0, "166": 1.0, "167": 1.0, "168": 0.9615384615384616, "170": 1.0, "172": 1.0, "175": 1.0, "177": 0.5714285714285714, "178": 0.8888888888888888, "179": 1.0, "182": 0.75, "183": 1.0, "184": 1.0, "185": 1.0, "186": 1.0, "187": 1.0, "188": 1.0, "190": 1.0, "191": 0.7857142857142857, "192": 1.0, "194": 1.0, "195": 1.0, "196": 1.0, "199": 1.0, "201": 1.0, "203": 1.0, "204": 0.9375, "206": 1.0, "207": 1.0, "209": 1.0, "210": 1.0, "211": 1.0, "212": 1.0, "213": 1.0, "214": 1.0, "221": 0.6470588235294118, "222": 1.0, "223": 1.0, "227": 1.0, "228": 1.0, "229": 1.0, "230": 1.0, "231": 1.0, "234": 1.0, "235": 1.0, "239": 0.6, "240": 1.0, "241": 1.0, "242": 1.0, "243": 1.0, "244": 1.0, "246": 1.0, "247": 1.0, "248": 1.0, "251": 1.0, "255": 0.5769230769230769, "256": 1.0, "258": 1.0, "260": 1.0, "262": 1.0, "263": 1.0, "264": 1.0, "265": 1.0, "266": 1.0, "267": 1.0, "268": 1.0, "270": 1.0, "273": 1.0, "274": 1.0, "275": 1.0, "277": 1.0, "278": 0.6666666666666666, "279": 1.0, "280": 1.0, "281": 1.0, "282": 1.0, "283": 1.0, "285": 1.0, "286": 1.0, "287": 1.0, "288": 0.6, "289": 1.0, "290": 1.0, "292": 1.0, "294": 1.0, "296": 1.0, "298": 1.0, "300": 1.0, "301": 1.0, "302": 1.0, "303": 1.0, "305": 1.0, "306": 1.0, "307": 1.0, "308": 1.0, "309": 1.0, "310": 1.0, "311": 0.6785714285714286, "312": 0.9230769230769231, "315": 1.0, "316": 1.0, "318": 1.0, "319": 1.0}}}