{"10": {"FDR": 0.0, "Power": 0.4, "Temporal_FDR": 0.0, "Temporal_Power": 0.4, "Average_Window_FDR": 0.0, "Average_Window_Power": 0.7678571428571428, "Window_Overlap": {"0": 0.5357142857142857, "4": 1.0, "8": 1.0, "9": 1.0}}, "20": {"FDR": 0.0, "Power": 0.4, "Temporal_FDR": 0.0, "Temporal_Power": 0.4, "Average_Window_FDR": 0.0, "Average_Window_Power": 0.7678571428571428, "Window_Overlap": {"0": 0.5357142857142857, "4": 1.0, "8": 1.0, "9": 1.0}}, "30": {"FDR": 0.0, "Power": 0.4, "Temporal_FDR": 0.0, "Temporal_Power": 0.4, "Average_Window_FDR": 0.0, "Average_Window_Power": 0.7678571428571428, "Window_Overlap": {"0": 0.5357142857142857, "4": 1.0, "8": 1.0, "9": 1.0}}, "40": {"FDR": 0.0, "Power": 0.4, "Temporal_FDR": 0.0, "Temporal_Power": 0.4, "Average_Window_FDR": 0.0, "Average_Window_Power": 0.7678571428571428, "Window_Overlap": {"0": 0.5357142857142857, "4": 1.0, "8": 1.0, "9": 1.0}}, "50": {"FDR": 0.0, "Power": 0.4, "Temporal_FDR": 0.0, "Temporal_Power": 0.4, "Average_Window_FDR": 0.0, "Average_Window_Power": 0.7678571428571428, "Window_Overlap": {"0": 0.5357142857142857, "4": 1.0, "8": 1.0, "9": 1.0}}}