{"10": {"FDR": 0.0, "Power": 0.9, "Temporal_FDR": 0.0, "Temporal_Power": 0.9, "Average_Window_FDR": 0.0, "Average_Window_Power": 0.8033625730994152, "Window_Overlap": {"0": 1.0, "2": 1.0, "3": 1.0, "4": 0.5526315789473684, "5": 1.0, "6": 0.5625, "7": 1.0, "8": 1.0, "9": 1.0}}, "20": {"FDR": 0.0, "Power": 0.9, "Temporal_FDR": 0.0, "Temporal_Power": 0.9, "Average_Window_FDR": 0.0, "Average_Window_Power": 0.8092105263157895, "Window_Overlap": {"0": 1.0, "2": 1.0, "3": 1.0, "4": 0.5789473684210527, "5": 1.0, "6": 0.5625, "7": 1.0, "8": 1.0, "9": 1.0}}, "30": {"FDR": 0.0, "Power": 0.9, "Temporal_FDR": 0.0, "Temporal_Power": 0.9, "Average_Window_FDR": 0.0, "Average_Window_Power": 0.8092105263157895, "Window_Overlap": {"0": 1.0, "2": 1.0, "3": 1.0, "4": 0.5789473684210527, "5": 1.0, "6": 0.5625, "7": 1.0, "8": 1.0, "9": 1.0}}, "40": {"FDR": 0.0, "Power": 0.9, "Temporal_FDR": 0.0, "Temporal_Power": 0.9, "Average_Window_FDR": 0.0, "Average_Window_Power": 0.8092105263157895, "Window_Overlap": {"0": 1.0, "2": 1.0, "3": 1.0, "4": 0.5789473684210527, "5": 1.0, "6": 0.5625, "7": 1.0, "8": 1.0, "9": 1.0}}, "50": {"FDR": 0.0, "Power": 0.9, "Temporal_FDR": 0.0, "Temporal_Power": 0.9, "Average_Window_FDR": 0.0, "Average_Window_Power": 0.8092105263157895, "Window_Overlap": {"0": 1.0, "2": 1.0, "3": 1.0, "4": 0.5789473684210527, "5": 1.0, "6": 0.5625, "7": 1.0, "8": 1.0, "9": 1.0}}}