{"10": {"FDR": 0.0, "Power": 0.5, "Temporal_FDR": 0.0, "Temporal_Power": 0.5, "Average_Window_FDR": 0.0, "Average_Window_Power": 1.0, "Window_Overlap": {"0": 1.0, "3": 1.0, "5": 1.0, "6": 1.0, "7": 1.0}}, "20": {"FDR": 0.0, "Power": 0.6, "Temporal_FDR": 0.0, "Temporal_Power": 0.6, "Average_Window_FDR": 0.0, "Average_Window_Power": 0.8351521164021164, "Window_Overlap": {"3": 1.0, "5": 1.0, "6": 0.5555555555555556, "7": 0.7857142857142857, "10": 1.0, "11": 1.0, "12": 1.0, "14": 0.8125, "16": 1.0, "17": 1.0, "18": 1.0, "19": 0.8571428571428572}}, "40": {"FDR": 0.0, "Power": 0.725, "Temporal_FDR": 0.0, "Temporal_Power": 0.7435897435897436, "Average_Window_FDR": 0.0, "Average_Window_Power": 1.0, "Window_Overlap": {"0": 1.0, "3": 1.0, "5": 1.0, "6": 1.0, "7": 1.0, "10": 1.0, "11": 1.0, "12": 1.0, "14": 1.0, "15": 1.0, "16": 1.0, "17": 1.0, "18": 1.0, "19": 1.0, "20": 1.0, "22": 1.0, "25": 1.0, "26": 1.0, "27": 1.0, "29": 1.0, "30": 1.0, "31": 1.0, "32": 1.0, "33": 1.0, "34": 1.0, "35": 1.0, "36": 1.0, "37": 1.0, "39": 1.0}}, "80": {"FDR": 0.0, "Power": 0.6, "Temporal_FDR": 0.0, "Temporal_Power": 0.5974025974025974, "Average_Window_FDR": 0.0, "Average_Window_Power": 0.9110554300771692, "Window_Overlap": {"3": 1.0, "5": 1.0, "6": 0.5555555555555556, "7": 0.7857142857142857, "10": 1.0, "11": 1.0, "12": 1.0, "14": 0.90625, "16": 1.0, "17": 1.0, "18": 1.0, "22": 1.0, "25": 1.0, "26": 1.0, "27": 1.0, "29": 0.75, "30": 1.0, "31": 1.0, "32": 1.0, "33": 1.0, "34": 1.0, "35": 1.0, "36": 1.0, "37": 1.0, "39": 0.8333333333333333, "42": 1.0, "44": 1.0, "45": 1.0, "46": 1.0, "48": 0.7727272727272727, "51": 1.0, "53": 0.78125, "56": 1.0, "57": 1.0, "59": 1.0, "60": 1.0, "61": 1.0, "62": 1.0, "66": 1.0, "67": 0.7083333333333334, "68": 1.0, "70": 1.0, "73": 1.0, "75": 1.0, "76": 0.8611111111111112, "78": 1.0}}, "160": {"FDR": 0.0, "Power": 0.65, "Temporal_FDR": 0.0, "Temporal_Power": 0.6298701298701299, "Average_Window_FDR": 0.0, "Average_Window_Power": 0.8816052543610712, "Window_Overlap": {"3": 1.0, "5": 1.0, "6": 0.5555555555555556, "7": 0.7142857142857143, "10": 1.0, "11": 1.0, "12": 1.0, "16": 1.0, "17": 1.0, "18": 1.0, "19": 0.9285714285714286, "22": 1.0, "25": 1.0, "26": 1.0, "27": 1.0, "29": 0.75, "30": 1.0, "31": 1.0, "32": 1.0, "33": 1.0, "34": 1.0, "35": 1.0, "36": 1.0, "37": 1.0, "39": 0.9166666666666667, "42": 0.9545454545454546, "44": 1.0, "45": 1.0, "46": 1.0, "48": 0.8181818181818181, "51": 1.0, "53": 0.90625, "56": 1.0, "57": 1.0, "59": 1.0, "60": 1.0, "61": 1.0, "62": 1.0, "66": 1.0, "67": 0.7083333333333334, "68": 1.0, "70": 1.0, "73": 1.0, "75": 1.0, "78": 1.0, "80": 0.631578947368421, "81": 1.0, "83": 1.0, "84": 0.5555555555555556, "87": 1.0, "88": 1.0, "89": 1.0, "90": 1.0, "92": 0.7272727272727273, "93": 1.0, "94": 1.0, "98": 1.0, "101": 1.0, "102": 0.6666666666666666, "104": 1.0, "105": 1.0, "107": 1.0, "108": 1.0, "109": 1.0, "110": 1.0, "111": 0.7727272727272727, "112": 1.0, "114": 1.0, "116": 1.0, "117": 1.0, "121": 0.5454545454545454, "122": 1.0, "123": 1.0, "124": 0.55, "126": 0.9117647058823529, "128": 1.0, "130": 1.0, "131": 1.0, "133": 1.0, "134": 1.0, "137": 1.0, "139": 1.0, "141": 0.8, "142": 0.7777777777777778, "143": 1.0, "144": 1.0, "145": 0.6666666666666666, "147": 0.55, "148": 1.0, "149": 1.0, "152": 1.0, "153": 1.0, "154": 0.85, "155": 1.0, "157": 1.0, "158": 1.0, "159": 1.0}}, "320": {"FDR": 0.0, "Power": 0.646875, "Temporal_FDR": 0.0, "Temporal_Power": 0.6387096774193548, "Average_Window_FDR": 0.0, "Average_Window_Power": 0.9135933459298691, "Window_Overlap": {"3": 1.0, "5": 1.0, "6": 0.5555555555555556, "7": 0.7142857142857143, "10": 1.0, "11": 1.0, "12": 1.0, "16": 1.0, "17": 1.0, "18": 1.0, "22": 1.0, "25": 1.0, "26": 1.0, "27": 1.0, "29": 0.75, "30": 1.0, "31": 1.0, "32": 1.0, "33": 1.0, "34": 1.0, "35": 1.0, "36": 1.0, "37": 1.0, "39": 0.9166666666666667, "42": 1.0, "44": 1.0, "45": 1.0, "46": 1.0, "48": 0.8181818181818181, "51": 1.0, "56": 1.0, "57": 1.0, "59": 1.0, "60": 1.0, "61": 1.0, "62": 1.0, "66": 1.0, "67": 0.7083333333333334, "68": 1.0, "70": 1.0, "73": 1.0, "75": 1.0, "76": 0.8333333333333333, "78": 1.0, "80": 0.631578947368421, "81": 1.0, "83": 1.0, "84": 0.5555555555555556, "87": 1.0, "88": 1.0, "89": 1.0, "90": 1.0, "92": 0.7272727272727273, "93": 1.0, "94": 1.0, "98": 1.0, "101": 1.0, "102": 0.6666666666666666, "104": 1.0, "105": 1.0, "107": 1.0, "108": 1.0, "109": 1.0, "110": 1.0, "111": 0.7727272727272727, "112": 1.0, "114": 1.0, "116": 1.0, "117": 1.0, "121": 0.5454545454545454, "122": 1.0, "123": 1.0, "124": 0.55, "128": 1.0, "130": 1.0, "131": 1.0, "132": 0.7727272727272727, "133": 1.0, "134": 1.0, "137": 1.0, "139": 1.0, "141": 0.8, "142": 0.7777777777777778, "143": 1.0, "144": 1.0, "145": 0.6666666666666666, "147": 0.6, "148": 1.0, "149": 1.0, "152": 1.0, "153": 1.0, "154": 0.9, "155": 1.0, "157": 1.0, "158": 1.0, "159": 1.0, "160": 1.0, "161": 1.0, "162": 0.9210526315789473, "164": 1.0, "165": 1.0, "167": 1.0, "168": 1.0, "169": 1.0, "170": 0.6, "171": 1.0, "172": 1.0, "173": 1.0, "175": 1.0, "176": 1.0, "177": 1.0, "179": 1.0, "180": 1.0, "181": 1.0, "182": 1.0, "183": 1.0, "184": 1.0, "186": 1.0, "187": 1.0, "190": 1.0, "191": 1.0, "192": 1.0, "193": 1.0, "194": 1.0, "202": 1.0, "204": 1.0, "205": 1.0, "207": 0.6666666666666666, "208": 1.0, "209": 1.0, "211": 1.0, "212": 1.0, "213": 1.0, "214": 1.0, "215": 1.0, "216": 1.0, "217": 1.0, "218": 1.0, "220": 1.0, "222": 1.0, "225": 1.0, "227": 1.0, "228": 1.0, "233": 0.9285714285714286, "236": 1.0, "237": 1.0, "238": 1.0, "240": 1.0, "241": 1.0, "242": 1.0, "243": 1.0, "244": 1.0, "246": 1.0, "247": 1.0, "249": 1.0, "252": 1.0, "253": 1.0, "254": 1.0, "255": 1.0, "257": 1.0, "259": 1.0, "261": 1.0, "262": 1.0, "263": 1.0, "264": 1.0, "266": 1.0, "267": 1.0, "268": 1.0, "269": 1.0, "270": 1.0, "271": 0.6666666666666666, "275": 1.0, "277": 0.65, "280": 1.0, "281": 1.0, "283": 1.0, "285": 1.0, "287": 0.5833333333333334, "288": 1.0, "290": 1.0, "291": 1.0, "293": 1.0, "294": 1.0, "295": 0.9, "297": 1.0, "298": 1.0, "303": 1.0, "305": 0.6, "307": 1.0, "308": 1.0, "309": 1.0, "311": 1.0, "313": 1.0, "314": 0.8333333333333333, "315": 1.0, "316": 0.8333333333333333, "317": 1.0, "318": 1.0}}}