{"10": {"FDR": 0.0, "Power": 0.7, "Temporal_FDR": 0.0, "Temporal_Power": 0.7, "Average_Window_FDR": 0.0, "Average_Window_Power": 0.9480519480519481, "Window_Overlap": {"0": 1.0, "1": 1.0, "2": 1.0, "4": 1.0, "5": 1.0, "8": 1.0, "9": 0.8181818181818181}}, "20": {"FDR": 0.0, "Power": 0.65, "Temporal_FDR": 0.0, "Temporal_Power": 0.6, "Average_Window_FDR": 0.0, "Average_Window_Power": 0.9444444444444443, "Window_Overlap": {"0": 1.0, "2": 1.0, "4": 1.0, "5": 1.0, "8": 1.0, "9": 1.0, "11": 0.6666666666666666, "12": 1.0, "13": 1.0, "16": 1.0, "17": 1.0, "19": 1.0}}, "40": {"FDR": 0.0, "Power": 0.8, "Temporal_FDR": 0.0, "Temporal_Power": 0.7948717948717948, "Average_Window_FDR": 0.0, "Average_Window_Power": 1.0, "Window_Overlap": {"0": 1.0, "1": 1.0, "2": 1.0, "4": 1.0, "5": 1.0, "8": 1.0, "9": 1.0, "10": 1.0, "11": 1.0, "12": 1.0, "13": 1.0, "14": 1.0, "16": 1.0, "17": 1.0, "19": 1.0, "21": 1.0, "22": 1.0, "23": 1.0, "24": 1.0, "25": 1.0, "26": 1.0, "27": 1.0, "28": 1.0, "29": 1.0, "30": 1.0, "33": 1.0, "35": 1.0, "36": 1.0, "37": 1.0, "38": 1.0, "39": 1.0}}, "80": {"FDR": 0.0, "Power": 0.7875, "Temporal_FDR": 0.0, "Temporal_Power": 0.7848101265822784, "Average_Window_FDR": 0.0, "Average_Window_Power": 1.0, "Window_Overlap": {"0": 1.0, "1": 1.0, "2": 1.0, "4": 1.0, "5": 1.0, "8": 1.0, "9": 1.0, "10": 1.0, "11": 1.0, "12": 1.0, "13": 1.0, "14": 1.0, "16": 1.0, "17": 1.0, "19": 1.0, "21": 1.0, "22": 1.0, "23": 1.0, "24": 1.0, "25": 1.0, "26": 1.0, "27": 1.0, "28": 1.0, "29": 1.0, "30": 1.0, "33": 1.0, "35": 1.0, "36": 1.0, "37": 1.0, "38": 1.0, "39": 1.0, "40": 1.0, "42": 1.0, "44": 1.0, "46": 1.0, "47": 1.0, "49": 1.0, "50": 1.0, "52": 1.0, "54": 1.0, "55": 1.0, "56": 1.0, "57": 1.0, "58": 1.0, "59": 1.0, "60": 1.0, "61": 1.0, "62": 1.0, "64": 1.0, "65": 1.0, "66": 1.0, "67": 1.0, "68": 1.0, "70": 1.0, "71": 1.0, "73": 1.0, "74": 1.0, "75": 1.0, "76": 1.0, "77": 1.0, "78": 1.0, "79": 1.0}}, "160": {"FDR": 0.0, "Power": 0.71875, "Temporal_FDR": 0.0, "Temporal_Power": 0.7051282051282052, "Average_Window_FDR": 0.0, "Average_Window_Power": 0.924681613692309, "Window_Overlap": {"0": 1.0, "2": 1.0, "4": 1.0, "5": 1.0, "8": 1.0, "9": 1.0, "11": 0.6666666666666666, "12": 1.0, "13": 1.0, "16": 1.0, "17": 1.0, "19": 1.0, "22": 1.0, "23": 0.9, "24": 1.0, "25": 1.0, "26": 0.7916666666666667, "27": 1.0, "28": 1.0, "29": 1.0, "30": 1.0, "33": 1.0, "35": 1.0, "36": 1.0, "37": 1.0, "38": 1.0, "39": 1.0, "40": 1.0, "42": 1.0, "44": 1.0, "46": 1.0, "47": 1.0, "49": 1.0, "50": 1.0, "52": 1.0, "54": 1.0, "55": 1.0, "56": 0.5833333333333334, "57": 1.0, "58": 1.0, "59": 1.0, "60": 1.0, "61": 1.0, "62": 1.0, "64": 0.7, "65": 0.875, "66": 1.0, "67": 1.0, "68": 1.0, "70": 0.5909090909090909, "71": 1.0, "73": 1.0, "75": 1.0, "76": 1.0, "77": 1.0, "78": 1.0, "81": 1.0, "82": 1.0, "83": 1.0, "87": 1.0, "88": 1.0, "90": 1.0, "91": 1.0, "92": 1.0, "94": 1.0, "95": 1.0, "96": 1.0, "97": 1.0, "98": 0.6, "100": 1.0, "101": 1.0, "102": 1.0, "103": 1.0, "104": 1.0, "105": 1.0, "107": 0.9444444444444444, "109": 1.0, "110": 0.5588235294117647, "111": 1.0, "112": 1.0, "113": 1.0, "114": 1.0, "115": 1.0, "116": 1.0, "117": 1.0, "118": 1.0, "120": 1.0, "122": 1.0, "124": 1.0, "127": 1.0, "128": 1.0, "129": 1.0, "130": 0.6428571428571428, "131": 1.0, "133": 1.0, "134": 1.0, "136": 1.0, "137": 1.0, "138": 1.0, "141": 0.5454545454545454, "144": 1.0, "145": 0.6666666666666666, "146": 0.7916666666666667, "149": 1.0, "150": 1.0, "153": 1.0, "154": 1.0, "155": 1.0, "158": 1.0, "159": 1.0}}, "320": {"FDR": 0.0, "Power": 0.70625, "Temporal_FDR": 0.0, "Temporal_Power": 0.6964856230031949, "Average_Window_FDR": 0.0, "Average_Window_Power": 0.9020129843488834, "Window_Overlap": {"0": 0.9705882352941176, "2": 1.0, "4": 1.0, "5": 1.0, "8": 1.0, "9": 1.0, "11": 0.6666666666666666, "12": 1.0, "13": 1.0, "16": 1.0, "17": 1.0, "19": 1.0, "22": 1.0, "23": 0.9, "24": 1.0, "25": 1.0, "26": 0.7916666666666667, "27": 1.0, "28": 1.0, "29": 1.0, "30": 1.0, "33": 1.0, "35": 1.0, "36": 1.0, "37": 1.0, "38": 1.0, "39": 1.0, "40": 1.0, "42": 1.0, "44": 1.0, "46": 1.0, "47": 1.0, "49": 1.0, "50": 1.0, "52": 1.0, "54": 1.0, "55": 1.0, "56": 0.5833333333333334, "57": 1.0, "58": 1.0, "59": 1.0, "60": 1.0, "61": 1.0, "62": 1.0, "64": 0.7, "65": 0.875, "66": 1.0, "67": 1.0, "68": 1.0, "70": 0.5909090909090909, "71": 1.0, "73": 1.0, "75": 1.0, "76": 1.0, "77": 1.0, "78": 1.0, "81": 1.0, "82": 1.0, "83": 1.0, "87": 1.0, "88": 1.0, "90": 1.0, "91": 1.0, "92": 1.0, "94": 1.0, "95": 1.0, "96": 1.0, "97": 1.0, "98": 0.6, "100": 1.0, "101": 1.0, "102": 1.0, "103": 1.0, "104": 1.0, "105": 1.0, "107": 0.9444444444444444, "109": 1.0, "110": 0.5588235294117647, "111": 1.0, "112": 1.0, "113": 1.0, "114": 1.0, "115": 1.0, "116": 1.0, "117": 1.0, "118": 1.0, "120": 1.0, "122": 1.0, "124": 1.0, "127": 1.0, "128": 1.0, "129": 1.0, "130": 0.6428571428571428, "131": 1.0, "133": 1.0, "134": 1.0, "136": 1.0, "137": 1.0, "138": 1.0, "141": 0.5454545454545454, "144": 1.0, "145": 0.6666666666666666, "146": 0.7916666666666667, "149": 1.0, "150": 1.0, "153": 1.0, "154": 1.0, "155": 1.0, "158": 1.0, "159": 1.0, "160": 1.0, "161": 1.0, "162": 0.5263157894736842, "163": 1.0, "164": 1.0, "165": 1.0, "166": 1.0, "167": 1.0, "168": 1.0, "169": 1.0, "171": 1.0, "174": 1.0, "175": 1.0, "177": 1.0, "178": 1.0, "179": 1.0, "180": 1.0, "181": 0.8333333333333333, "183": 0.53125, "184": 1.0, "185": 0.6666666666666666, "186": 1.0, "187": 1.0, "191": 1.0, "192": 1.0, "193": 1.0, "194": 1.0, "197": 1.0, "198": 1.0, "200": 1.0, "201": 1.0, "202": 1.0, "204": 1.0, "205": 0.5454545454545454, "208": 1.0, "210": 1.0, "211": 1.0, "213": 1.0, "215": 1.0, "218": 1.0, "219": 1.0, "222": 1.0, "223": 1.0, "224": 0.8529411764705883, "226": 1.0, "228": 0.5714285714285714, "229": 1.0, "231": 1.0, "232": 0.6, "234": 1.0, "235": 0.6363636363636364, "236": 1.0, "237": 1.0, "238": 1.0, "240": 0.9285714285714286, "241": 1.0, "242": 1.0, "243": 1.0, "245": 1.0, "250": 1.0, "251": 1.0, "256": 1.0, "258": 1.0, "261": 1.0, "262": 1.0, "263": 1.0, "264": 1.0, "266": 1.0, "269": 1.0, "272": 1.0, "273": 0.5416666666666666, "274": 1.0, "275": 1.0, "276": 1.0, "277": 1.0, "278": 1.0, "280": 1.0, "281": 0.6666666666666666, "282": 1.0, "283": 1.0, "284": 0.7, "285": 0.6052631578947368, "286": 1.0, "287": 1.0, "288": 1.0, "290": 0.6, "291": 1.0, "292": 0.5666666666666667, "293": 1.0, "294": 1.0, "296": 0.9375, "297": 1.0, "298": 1.0, "300": 1.0, "302": 1.0, "303": 1.0, "305": 1.0, "306": 1.0, "307": 0.53125, "308": 1.0, "309": 1.0, "310": 1.0, "312": 1.0, "313": 1.0, "314": 1.0, "315": 1.0, "317": 1.0, "319": 0.65}}}