{"10": {"FDR": 0.0, "Power": 0.4, "Temporal_FDR": 0.0, "Temporal_Power": 0.4, "Average_Window_FDR": 0.0, "Average_Window_Power": 0.5595238095238095, "Window_Overlap": {"2": 0.9166666666666667, "3": 0.6428571428571428}}, "20": {"FDR": 0.0, "Power": 0.4, "Temporal_FDR": 0.0, "Temporal_Power": 0.4, "Average_Window_FDR": 0.0, "Average_Window_Power": 0.7857142857142857, "Window_Overlap": {"2": 1.0, "3": 0.7857142857142857}}, "40": {"FDR": 0.0, "Power": 0.4, "Temporal_FDR": 0.0, "Temporal_Power": 0.4, "Average_Window_FDR": 0.0, "Average_Window_Power": 0.7857142857142857, "Window_Overlap": {"2": 1.0, "3": 0.7857142857142857}}, "80": {"FDR": 0.0, "Power": 0.4, "Temporal_FDR": 0.0, "Temporal_Power": 0.4, "Average_Window_FDR": 0.0, "Average_Window_Power": 0.8214285714285714, "Window_Overlap": {"2": 1.0, "3": 0.8214285714285714}}, "160": {"FDR": 0.0, "Power": 0.4, "Temporal_FDR": 0.0, "Temporal_Power": 0.4, "Average_Window_FDR": 0.0, "Average_Window_Power": 0.8571428571428572, "Window_Overlap": {"2": 1.0, "3": 0.8571428571428572}}, "320": {"FDR": 0.0, "Power": 0.4, "Temporal_FDR": 0.0, "Temporal_Power": 0.4, "Average_Window_FDR": 0.0, "Average_Window_Power": 0.8571428571428572, "Window_Overlap": {"2": 1.0, "3": 0.8571428571428572}}}