{"10": {"FDR": 0.0, "Power": 0.8, "Temporal_FDR": 0.0, "Temporal_Power": 0.8, "Average_Window_FDR": 0.0, "Average_Window_Power": 1.0, "Window_Overlap": {"0": 1.0, "2": 1.0, "3": 1.0, "4": 1.0, "5": 1.0, "6": 1.0, "8": 1.0, "9": 1.0}}, "20": {"FDR": 0.0, "Power": 0.8, "Temporal_FDR": 0.0, "Temporal_Power": 0.8, "Average_Window_FDR": 0.0, "Average_Window_Power": 0.7791132478632479, "Window_Overlap": {"0": 1.0, "2": 1.0, "3": 0.5833333333333334, "4": 1.0, "5": 1.0, "6": 0.6875, "8": 1.0, "9": 0.5384615384615384, "10": 1.0, "11": 1.0, "13": 1.0, "14": 0.8611111111111112, "15": 1.0, "16": 1.0, "18": 1.0, "19": 0.5625}}, "40": {"FDR": 0.0, "Power": 0.775, "Temporal_FDR": 0.0, "Temporal_Power": 0.7435897435897436, "Average_Window_FDR": 0.0, "Average_Window_Power": 0.8348216917182435, "Window_Overlap": {"0": 1.0, "2": 1.0, "3": 0.5416666666666666, "4": 1.0, "5": 1.0, "6": 0.6875, "8": 1.0, "9": 0.5384615384615384, "10": 1.0, "11": 1.0, "13": 1.0, "15": 1.0, "16": 1.0, "18": 1.0, "19": 0.5625, "20": 0.5333333333333333, "21": 0.9722222222222222, "22": 1.0, "24": 1.0, "25": 1.0, "28": 1.0, "31": 0.7692307692307692, "33": 1.0, "34": 1.0, "35": 1.0, "36": 1.0, "37": 1.0, "38": 1.0, "39": 1.0}}, "80": {"FDR": 0.0, "Power": 0.825, "Temporal_FDR": 0.0, "Temporal_Power": 0.8205128205128205, "Average_Window_FDR": 0.0, "Average_Window_Power": 1.0, "Window_Overlap": {"0": 1.0, "2": 1.0, "3": 1.0, "4": 1.0, "5": 1.0, "6": 1.0, "8": 1.0, "9": 1.0, "10": 1.0, "11": 1.0, "12": 1.0, "13": 1.0, "14": 1.0, "15": 1.0, "16": 1.0, "17": 1.0, "18": 1.0, "19": 1.0, "20": 1.0, "21": 1.0, "22": 1.0, "24": 1.0, "25": 1.0, "27": 1.0, "28": 1.0, "29": 1.0, "31": 1.0, "33": 1.0, "34": 1.0, "35": 1.0, "36": 1.0, "37": 1.0, "38": 1.0, "39": 1.0, "40": 1.0, "41": 1.0, "43": 1.0, "44": 1.0, "45": 1.0, "46": 1.0, "47": 1.0, "48": 1.0, "49": 1.0, "50": 1.0, "51": 1.0, "52": 1.0, "53": 1.0, "54": 1.0, "56": 1.0, "58": 1.0, "60": 1.0, "61": 1.0, "62": 1.0, "64": 1.0, "65": 1.0, "68": 1.0, "70": 1.0, "71": 1.0, "73": 1.0, "74": 1.0, "76": 1.0, "77": 1.0, "78": 1.0, "79": 1.0}}, "160": {"FDR": 0.0, "Power": 0.725, "Temporal_FDR": 0.0, "Temporal_Power": 0.7115384615384616, "Average_Window_FDR": 0.0, "Average_Window_Power": 0.8879820800873434, "Window_Overlap": {"0": 1.0, "2": 1.0, "3": 0.5833333333333334, "4": 1.0, "5": 1.0, "6": 0.6875, "8": 1.0, "9": 0.5384615384615384, "10": 1.0, "11": 1.0, "13": 1.0, "14": 1.0, "15": 1.0, "16": 1.0, "18": 1.0, "19": 0.5625, "20": 0.5333333333333333, "21": 0.9444444444444444, "22": 1.0, "24": 1.0, "25": 1.0, "28": 1.0, "31": 0.8076923076923077, "33": 1.0, "34": 1.0, "35": 1.0, "36": 1.0, "37": 1.0, "38": 1.0, "39": 1.0, "40": 0.75, "41": 1.0, "43": 1.0, "44": 1.0, "45": 1.0, "46": 1.0, "48": 1.0, "49": 1.0, "50": 1.0, "51": 1.0, "52": 1.0, "53": 1.0, "54": 1.0, "56": 1.0, "58": 1.0, "60": 1.0, "61": 1.0, "62": 0.8333333333333333, "64": 1.0, "65": 1.0, "68": 0.8333333333333333, "71": 1.0, "73": 1.0, "76": 0.75, "77": 1.0, "78": 1.0, "79": 1.0, "82": 1.0, "84": 1.0, "85": 1.0, "87": 0.71875, "88": 1.0, "89": 1.0, "90": 1.0, "91": 1.0, "93": 1.0, "94": 1.0, "97": 1.0, "102": 1.0, "103": 1.0, "105": 1.0, "106": 1.0, "107": 1.0, "109": 1.0, "111": 1.0, "112": 1.0, "114": 0.9285714285714286, "115": 0.55, "116": 0.7272727272727273, "117": 1.0, "118": 0.8333333333333333, "120": 1.0, "121": 0.5625, "123": 1.0, "124": 1.0, "125": 1.0, "126": 0.96875, "130": 1.0, "131": 1.0, "133": 0.6666666666666666, "134": 0.9736842105263157, "136": 1.0, "138": 0.9545454545454546, "139": 1.0, "140": 0.875, "141": 1.0, "142": 1.0, "143": 1.0, "144": 1.0, "145": 1.0, "146": 0.6, "148": 1.0, "149": 1.0, "150": 1.0, "151": 1.0, "152": 1.0, "153": 0.6, "155": 1.0, "156": 1.0, "158": 1.0, "159": 1.0}}, "320": {"FDR": 0.0, "Power": 0.725, "Temporal_FDR": 0.0, "Temporal_Power": 0.7202572347266881, "Average_Window_FDR": 0.0, "Average_Window_Power": 1.0, "Window_Overlap": {"0": 1.0, "2": 1.0, "3": 1.0, "4": 1.0, "5": 1.0, "6": 1.0, "8": 1.0, "9": 1.0, "10": 1.0, "11": 1.0, "12": 1.0, "13": 1.0, "14": 1.0, "15": 1.0, "16": 1.0, "17": 1.0, "18": 1.0, "19": 1.0, "20": 1.0, "21": 1.0, "22": 1.0, "24": 1.0, "25": 1.0, "27": 1.0, "28": 1.0, "29": 1.0, "31": 1.0, "33": 1.0, "34": 1.0, "35": 1.0, "36": 1.0, "37": 1.0, "38": 1.0, "39": 1.0, "40": 1.0, "41": 1.0, "43": 1.0, "44": 1.0, "45": 1.0, "46": 1.0, "47": 1.0, "48": 1.0, "49": 1.0, "50": 1.0, "51": 1.0, "52": 1.0, "53": 1.0, "54": 1.0, "56": 1.0, "58": 1.0, "60": 1.0, "61": 1.0, "62": 1.0, "64": 1.0, "65": 1.0, "68": 1.0, "70": 1.0, "71": 1.0, "73": 1.0, "74": 1.0, "76": 1.0, "77": 1.0, "78": 1.0, "79": 1.0, "82": 1.0, "84": 1.0, "85": 1.0, "87": 1.0, "88": 1.0, "89": 1.0, "90": 1.0, "91": 1.0, "93": 1.0, "94": 1.0, "97": 1.0, "102": 1.0, "103": 1.0, "105": 1.0, "106": 1.0, "107": 1.0, "109": 1.0, "111": 1.0, "112": 1.0, "114": 1.0, "115": 1.0, "116": 1.0, "117": 1.0, "118": 1.0, "119": 1.0, "120": 1.0, "121": 1.0, "122": 1.0, "123": 1.0, "124": 1.0, "125": 1.0, "126": 1.0, "127": 1.0, "129": 1.0, "130": 1.0, "131": 1.0, "133": 1.0, "134": 1.0, "136": 1.0, "138": 1.0, "139": 1.0, "140": 1.0, "141": 1.0, "142": 1.0, "143": 1.0, "144": 1.0, "145": 1.0, "146": 1.0, "148": 1.0, "149": 1.0, "150": 1.0, "151": 1.0, "152": 1.0, "153": 1.0, "155": 1.0, "156": 1.0, "157": 1.0, "158": 1.0, "159": 1.0, "160": 1.0, "163": 1.0, "165": 1.0, "166": 1.0, "167": 1.0, "168": 1.0, "174": 1.0, "175": 1.0, "177": 1.0, "178": 1.0, "180": 1.0, "181": 1.0, "183": 1.0, "184": 1.0, "185": 1.0, "186": 1.0, "187": 1.0, "191": 1.0, "192": 1.0, "193": 1.0, "195": 1.0, "198": 1.0, "199": 1.0, "200": 1.0, "201": 1.0, "204": 1.0, "205": 1.0, "209": 1.0, "210": 1.0, "212": 1.0, "215": 1.0, "218": 1.0, "219": 1.0, "220": 1.0, "222": 1.0, "223": 1.0, "224": 1.0, "226": 1.0, "227": 1.0, "228": 1.0, "229": 1.0, "230": 1.0, "233": 1.0, "234": 1.0, "237": 1.0, "238": 1.0, "242": 1.0, "244": 1.0, "246": 1.0, "247": 1.0, "248": 1.0, "249": 1.0, "250": 1.0, "251": 1.0, "252": 1.0, "253": 1.0, "254": 1.0, "256": 1.0, "257": 1.0, "258": 1.0, "259": 1.0, "262": 1.0, "263": 1.0, "265": 1.0, "267": 1.0, "268": 1.0, "269": 1.0, "272": 1.0, "273": 1.0, "275": 1.0, "276": 1.0, "277": 1.0, "278": 1.0, "280": 1.0, "281": 1.0, "282": 1.0, "283": 1.0, "284": 1.0, "289": 1.0, "290": 1.0, "291": 1.0, "292": 1.0, "293": 1.0, "295": 1.0, "296": 1.0, "297": 1.0, "298": 1.0, "299": 1.0, "300": 1.0, "304": 1.0, "305": 1.0, "307": 1.0, "308": 1.0, "309": 1.0, "310": 1.0, "311": 1.0, "313": 1.0, "314": 1.0, "315": 1.0, "316": 1.0, "319": 1.0}}}