{"10": {"FDR": 0.0, "Power": 0.7, "Temporal_FDR": 0.0, "Temporal_Power": 0.7, "Average_Window_FDR": 0.0, "Average_Window_Power": 0.9920634920634921, "Window_Overlap": {"1": 1.0, "2": 1.0, "4": 1.0, "5": 1.0, "7": 1.0, "8": 1.0, "9": 0.9722222222222222}}, "20": {"FDR": 0.0, "Power": 0.7, "Temporal_FDR": 0.0, "Temporal_Power": 0.7, "Average_Window_FDR": 0.0, "Average_Window_Power": 0.9920634920634921, "Window_Overlap": {"1": 1.0, "2": 1.0, "4": 1.0, "5": 1.0, "7": 1.0, "8": 1.0, "9": 0.9722222222222222}}, "30": {"FDR": 0.0, "Power": 0.7, "Temporal_FDR": 0.0, "Temporal_Power": 0.7, "Average_Window_FDR": 0.0, "Average_Window_Power": 0.9920634920634921, "Window_Overlap": {"1": 1.0, "2": 1.0, "4": 1.0, "5": 1.0, "7": 1.0, "8": 1.0, "9": 0.9722222222222222}}, "40": {"FDR": 0.0, "Power": 0.7, "Temporal_FDR": 0.0, "Temporal_Power": 0.7, "Average_Window_FDR": 0.0, "Average_Window_Power": 0.9920634920634921, "Window_Overlap": {"1": 1.0, "2": 1.0, "4": 1.0, "5": 1.0, "7": 1.0, "8": 1.0, "9": 0.9722222222222222}}, "50": {"FDR": 0.0, "Power": 0.7, "Temporal_FDR": 0.0, "Temporal_Power": 0.7, "Average_Window_FDR": 0.0, "Average_Window_Power": 0.9920634920634921, "Window_Overlap": {"1": 1.0, "2": 1.0, "4": 1.0, "5": 1.0, "7": 1.0, "8": 1.0, "9": 0.9722222222222222}}}