{"10": {"FDR": 0.0, "Power": 0.8, "Temporal_FDR": 0.0, "Temporal_Power": 0.7777777777777778, "Average_Window_FDR": 0.0, "Average_Window_Power": 0.9047619047619048, "Window_Overlap": {"0": 0.6666666666666666, "2": 1.0, "3": 1.0, "6": 1.0, "7": 1.0, "8": 1.0, "9": 1.0}}, "20": {"FDR": 0.0, "Power": 0.8, "Temporal_FDR": 0.0, "Temporal_Power": 0.7777777777777778, "Average_Window_FDR": 0.0, "Average_Window_Power": 0.8991596638655462, "Window_Overlap": {"0": 0.6470588235294118, "2": 1.0, "3": 1.0, "6": 1.0, "7": 1.0, "8": 1.0, "9": 1.0}}, "40": {"FDR": 0.0, "Power": 0.8, "Temporal_FDR": 0.0, "Temporal_Power": 0.8, "Average_Window_FDR": 0.0, "Average_Window_Power": 0.8483455882352942, "Window_Overlap": {"0": 0.6029411764705882, "2": 0.9375, "3": 1.0, "4": 1.0, "6": 1.0, "7": 1.0, "8": 1.0, "9": 0.8529411764705883}}, "80": {"FDR": 0.0, "Power": 0.8, "Temporal_FDR": 0.0, "Temporal_Power": 0.8, "Average_Window_FDR": 0.0, "Average_Window_Power": 0.7791666666666667, "Window_Overlap": {"0": 0.5661764705882353, "2": 0.8666666666666667, "3": 1.0, "4": 1.0, "6": 1.0, "7": 1.0, "8": 1.0, "9": 0.6838235294117647}}, "160": {"FDR": 0.0, "Power": 0.6, "Temporal_FDR": 0.0, "Temporal_Power": 0.6, "Average_Window_FDR": 0.0, "Average_Window_Power": 0.6402432283029298, "Window_Overlap": {"0": 0.5485074626865671, "2": 0.75, "4": 1.0, "7": 1.0, "8": 1.0, "9": 0.6222222222222222}}, "320": {"FDR": 0.0, "Power": 0.6, "Temporal_FDR": 0.0, "Temporal_Power": 0.6, "Average_Window_FDR": 0.0, "Average_Window_Power": 0.5916654103221267, "Window_Overlap": {"0": 0.5335820895522388, "2": 0.6636363636363636, "4": 1.0, "7": 1.0, "8": 1.0, "9": 0.5777777777777777}}}