{"10": {"FDR": 0.0, "Power": 0.4, "Temporal_FDR": 0.0, "Temporal_Power": 0.4, "Average_Window_FDR": 0.0, "Average_Window_Power": 0.7916666666666666, "Window_Overlap": {"2": 1.0, "3": 1.0, "6": 1.0, "9": 0.5833333333333334}}, "20": {"FDR": 0.0, "Power": 0.4, "Temporal_FDR": 0.0, "Temporal_Power": 0.4, "Average_Window_FDR": 0.0, "Average_Window_Power": 0.7727272727272727, "Window_Overlap": {"2": 1.0, "3": 1.0, "6": 1.0, "9": 0.5454545454545454}}, "40": {"FDR": 0.0, "Power": 0.4, "Temporal_FDR": 0.0, "Temporal_Power": 0.4, "Average_Window_FDR": 0.0, "Average_Window_Power": 0.7619047619047619, "Window_Overlap": {"2": 1.0, "3": 1.0, "6": 1.0, "9": 0.5238095238095238}}, "80": {"FDR": 0.0, "Power": 0.4, "Temporal_FDR": 0.0, "Temporal_Power": 0.4, "Average_Window_FDR": 0.0, "Average_Window_Power": 0.7361842105263158, "Window_Overlap": {"2": 0.9473684210526316, "3": 1.0, "6": 1.0, "9": 0.525}}, "160": {"FDR": 0.0, "Power": 0.4, "Temporal_FDR": 0.0, "Temporal_Power": 0.4, "Average_Window_FDR": 0.0, "Average_Window_Power": 0.6659722222222222, "Window_Overlap": {"2": 0.8194444444444444, "3": 1.0, "6": 1.0, "9": 0.5125}}, "320": {"FDR": 0.0, "Power": 0.4, "Temporal_FDR": 0.0, "Temporal_Power": 0.4, "Average_Window_FDR": 0.0, "Average_Window_Power": 0.6154312668463613, "Window_Overlap": {"2": 0.7214285714285714, "3": 1.0, "6": 1.0, "9": 0.5094339622641509}}}