{"10": {"FDR": 0.0, "Power": 0.5, "Temporal_FDR": 0.0, "Temporal_Power": 0.5, "Average_Window_FDR": 0.0, "Average_Window_Power": 1.0, "Window_Overlap": {"2": 1.0, "7": 1.0, "8": 1.0, "9": 1.0}}, "20": {"FDR": 0.0, "Power": 0.8, "Temporal_FDR": 0.0, "Temporal_Power": 0.7777777777777778, "Average_Window_FDR": 0.0, "Average_Window_Power": 1.0, "Window_Overlap": {"0": 1.0, "2": 1.0, "3": 1.0, "6": 1.0, "7": 1.0, "8": 1.0, "9": 1.0, "11": 1.0, "12": 1.0, "13": 1.0, "14": 1.0, "15": 1.0, "16": 1.0, "17": 1.0}}, "40": {"FDR": 0.0, "Power": 0.7, "Temporal_FDR": 0.0, "Temporal_Power": 0.7105263157894737, "Average_Window_FDR": 0.0, "Average_Window_Power": 0.8057415109702691, "Window_Overlap": {"2": 1.0, "7": 1.0, "8": 1.0, "9": 1.0, "11": 1.0, "12": 1.0, "13": 0.5666666666666667, "14": 0.5277777777777778, "15": 1.0, "16": 1.0, "17": 1.0, "20": 0.5588235294117647, "21": 1.0, "23": 1.0, "24": 1.0, "25": 1.0, "26": 1.0, "28": 0.5909090909090909, "30": 1.0, "31": 0.55, "32": 1.0, "33": 1.0, "34": 1.0, "35": 1.0, "37": 1.0, "38": 1.0, "39": 0.5833333333333334}}, "80": {"FDR": 0.0, "Power": 0.675, "Temporal_FDR": 0.0, "Temporal_Power": 0.6794871794871795, "Average_Window_FDR": 0.0, "Average_Window_Power": 0.834089249017107, "Window_Overlap": {"2": 1.0, "7": 1.0, "8": 1.0, "9": 1.0, "11": 1.0, "12": 1.0, "13": 0.5666666666666667, "14": 0.5277777777777778, "15": 1.0, "16": 1.0, "17": 1.0, "20": 0.5588235294117647, "21": 1.0, "23": 1.0, "24": 1.0, "25": 1.0, "26": 1.0, "28": 0.5909090909090909, "30": 1.0, "31": 0.55, "32": 1.0, "33": 1.0, "34": 1.0, "35": 1.0, "37": 0.9166666666666667, "38": 1.0, "39": 0.5833333333333334, "40": 0.5416666666666666, "42": 1.0, "44": 1.0, "45": 1.0, "46": 1.0, "48": 1.0, "51": 1.0, "52": 1.0, "53": 1.0, "55": 0.8333333333333333, "56": 1.0, "57": 1.0, "59": 1.0, "61": 0.9, "62": 1.0, "63": 0.9166666666666667, "64": 0.9230769230769231, "67": 1.0, "68": 1.0, "69": 0.5833333333333334, "70": 0.6111111111111112, "71": 1.0, "75": 1.0, "76": 1.0, "78": 1.0, "79": 1.0}}, "160": {"FDR": 0.0, "Power": 0.7, "Temporal_FDR": 0.0, "Temporal_Power": 0.6987179487179487, "Average_Window_FDR": 0.0, "Average_Window_Power": 0.8750550238272851, "Window_Overlap": {"2": 1.0, "7": 1.0, "8": 1.0, "9": 1.0, "11": 1.0, "12": 1.0, "13": 0.5666666666666667, "14": 0.5277777777777778, "15": 1.0, "16": 1.0, "17": 1.0, "20": 0.5588235294117647, "21": 1.0, "23": 1.0, "24": 1.0, "25": 1.0, "26": 1.0, "28": 0.5909090909090909, "30": 1.0, "31": 0.55, "32": 1.0, "33": 1.0, "34": 1.0, "35": 1.0, "37": 1.0, "38": 1.0, "39": 0.5833333333333334, "40": 0.5416666666666666, "42": 1.0, "44": 1.0, "45": 1.0, "46": 1.0, "48": 1.0, "51": 1.0, "52": 1.0, "53": 1.0, "55": 0.8333333333333333, "56": 1.0, "57": 1.0, "59": 1.0, "61": 0.95, "62": 1.0, "63": 1.0, "64": 0.9615384615384616, "67": 1.0, "68": 1.0, "69": 0.5833333333333334, "70": 0.6111111111111112, "71": 1.0, "75": 1.0, "76": 1.0, "78": 1.0, "79": 1.0, "81": 0.8, "82": 1.0, "83": 1.0, "84": 1.0, "86": 0.5625, "87": 1.0, "90": 0.6666666666666666, "91": 1.0, "93": 0.9230769230769231, "94": 1.0, "95": 1.0, "96": 1.0, "99": 1.0, "100": 1.0, "101": 1.0, "102": 1.0, "106": 1.0, "107": 1.0, "108": 1.0, "109": 1.0, "110": 1.0, "111": 1.0, "112": 0.95, "114": 1.0, "118": 1.0, "119": 1.0, "121": 1.0, "122": 1.0, "123": 1.0, "124": 1.0, "126": 1.0, "128": 1.0, "129": 0.75, "130": 1.0, "131": 0.5666666666666667, "132": 1.0, "133": 1.0, "134": 0.6428571428571428, "136": 1.0, "137": 1.0, "138": 1.0, "140": 1.0, "142": 1.0, "144": 1.0, "145": 1.0, "146": 0.9285714285714286, "147": 1.0, "148": 1.0, "151": 1.0, "152": 1.0, "153": 1.0, "154": 1.0, "155": 1.0, "156": 1.0, "158": 1.0, "159": 0.5416666666666666}}, "320": {"FDR": 0.0, "Power": 0.678125, "Temporal_FDR": 0.0, "Temporal_Power": 0.6793650793650794, "Average_Window_FDR": 0.0, "Average_Window_Power": 0.8963675076374362, "Window_Overlap": {"2": 1.0, "7": 1.0, "8": 1.0, "9": 1.0, "11": 1.0, "12": 1.0, "13": 0.5666666666666667, "14": 0.5277777777777778, "15": 1.0, "16": 1.0, "17": 1.0, "20": 0.5588235294117647, "21": 1.0, "23": 1.0, "24": 1.0, "25": 1.0, "26": 1.0, "28": 0.5909090909090909, "30": 1.0, "31": 0.55, "32": 1.0, "33": 1.0, "34": 1.0, "35": 1.0, "37": 1.0, "38": 1.0, "39": 0.5833333333333334, "40": 0.5416666666666666, "42": 1.0, "44": 1.0, "45": 1.0, "46": 1.0, "48": 1.0, "51": 1.0, "52": 1.0, "53": 1.0, "55": 0.8333333333333333, "56": 1.0, "57": 1.0, "59": 1.0, "61": 0.95, "62": 1.0, "63": 1.0, "64": 1.0, "67": 1.0, "68": 1.0, "69": 0.5833333333333334, "70": 0.6111111111111112, "71": 1.0, "75": 1.0, "76": 1.0, "78": 1.0, "79": 1.0, "81": 0.75, "82": 1.0, "83": 1.0, "84": 1.0, "86": 0.5625, "87": 1.0, "90": 0.6666666666666666, "91": 1.0, "94": 1.0, "95": 1.0, "96": 1.0, "99": 1.0, "100": 1.0, "101": 1.0, "102": 1.0, "106": 1.0, "107": 1.0, "108": 1.0, "109": 1.0, "110": 1.0, "111": 1.0, "112": 1.0, "114": 1.0, "118": 1.0, "119": 1.0, "121": 1.0, "122": 1.0, "123": 1.0, "124": 1.0, "126": 1.0, "128": 1.0, "129": 0.75, "130": 1.0, "131": 0.5666666666666667, "132": 1.0, "133": 1.0, "134": 0.6428571428571428, "136": 1.0, "137": 1.0, "138": 1.0, "140": 1.0, "141": 0.5416666666666666, "142": 1.0, "144": 1.0, "145": 1.0, "146": 1.0, "147": 1.0, "148": 1.0, "151": 1.0, "152": 1.0, "153": 1.0, "154": 1.0, "155": 1.0, "156": 1.0, "158": 1.0, "159": 0.5416666666666666, "160": 1.0, "161": 1.0, "162": 1.0, "163": 1.0, "164": 0.5714285714285714, "165": 1.0, "168": 1.0, "169": 0.5454545454545454, "170": 1.0, "171": 1.0, "172": 1.0, "173": 0.9166666666666667, "175": 1.0, "176": 1.0, "178": 1.0, "179": 1.0, "181": 0.5294117647058824, "182": 1.0, "183": 1.0, "184": 1.0, "187": 1.0, "188": 1.0, "190": 1.0, "191": 0.7727272727272727, "192": 0.9090909090909092, "193": 1.0, "195": 0.5625, "199": 0.5454545454545454, "201": 1.0, "204": 1.0, "206": 1.0, "207": 1.0, "208": 1.0, "209": 1.0, "212": 1.0, "213": 1.0, "214": 1.0, "217": 1.0, "220": 1.0, "221": 1.0, "222": 1.0, "223": 1.0, "224": 1.0, "225": 1.0, "226": 1.0, "227": 1.0, "229": 1.0, "232": 1.0, "233": 1.0, "234": 1.0, "235": 1.0, "238": 1.0, "241": 1.0, "244": 1.0, "246": 1.0, "248": 1.0, "249": 1.0, "250": 1.0, "251": 0.8181818181818181, "252": 1.0, "253": 1.0, "254": 1.0, "255": 1.0, "256": 0.5454545454545454, "257": 1.0, "259": 1.0, "261": 1.0, "262": 1.0, "263": 0.7857142857142857, "264": 1.0, "266": 1.0, "267": 1.0, "268": 1.0, "269": 1.0, "271": 1.0, "275": 1.0, "276": 1.0, "277": 1.0, "278": 1.0, "279": 1.0, "280": 1.0, "282": 1.0, "284": 0.5357142857142857, "286": 1.0, "288": 1.0, "292": 1.0, "294": 1.0, "295": 1.0, "296": 1.0, "297": 1.0, "300": 0.9545454545454546, "301": 1.0, "302": 1.0, "303": 1.0, "304": 1.0, "305": 1.0, "308": 1.0, "310": 1.0, "311": 1.0, "312": 1.0, "313": 1.0, "314": 1.0, "315": 1.0, "317": 1.0, "319": 1.0}}}