{"10": {"FDR": 0.0, "Power": 1.0, "Temporal_FDR": 0.0, "Temporal_Power": 1.0, "Average_Window_FDR": 0.0, "Average_Window_Power": 1.0, "Window_Overlap": {"0": 1.0, "1": 1.0, "2": 1.0, "3": 1.0, "4": 1.0, "5": 1.0, "6": 1.0, "7": 1.0, "8": 1.0, "9": 1.0}}, "20": {"FDR": 0.0, "Power": 0.65, "Temporal_FDR": 0.0, "Temporal_Power": 0.6842105263157895, "Average_Window_FDR": 0.0, "Average_Window_Power": 0.8656898656898656, "Window_Overlap": {"0": 1.0, "1": 0.9722222222222222, "2": 1.0, "3": 1.0, "5": 1.0, "6": 0.5714285714285714, "8": 0.5833333333333334, "9": 1.0, "12": 1.0, "15": 1.0, "16": 1.0, "17": 1.0, "19": 1.0}}, "40": {"FDR": 0.0, "Power": 0.8, "Temporal_FDR": 0.0, "Temporal_Power": 0.8205128205128205, "Average_Window_FDR": 0.0, "Average_Window_Power": 1.0, "Window_Overlap": {"0": 1.0, "1": 1.0, "2": 1.0, "3": 1.0, "4": 1.0, "5": 1.0, "6": 1.0, "7": 1.0, "8": 1.0, "9": 1.0, "12": 1.0, "13": 1.0, "14": 1.0, "15": 1.0, "16": 1.0, "17": 1.0, "19": 1.0, "20": 1.0, "21": 1.0, "23": 1.0, "24": 1.0, "25": 1.0, "26": 1.0, "27": 1.0, "29": 1.0, "30": 1.0, "31": 1.0, "32": 1.0, "33": 1.0, "35": 1.0, "37": 1.0, "39": 1.0}}, "80": {"FDR": 0.0, "Power": 0.7375, "Temporal_FDR": 0.0, "Temporal_Power": 0.7532467532467533, "Average_Window_FDR": 0.0, "Average_Window_Power": 0.8740600423916853, "Window_Overlap": {"0": 1.0, "1": 0.9722222222222222, "2": 1.0, "3": 1.0, "5": 1.0, "6": 0.5714285714285714, "8": 0.5833333333333334, "9": 1.0, "12": 1.0, "15": 1.0, "16": 1.0, "17": 1.0, "19": 1.0, "20": 0.6923076923076923, "21": 0.6785714285714286, "23": 1.0, "24": 1.0, "25": 1.0, "26": 0.6, "27": 1.0, "29": 1.0, "30": 0.7857142857142857, "31": 0.9444444444444444, "32": 1.0, "33": 1.0, "37": 1.0, "39": 0.5454545454545454, "41": 1.0, "43": 0.90625, "44": 1.0, "45": 1.0, "46": 1.0, "47": 1.0, "48": 1.0, "49": 1.0, "51": 1.0, "53": 1.0, "54": 1.0, "55": 1.0, "56": 0.9117647058823529, "58": 1.0, "60": 1.0, "62": 1.0, "63": 1.0, "64": 1.0, "65": 1.0, "66": 0.75, "67": 1.0, "69": 1.0, "70": 1.0, "71": 1.0, "72": 1.0, "73": 0.875, "74": 0.53125, "75": 1.0, "76": 1.0, "78": 1.0, "79": 1.0}}, "160": {"FDR": 0.0, "Power": 0.8, "Temporal_FDR": 0.0, "Temporal_Power": 0.8, "Average_Window_FDR": 0.0, "Average_Window_Power": 0.9979838709677419, "Window_Overlap": {"0": 1.0, "1": 1.0, "2": 1.0, "3": 1.0, "4": 1.0, "5": 1.0, "6": 1.0, "7": 1.0, "8": 1.0, "9": 1.0, "12": 1.0, "13": 1.0, "14": 1.0, "15": 1.0, "16": 1.0, "17": 1.0, "19": 1.0, "20": 1.0, "21": 1.0, "23": 1.0, "24": 1.0, "25": 1.0, "26": 1.0, "27": 1.0, "29": 1.0, "30": 1.0, "31": 1.0, "32": 1.0, "33": 1.0, "35": 1.0, "37": 1.0, "39": 1.0, "41": 1.0, "43": 1.0, "44": 1.0, "45": 1.0, "46": 1.0, "47": 1.0, "48": 1.0, "49": 1.0, "51": 1.0, "53": 1.0, "54": 1.0, "55": 1.0, "56": 1.0, "58": 1.0, "60": 1.0, "62": 0.875, "63": 1.0, "64": 1.0, "65": 1.0, "66": 1.0, "67": 1.0, "69": 1.0, "70": 1.0, "71": 1.0, "72": 1.0, "73": 1.0, "74": 1.0, "75": 1.0, "76": 1.0, "78": 1.0, "79": 1.0, "80": 1.0, "82": 1.0, "83": 1.0, "84": 1.0, "86": 1.0, "87": 1.0, "88": 1.0, "89": 1.0, "90": 1.0, "91": 1.0, "92": 1.0, "94": 1.0, "96": 1.0, "98": 1.0, "99": 1.0, "100": 1.0, "101": 1.0, "102": 1.0, "103": 1.0, "104": 1.0, "105": 1.0, "108": 1.0, "110": 1.0, "111": 1.0, "114": 1.0, "115": 1.0, "117": 1.0, "118": 1.0, "119": 1.0, "120": 1.0, "121": 1.0, "124": 1.0, "125": 1.0, "126": 1.0, "127": 1.0, "128": 1.0, "130": 1.0, "131": 1.0, "133": 1.0, "134": 1.0, "135": 1.0, "136": 1.0, "139": 1.0, "140": 1.0, "141": 1.0, "142": 1.0, "143": 1.0, "144": 1.0, "145": 1.0, "146": 1.0, "148": 1.0, "149": 1.0, "150": 1.0, "151": 1.0, "152": 1.0, "153": 1.0, "155": 1.0, "156": 1.0, "157": 1.0, "158": 1.0, "159": 1.0}}, "320": {"FDR": 0.0, "Power": 0.7125, "Temporal_FDR": 0.0, "Temporal_Power": 0.7032258064516129, "Average_Window_FDR": 0.0, "Average_Window_Power": 0.8697623387388562, "Window_Overlap": {"0": 1.0, "1": 0.9722222222222222, "2": 1.0, "3": 1.0, "5": 1.0, "6": 0.5714285714285714, "8": 0.5416666666666666, "9": 1.0, "12": 1.0, "15": 1.0, "16": 1.0, "17": 1.0, "19": 1.0, "20": 0.6923076923076923, "21": 0.7142857142857143, "23": 1.0, "24": 1.0, "25": 1.0, "26": 0.6, "27": 1.0, "29": 1.0, "30": 0.75, "31": 0.8333333333333333, "32": 1.0, "33": 1.0, "37": 1.0, "39": 0.5454545454545454, "41": 1.0, "43": 0.90625, "44": 1.0, "45": 1.0, "46": 1.0, "47": 1.0, "48": 1.0, "49": 1.0, "51": 1.0, "53": 1.0, "54": 1.0, "55": 1.0, "56": 0.9411764705882353, "58": 1.0, "60": 1.0, "62": 1.0, "63": 1.0, "64": 1.0, "65": 1.0, "66": 0.75, "67": 1.0, "69": 1.0, "70": 1.0, "71": 1.0, "72": 1.0, "73": 0.84375, "74": 0.53125, "75": 1.0, "76": 0.8, "78": 1.0, "79": 1.0, "80": 1.0, "81": 1.0, "82": 1.0, "83": 1.0, "86": 1.0, "89": 0.6, "91": 1.0, "92": 0.9411764705882353, "94": 1.0, "96": 1.0, "100": 1.0, "101": 1.0, "102": 1.0, "103": 1.0, "104": 0.8235294117647058, "105": 1.0, "110": 1.0, "111": 1.0, "114": 1.0, "115": 1.0, "117": 1.0, "118": 1.0, "119": 1.0, "120": 0.6, "121": 0.8571428571428572, "125": 1.0, "126": 1.0, "128": 1.0, "130": 1.0, "131": 1.0, "133": 0.9722222222222222, "134": 0.7, "135": 0.8888888888888888, "136": 1.0, "139": 1.0, "140": 1.0, "141": 1.0, "142": 0.5384615384615384, "143": 1.0, "144": 1.0, "145": 1.0, "146": 1.0, "148": 0.5357142857142857, "149": 1.0, "150": 1.0, "151": 1.0, "152": 1.0, "155": 1.0, "156": 1.0, "157": 0.9, "158": 1.0, "159": 1.0, "161": 1.0, "162": 1.0, "163": 1.0, "164": 1.0, "165": 1.0, "166": 1.0, "167": 1.0, "168": 1.0, "169": 1.0, "170": 1.0, "171": 0.7307692307692308, "172": 0.5416666666666666, "173": 1.0, "174": 1.0, "175": 1.0, "176": 1.0, "178": 1.0, "179": 1.0, "181": 1.0, "182": 1.0, "183": 0.5454545454545454, "184": 1.0, "186": 1.0, "187": 1.0, "188": 0.9, "189": 1.0, "190": 1.0, "191": 0.8571428571428572, "193": 1.0, "194": 0.6666666666666666, "197": 1.0, "198": 1.0, "199": 1.0, "201": 1.0, "204": 1.0, "208": 1.0, "209": 1.0, "210": 1.0, "211": 1.0, "215": 1.0, "218": 0.5263157894736842, "220": 1.0, "221": 1.0, "222": 0.8076923076923077, "223": 0.5526315789473684, "224": 1.0, "226": 1.0, "227": 1.0, "228": 1.0, "229": 0.5294117647058824, "235": 1.0, "236": 0.8333333333333333, "237": 1.0, "239": 0.5357142857142857, "240": 0.75, "241": 1.0, "244": 1.0, "245": 0.8076923076923077, "247": 0.5294117647058824, "249": 1.0, "250": 0.6, "251": 1.0, "253": 1.0, "254": 1.0, "256": 1.0, "257": 1.0, "259": 1.0, "260": 1.0, "261": 1.0, "262": 0.5263157894736842, "265": 1.0, "266": 1.0, "267": 1.0, "268": 1.0, "269": 1.0, "270": 1.0, "272": 1.0, "273": 1.0, "276": 1.0, "277": 1.0, "278": 1.0, "279": 0.9411764705882353, "280": 1.0, "281": 1.0, "282": 1.0, "283": 1.0, "284": 0.75, "287": 1.0, "288": 0.8055555555555556, "290": 1.0, "291": 1.0, "292": 1.0, "293": 1.0, "295": 1.0, "296": 0.6, "301": 1.0, "302": 1.0, "305": 0.5454545454545454, "306": 1.0, "307": 1.0, "310": 1.0, "312": 1.0, "313": 1.0, "314": 1.0, "315": 1.0, "317": 1.0, "318": 0.5714285714285714, "319": 1.0}}}