{"DEFAULT": {"FDR": 0.0, "Power": 0.6, "Temporal_FDR": 0.0, "Temporal_Power": 0.75, "Average_Window_FDR": 0.0, "Average_Window_Power": 0.5892857142857143, "Window_Overlap": {"2": 0.8125, "7": 1.0, "8": 0.5714285714285714}}}