{"10": {"FDR": 0.0, "Power": 0.9, "Temporal_FDR": 0.0, "Temporal_Power": 0.9, "Average_Window_FDR": 0.0, "Average_Window_Power": 0.8033625730994152, "Window_Overlap": {"0": 1.0, "2": 1.0, "3": 1.0, "4": 0.5526315789473684, "5": 1.0, "6": 0.5625, "7": 1.0, "8": 1.0, "9": 1.0}}, "20": {"FDR": 0.0, "Power": 0.65, "Temporal_FDR": 0.0, "Temporal_Power": 0.65, "Average_Window_FDR": 0.0, "Average_Window_Power": 0.8254048582995951, "Window_Overlap": {"0": 1.0, "2": 1.0, "3": 1.0, "4": 0.5526315789473684, "5": 1.0, "6": 0.5625, "7": 1.0, "8": 1.0, "9": 1.0, "11": 0.75, "13": 1.0, "16": 1.0, "19": 1.0}}, "40": {"FDR": 0.0, "Power": 0.75, "Temporal_FDR": 0.0, "Temporal_Power": 0.7894736842105263, "Average_Window_FDR": 0.0, "Average_Window_Power": 0.900532581453634, "Window_Overlap": {"0": 1.0, "2": 1.0, "3": 1.0, "4": 0.5526315789473684, "5": 1.0, "6": 0.5625, "7": 1.0, "8": 1.0, "9": 1.0, "11": 0.75, "13": 1.0, "16": 1.0, "19": 1.0, "21": 1.0, "22": 1.0, "23": 1.0, "24": 1.0, "25": 1.0, "27": 1.0, "28": 1.0, "29": 1.0, "30": 1.0, "31": 1.0, "33": 1.0, "34": 1.0, "35": 1.0, "36": 1.0, "37": 1.0, "38": 0.6428571428571428, "39": 1.0}}, "80": {"FDR": 0.0, "Power": 0.75, "Temporal_FDR": 0.0, "Temporal_Power": 0.7532467532467533, "Average_Window_FDR": 0.0, "Average_Window_Power": 1.0, "Window_Overlap": {"0": 1.0, "2": 1.0, "3": 1.0, "4": 1.0, "5": 1.0, "6": 1.0, "7": 1.0, "8": 1.0, "9": 1.0, "11": 1.0, "12": 1.0, "13": 1.0, "15": 1.0, "16": 1.0, "18": 1.0, "19": 1.0, "21": 1.0, "22": 1.0, "23": 1.0, "24": 1.0, "25": 1.0, "27": 1.0, "28": 1.0, "29": 1.0, "30": 1.0, "31": 1.0, "33": 1.0, "34": 1.0, "35": 1.0, "36": 1.0, "37": 1.0, "38": 1.0, "39": 1.0, "41": 1.0, "42": 1.0, "45": 1.0, "46": 1.0, "47": 1.0, "48": 1.0, "51": 1.0, "52": 1.0, "53": 1.0, "55": 1.0, "56": 1.0, "58": 1.0, "59": 1.0, "63": 1.0, "64": 1.0, "65": 1.0, "66": 1.0, "68": 1.0, "69": 1.0, "71": 1.0, "72": 1.0, "73": 1.0, "74": 1.0, "77": 1.0, "78": 1.0}}, "160": {"FDR": 0.0, "Power": 0.68125, "Temporal_FDR": 0.0, "Temporal_Power": 0.6903225806451613, "Average_Window_FDR": 0.0, "Average_Window_Power": 0.9129746259209383, "Window_Overlap": {"0": 1.0, "2": 1.0, "3": 1.0, "4": 0.5526315789473684, "5": 1.0, "6": 0.5625, "7": 1.0, "8": 1.0, "9": 1.0, "11": 0.75, "13": 1.0, "16": 1.0, "18": 0.5294117647058824, "19": 1.0, "21": 1.0, "22": 1.0, "23": 1.0, "24": 1.0, "25": 0.9736842105263157, "27": 1.0, "28": 1.0, "29": 1.0, "30": 1.0, "31": 1.0, "33": 1.0, "34": 1.0, "35": 1.0, "36": 1.0, "37": 1.0, "38": 0.6428571428571428, "39": 1.0, "41": 0.6, "42": 1.0, "45": 1.0, "46": 1.0, "47": 1.0, "48": 1.0, "51": 1.0, "52": 1.0, "53": 1.0, "55": 1.0, "58": 1.0, "59": 1.0, "64": 1.0, "65": 0.53125, "68": 1.0, "71": 1.0, "72": 1.0, "73": 1.0, "74": 1.0, "77": 1.0, "78": 1.0, "80": 1.0, "83": 1.0, "84": 1.0, "86": 1.0, "87": 1.0, "88": 1.0, "90": 1.0, "91": 0.7, "92": 0.9545454545454546, "93": 1.0, "95": 1.0, "97": 0.6818181818181819, "98": 1.0, "102": 1.0, "103": 1.0, "104": 1.0, "107": 1.0, "108": 1.0, "109": 1.0, "110": 1.0, "114": 1.0, "116": 1.0, "117": 1.0, "118": 1.0, "119": 1.0, "120": 1.0, "121": 1.0, "122": 1.0, "124": 1.0, "125": 0.7307692307692308, "126": 0.6052631578947368, "127": 1.0, "128": 1.0, "129": 1.0, "130": 1.0, "131": 1.0, "133": 1.0, "134": 1.0, "135": 1.0, "136": 1.0, "137": 1.0, "140": 1.0, "142": 1.0, "143": 1.0, "145": 1.0, "148": 1.0, "149": 1.0, "150": 1.0, "151": 0.5294117647058824, "152": 1.0, "153": 1.0, "154": 1.0, "155": 1.0, "158": 1.0, "159": 1.0}}, "320": {"FDR": 0.0, "Power": 0.65625, "Temporal_FDR": 0.0, "Temporal_Power": 0.6559485530546624, "Average_Window_FDR": 0.0, "Average_Window_Power": 0.9273679263304332, "Window_Overlap": {"0": 1.0, "2": 1.0, "3": 1.0, "4": 0.5789473684210527, "5": 1.0, "6": 0.5625, "7": 1.0, "8": 1.0, "9": 1.0, "11": 0.75, "13": 1.0, "16": 1.0, "19": 1.0, "21": 1.0, "22": 1.0, "23": 1.0, "24": 1.0, "25": 1.0, "27": 1.0, "28": 1.0, "29": 1.0, "30": 1.0, "31": 1.0, "33": 1.0, "34": 1.0, "35": 1.0, "36": 1.0, "37": 1.0, "38": 0.6428571428571428, "39": 1.0, "41": 0.6, "42": 1.0, "45": 1.0, "46": 1.0, "47": 1.0, "48": 1.0, "51": 1.0, "52": 1.0, "53": 1.0, "55": 1.0, "58": 1.0, "59": 1.0, "64": 1.0, "65": 0.53125, "68": 1.0, "71": 1.0, "72": 1.0, "73": 1.0, "74": 1.0, "77": 1.0, "78": 1.0, "80": 1.0, "83": 1.0, "84": 1.0, "86": 1.0, "87": 1.0, "88": 1.0, "90": 1.0, "91": 0.7, "92": 1.0, "93": 1.0, "95": 1.0, "97": 0.6818181818181819, "98": 1.0, "102": 1.0, "103": 1.0, "104": 1.0, "107": 1.0, "108": 1.0, "109": 1.0, "110": 1.0, "114": 1.0, "116": 1.0, "117": 1.0, "118": 1.0, "119": 1.0, "120": 1.0, "121": 1.0, "122": 1.0, "124": 1.0, "125": 0.6923076923076923, "126": 0.6052631578947368, "127": 1.0, "128": 1.0, "129": 1.0, "130": 1.0, "131": 1.0, "133": 1.0, "134": 1.0, "135": 1.0, "136": 1.0, "137": 1.0, "140": 1.0, "142": 1.0, "143": 1.0, "145": 1.0, "148": 1.0, "149": 1.0, "150": 1.0, "151": 0.5294117647058824, "152": 1.0, "153": 1.0, "154": 1.0, "155": 1.0, "158": 1.0, "159": 0.9615384615384616, "161": 1.0, "162": 1.0, "163": 1.0, "164": 1.0, "168": 1.0, "170": 1.0, "171": 1.0, "172": 1.0, "173": 1.0, "174": 1.0, "176": 1.0, "177": 1.0, "179": 1.0, "180": 1.0, "181": 0.7, "182": 1.0, "183": 1.0, "185": 1.0, "187": 1.0, "188": 1.0, "190": 1.0, "191": 1.0, "192": 1.0, "193": 1.0, "194": 0.6666666666666666, "196": 1.0, "197": 1.0, "200": 1.0, "203": 1.0, "204": 1.0, "206": 0.6428571428571428, "207": 1.0, "208": 1.0, "212": 1.0, "213": 1.0, "214": 1.0, "216": 1.0, "217": 1.0, "218": 0.55, "220": 1.0, "223": 1.0, "225": 1.0, "226": 1.0, "228": 1.0, "229": 1.0, "230": 0.5833333333333334, "232": 1.0, "234": 1.0, "235": 1.0, "237": 0.7307692307692308, "238": 1.0, "242": 1.0, "245": 0.875, "246": 0.5833333333333334, "248": 1.0, "250": 1.0, "251": 1.0, "253": 1.0, "254": 1.0, "255": 1.0, "256": 1.0, "257": 0.625, "258": 1.0, "259": 1.0, "261": 1.0, "262": 1.0, "264": 1.0, "265": 1.0, "267": 1.0, "268": 1.0, "269": 1.0, "271": 1.0, "273": 1.0, "274": 1.0, "275": 1.0, "281": 1.0, "282": 1.0, "283": 1.0, "285": 1.0, "286": 1.0, "287": 0.9736842105263157, "289": 1.0, "293": 1.0, "294": 1.0, "295": 0.9473684210526316, "296": 0.9230769230769231, "299": 0.9545454545454546, "303": 1.0, "306": 1.0, "307": 1.0, "308": 1.0, "309": 1.0, "311": 1.0, "313": 1.0, "315": 1.0, "317": 1.0, "318": 1.0, "319": 1.0}}}