{"10": {"FDR": 0.0, "Power": 1.0, "Temporal_FDR": 0.0, "Temporal_Power": 1.0, "Average_Window_FDR": 0.0, "Average_Window_Power": 0.5209523809523808, "Window_Overlap": {"0": 0.5357142857142857, "1": 1.0, "2": 0.6666666666666666, "3": 0.6, "4": 1.0}}, "20": {"FDR": 0.0, "Power": 1.0, "Temporal_FDR": 0.0, "Temporal_Power": 1.0, "Average_Window_FDR": 0.0, "Average_Window_Power": 0.6942857142857142, "Window_Overlap": {"0": 0.5357142857142857, "1": 1.0, "2": 1.0, "3": 0.7, "4": 1.0}}, "40": {"FDR": 0.0, "Power": 1.0, "Temporal_FDR": 0.0, "Temporal_Power": 1.0, "Average_Window_FDR": 0.0, "Average_Window_Power": 0.8142857142857143, "Window_Overlap": {"0": 0.5357142857142857, "1": 1.0, "2": 1.0, "3": 1.0, "4": 1.0}}, "80": {"FDR": 0.0, "Power": 1.0, "Temporal_FDR": 0.0, "Temporal_Power": 1.0, "Average_Window_FDR": 0.0, "Average_Window_Power": 0.8142857142857143, "Window_Overlap": {"0": 0.5357142857142857, "1": 1.0, "2": 1.0, "3": 1.0, "4": 1.0}}, "160": {"FDR": 0.0, "Power": 1.0, "Temporal_FDR": 0.0, "Temporal_Power": 1.0, "Average_Window_FDR": 0.0, "Average_Window_Power": 0.8142857142857143, "Window_Overlap": {"0": 0.5357142857142857, "1": 1.0, "2": 1.0, "3": 1.0, "4": 1.0}}, "320": {"FDR": 0.0, "Power": 1.0, "Temporal_FDR": 0.0, "Temporal_Power": 1.0, "Average_Window_FDR": 0.0, "Average_Window_Power": 0.8142857142857143, "Window_Overlap": {"0": 0.5357142857142857, "1": 1.0, "2": 1.0, "3": 1.0, "4": 1.0}}}