{"10": {"FDR": 0.0, "Power": 0.6, "Temporal_FDR": 0.0, "Temporal_Power": 0.6, "Average_Window_FDR": 0.0, "Average_Window_Power": 0.9047619047619048, "Window_Overlap": {"2": 1.0, "3": 1.0, "4": 1.0, "6": 1.0, "7": 0.7142857142857143, "9": 1.0}}, "20": {"FDR": 0.0, "Power": 0.7, "Temporal_FDR": 0.0, "Temporal_Power": 0.7, "Average_Window_FDR": 0.0, "Average_Window_Power": 0.8431122448979592, "Window_Overlap": {"2": 1.0, "3": 1.0, "4": 1.0, "6": 1.0, "7": 0.7142857142857143, "9": 1.0, "11": 1.0, "12": 0.625, "13": 0.5625, "14": 1.0, "15": 1.0, "16": 1.0, "17": 1.0, "19": 1.0}}, "40": {"FDR": 0.0, "Power": 0.8, "Temporal_FDR": 0.0, "Temporal_Power": 0.8, "Average_Window_FDR": 0.0, "Average_Window_Power": 1.0, "Window_Overlap": {"0": 1.0, "2": 1.0, "3": 1.0, "4": 1.0, "6": 1.0, "7": 1.0, "9": 1.0, "10": 1.0, "11": 1.0, "12": 1.0, "13": 1.0, "14": 1.0, "15": 1.0, "16": 1.0, "17": 1.0, "18": 1.0, "19": 1.0, "20": 1.0, "21": 1.0, "22": 1.0, "24": 1.0, "25": 1.0, "26": 1.0, "27": 1.0, "28": 1.0, "29": 1.0, "31": 1.0, "32": 1.0, "35": 1.0, "37": 1.0, "38": 1.0, "39": 1.0}}, "80": {"FDR": 0.0, "Power": 0.625, "Temporal_FDR": 0.0, "Temporal_Power": 0.6125, "Average_Window_FDR": 0.0, "Average_Window_Power": 0.8938422122095593, "Window_Overlap": {"2": 1.0, "3": 1.0, "4": 1.0, "6": 1.0, "7": 0.7142857142857143, "9": 1.0, "11": 1.0, "12": 0.625, "13": 0.5625, "14": 1.0, "15": 1.0, "16": 1.0, "17": 1.0, "19": 1.0, "20": 1.0, "21": 0.75, "22": 1.0, "24": 1.0, "25": 1.0, "26": 1.0, "28": 1.0, "29": 1.0, "31": 0.7, "37": 1.0, "38": 1.0, "39": 1.0, "40": 1.0, "43": 1.0, "45": 0.6666666666666666, "46": 1.0, "47": 1.0, "49": 1.0, "50": 1.0, "51": 1.0, "53": 1.0, "56": 1.0, "57": 1.0, "60": 0.5625, "61": 1.0, "62": 1.0, "63": 1.0, "66": 0.8181818181818181, "67": 1.0, "69": 1.0, "71": 1.0, "72": 1.0, "74": 1.0, "75": 1.0, "77": 1.0}}, "160": {"FDR": 0.0, "Power": 0.725, "Temporal_FDR": 0.0, "Temporal_Power": 0.7295597484276729, "Average_Window_FDR": 0.0, "Average_Window_Power": 1.0, "Window_Overlap": {"0": 1.0, "2": 1.0, "3": 1.0, "4": 1.0, "6": 1.0, "7": 1.0, "9": 1.0, "10": 1.0, "11": 1.0, "12": 1.0, "13": 1.0, "14": 1.0, "15": 1.0, "16": 1.0, "17": 1.0, "18": 1.0, "19": 1.0, "20": 1.0, "21": 1.0, "22": 1.0, "24": 1.0, "25": 1.0, "26": 1.0, "27": 1.0, "28": 1.0, "29": 1.0, "31": 1.0, "32": 1.0, "35": 1.0, "37": 1.0, "38": 1.0, "39": 1.0, "40": 1.0, "41": 1.0, "43": 1.0, "45": 1.0, "46": 1.0, "47": 1.0, "49": 1.0, "50": 1.0, "51": 1.0, "53": 1.0, "56": 1.0, "57": 1.0, "58": 1.0, "59": 1.0, "60": 1.0, "61": 1.0, "62": 1.0, "63": 1.0, "66": 1.0, "67": 1.0, "69": 1.0, "70": 1.0, "71": 1.0, "72": 1.0, "74": 1.0, "75": 1.0, "77": 1.0, "81": 1.0, "82": 1.0, "83": 1.0, "84": 1.0, "86": 1.0, "88": 1.0, "89": 1.0, "90": 1.0, "92": 1.0, "94": 1.0, "95": 1.0, "96": 1.0, "98": 1.0, "99": 1.0, "102": 1.0, "103": 1.0, "104": 1.0, "108": 1.0, "110": 1.0, "111": 1.0, "112": 1.0, "113": 1.0, "114": 1.0, "115": 1.0, "116": 1.0, "118": 1.0, "119": 1.0, "123": 1.0, "125": 1.0, "126": 1.0, "127": 1.0, "128": 1.0, "130": 1.0, "131": 1.0, "132": 1.0, "133": 1.0, "134": 1.0, "135": 1.0, "136": 1.0, "137": 1.0, "138": 1.0, "139": 1.0, "140": 1.0, "141": 1.0, "142": 1.0, "143": 1.0, "144": 1.0, "146": 1.0, "147": 1.0, "148": 1.0, "149": 1.0, "150": 1.0, "153": 1.0, "154": 1.0, "155": 1.0, "156": 1.0, "159": 1.0}}, "320": {"FDR": 0.0, "Power": 0.71875, "Temporal_FDR": 0.0, "Temporal_Power": 0.7197452229299363, "Average_Window_FDR": 0.0, "Average_Window_Power": 1.0, "Window_Overlap": {"0": 1.0, "2": 1.0, "3": 1.0, "4": 1.0, "6": 1.0, "7": 1.0, "9": 1.0, "10": 1.0, "11": 1.0, "12": 1.0, "13": 1.0, "14": 1.0, "15": 1.0, "16": 1.0, "17": 1.0, "18": 1.0, "19": 1.0, "20": 1.0, "21": 1.0, "22": 1.0, "24": 1.0, "25": 1.0, "26": 1.0, "27": 1.0, "28": 1.0, "29": 1.0, "31": 1.0, "32": 1.0, "35": 1.0, "37": 1.0, "38": 1.0, "39": 1.0, "40": 1.0, "41": 1.0, "43": 1.0, "45": 1.0, "46": 1.0, "47": 1.0, "49": 1.0, "50": 1.0, "51": 1.0, "53": 1.0, "56": 1.0, "57": 1.0, "58": 1.0, "59": 1.0, "60": 1.0, "61": 1.0, "62": 1.0, "63": 1.0, "66": 1.0, "67": 1.0, "69": 1.0, "70": 1.0, "71": 1.0, "72": 1.0, "74": 1.0, "75": 1.0, "77": 1.0, "81": 1.0, "82": 1.0, "83": 1.0, "84": 1.0, "86": 1.0, "88": 1.0, "89": 1.0, "90": 1.0, "92": 1.0, "94": 1.0, "95": 1.0, "96": 1.0, "98": 1.0, "99": 1.0, "102": 1.0, "103": 1.0, "104": 1.0, "108": 1.0, "110": 1.0, "111": 1.0, "112": 1.0, "113": 1.0, "114": 1.0, "115": 1.0, "116": 1.0, "118": 1.0, "119": 1.0, "123": 1.0, "125": 1.0, "126": 1.0, "127": 1.0, "128": 1.0, "130": 1.0, "131": 1.0, "132": 1.0, "133": 1.0, "134": 1.0, "135": 1.0, "136": 1.0, "137": 1.0, "138": 1.0, "139": 1.0, "140": 1.0, "141": 1.0, "142": 1.0, "143": 1.0, "144": 1.0, "146": 1.0, "147": 1.0, "148": 1.0, "149": 1.0, "150": 1.0, "153": 1.0, "154": 1.0, "155": 1.0, "156": 1.0, "159": 1.0, "161": 1.0, "165": 1.0, "166": 1.0, "167": 1.0, "170": 1.0, "171": 1.0, "172": 1.0, "174": 1.0, "177": 1.0, "178": 1.0, "179": 1.0, "180": 1.0, "181": 1.0, "182": 1.0, "183": 1.0, "184": 1.0, "185": 1.0, "186": 1.0, "187": 1.0, "192": 1.0, "193": 1.0, "195": 1.0, "196": 1.0, "197": 1.0, "199": 1.0, "202": 1.0, "203": 1.0, "204": 1.0, "205": 1.0, "206": 1.0, "208": 1.0, "209": 1.0, "210": 1.0, "211": 1.0, "212": 1.0, "214": 1.0, "215": 1.0, "216": 1.0, "219": 1.0, "220": 1.0, "221": 1.0, "222": 1.0, "224": 1.0, "225": 1.0, "227": 1.0, "228": 1.0, "229": 1.0, "234": 1.0, "235": 1.0, "236": 1.0, "237": 1.0, "238": 1.0, "239": 1.0, "240": 1.0, "241": 1.0, "242": 1.0, "243": 1.0, "244": 1.0, "245": 1.0, "246": 1.0, "248": 1.0, "249": 1.0, "251": 1.0, "252": 1.0, "253": 1.0, "254": 1.0, "255": 1.0, "257": 1.0, "258": 1.0, "259": 1.0, "261": 1.0, "263": 1.0, "264": 1.0, "265": 1.0, "266": 1.0, "267": 1.0, "268": 1.0, "269": 1.0, "271": 1.0, "273": 1.0, "274": 1.0, "275": 1.0, "276": 1.0, "277": 1.0, "280": 1.0, "283": 1.0, "284": 1.0, "286": 1.0, "288": 1.0, "289": 1.0, "290": 1.0, "291": 1.0, "292": 1.0, "295": 1.0, "296": 1.0, "297": 1.0, "300": 1.0, "301": 1.0, "302": 1.0, "303": 1.0, "304": 1.0, "306": 1.0, "308": 1.0, "309": 1.0, "310": 1.0, "311": 1.0, "313": 1.0, "314": 1.0, "318": 1.0, "319": 1.0}}}