{"10": {"FDR": 0.0, "Power": 0.7, "Temporal_FDR": 0.0, "Temporal_Power": 0.7, "Average_Window_FDR": 0.0, "Average_Window_Power": 0.8244897959183674, "Window_Overlap": {"0": 1.0, "2": 1.0, "3": 1.0, "6": 0.5357142857142857, "7": 0.85, "8": 1.0, "9": 1.0}}, "20": {"FDR": 0.0, "Power": 0.7, "Temporal_FDR": 0.0, "Temporal_Power": 0.7, "Average_Window_FDR": 0.0, "Average_Window_Power": 0.8787284144427002, "Window_Overlap": {"0": 1.0, "2": 1.0, "3": 1.0, "6": 0.5357142857142857, "7": 1.0, "8": 1.0, "9": 1.0, "10": 0.6153846153846154, "11": 1.0, "12": 1.0, "13": 1.0, "14": 1.0, "16": 1.0, "19": 1.0}}, "40": {"FDR": 0.0, "Power": 0.8, "Temporal_FDR": 0.0, "Temporal_Power": 0.7948717948717948, "Average_Window_FDR": 0.0, "Average_Window_Power": 1.0, "Window_Overlap": {"0": 1.0, "2": 1.0, "3": 1.0, "6": 1.0, "7": 1.0, "8": 1.0, "9": 1.0, "10": 1.0, "11": 1.0, "12": 1.0, "13": 1.0, "14": 1.0, "16": 1.0, "19": 1.0, "21": 1.0, "22": 1.0, "23": 1.0, "25": 1.0, "26": 1.0, "27": 1.0, "28": 1.0, "29": 1.0, "30": 1.0, "31": 1.0, "33": 1.0, "34": 1.0, "35": 1.0, "36": 1.0, "37": 1.0, "38": 1.0, "39": 1.0}}, "80": {"FDR": 0.0, "Power": 0.75, "Temporal_FDR": 0.0, "Temporal_Power": 0.7435897435897436, "Average_Window_FDR": 0.0, "Average_Window_Power": 0.9330838701528358, "Window_Overlap": {"0": 1.0, "2": 1.0, "3": 1.0, "6": 0.5357142857142857, "7": 0.9, "8": 1.0, "9": 1.0, "10": 0.6153846153846154, "11": 1.0, "12": 1.0, "13": 1.0, "14": 1.0, "16": 1.0, "19": 1.0, "22": 1.0, "23": 1.0, "25": 1.0, "26": 1.0, "27": 1.0, "28": 0.9, "29": 1.0, "30": 1.0, "31": 1.0, "33": 1.0, "34": 1.0, "35": 1.0, "36": 1.0, "37": 1.0, "38": 1.0, "39": 1.0, "41": 1.0, "42": 1.0, "43": 1.0, "44": 1.0, "45": 1.0, "46": 1.0, "47": 1.0, "48": 1.0, "49": 1.0, "51": 1.0, "52": 0.95, "54": 1.0, "55": 1.0, "58": 0.75, "60": 1.0, "61": 1.0, "62": 1.0, "66": 1.0, "67": 1.0, "68": 0.7, "69": 1.0, "70": 1.0, "71": 1.0, "72": 1.0, "73": 1.0, "74": 0.7083333333333334, "76": 1.0, "77": 1.0}}, "160": {"FDR": 0.0, "Power": 0.7375, "Temporal_FDR": 0.0, "Temporal_Power": 0.7419354838709677, "Average_Window_FDR": 0.0, "Average_Window_Power": 1.0, "Window_Overlap": {"0": 1.0, "2": 1.0, "3": 1.0, "6": 1.0, "7": 1.0, "8": 1.0, "9": 1.0, "10": 1.0, "11": 1.0, "12": 1.0, "13": 1.0, "14": 1.0, "16": 1.0, "19": 1.0, "21": 1.0, "22": 1.0, "23": 1.0, "25": 1.0, "26": 1.0, "27": 1.0, "28": 1.0, "29": 1.0, "30": 1.0, "31": 1.0, "33": 1.0, "34": 1.0, "35": 1.0, "36": 1.0, "37": 1.0, "38": 1.0, "39": 1.0, "41": 1.0, "42": 1.0, "43": 1.0, "44": 1.0, "45": 1.0, "46": 1.0, "47": 1.0, "48": 1.0, "49": 1.0, "50": 1.0, "51": 1.0, "52": 1.0, "54": 1.0, "55": 1.0, "57": 1.0, "58": 1.0, "60": 1.0, "61": 1.0, "62": 1.0, "66": 1.0, "67": 1.0, "68": 1.0, "69": 1.0, "70": 1.0, "71": 1.0, "72": 1.0, "73": 1.0, "74": 1.0, "76": 1.0, "77": 1.0, "80": 1.0, "81": 1.0, "88": 1.0, "89": 1.0, "91": 1.0, "92": 1.0, "93": 1.0, "94": 1.0, "95": 1.0, "97": 1.0, "98": 1.0, "99": 1.0, "100": 1.0, "102": 1.0, "104": 1.0, "105": 1.0, "106": 1.0, "107": 1.0, "109": 1.0, "110": 1.0, "111": 1.0, "113": 1.0, "115": 1.0, "116": 1.0, "117": 1.0, "118": 1.0, "119": 1.0, "120": 1.0, "122": 1.0, "123": 1.0, "124": 1.0, "125": 1.0, "127": 1.0, "128": 1.0, "131": 1.0, "132": 1.0, "133": 1.0, "134": 1.0, "135": 1.0, "138": 1.0, "139": 1.0, "140": 1.0, "143": 1.0, "146": 1.0, "147": 1.0, "148": 1.0, "149": 1.0, "150": 1.0, "151": 1.0, "152": 1.0, "156": 1.0, "157": 1.0, "158": 1.0, "159": 1.0}}, "320": {"FDR": 0.0, "Power": 0.65625, "Temporal_FDR": 0.0, "Temporal_Power": 0.6591639871382636, "Average_Window_FDR": 0.0, "Average_Window_Power": 0.9171417286179804, "Window_Overlap": {"0": 1.0, "2": 1.0, "3": 1.0, "6": 0.5357142857142857, "7": 1.0, "8": 1.0, "9": 1.0, "10": 0.6153846153846154, "11": 1.0, "12": 1.0, "13": 1.0, "14": 1.0, "16": 1.0, "19": 1.0, "21": 0.5714285714285714, "22": 1.0, "23": 1.0, "25": 1.0, "26": 1.0, "27": 1.0, "28": 1.0, "29": 1.0, "30": 1.0, "31": 1.0, "33": 1.0, "34": 1.0, "35": 1.0, "36": 1.0, "37": 1.0, "38": 1.0, "39": 1.0, "41": 1.0, "42": 1.0, "43": 1.0, "44": 1.0, "45": 1.0, "46": 1.0, "47": 1.0, "48": 1.0, "49": 1.0, "51": 1.0, "52": 0.95, "54": 1.0, "55": 1.0, "58": 0.75, "60": 1.0, "61": 1.0, "62": 1.0, "66": 1.0, "67": 1.0, "68": 0.7, "69": 1.0, "70": 1.0, "71": 1.0, "72": 1.0, "73": 1.0, "74": 0.7083333333333334, "76": 1.0, "77": 1.0, "80": 1.0, "81": 1.0, "88": 0.5714285714285714, "89": 0.5833333333333334, "91": 0.5277777777777778, "92": 1.0, "93": 1.0, "95": 1.0, "97": 0.875, "98": 0.6, "99": 1.0, "100": 1.0, "102": 1.0, "105": 1.0, "107": 0.95, "109": 1.0, "110": 1.0, "111": 1.0, "113": 1.0, "115": 0.7333333333333334, "116": 1.0, "117": 1.0, "118": 1.0, "123": 0.625, "124": 1.0, "125": 1.0, "127": 1.0, "128": 1.0, "131": 1.0, "132": 1.0, "133": 1.0, "134": 1.0, "135": 1.0, "138": 1.0, "139": 1.0, "140": 1.0, "143": 1.0, "146": 1.0, "147": 1.0, "148": 0.7, "149": 1.0, "150": 1.0, "151": 1.0, "152": 1.0, "156": 1.0, "157": 1.0, "158": 1.0, "159": 1.0, "162": 1.0, "164": 1.0, "165": 1.0, "167": 1.0, "168": 1.0, "171": 1.0, "173": 1.0, "174": 1.0, "176": 1.0, "177": 1.0, "181": 1.0, "182": 1.0, "184": 1.0, "189": 1.0, "190": 1.0, "191": 0.5714285714285714, "195": 1.0, "196": 1.0, "197": 1.0, "199": 1.0, "201": 1.0, "202": 1.0, "203": 1.0, "204": 1.0, "205": 1.0, "208": 1.0, "209": 1.0, "211": 1.0, "212": 1.0, "213": 0.6428571428571428, "215": 1.0, "216": 1.0, "217": 1.0, "218": 0.8888888888888888, "220": 1.0, "221": 1.0, "222": 1.0, "223": 0.6, "226": 1.0, "228": 0.5454545454545454, "229": 1.0, "230": 1.0, "232": 1.0, "233": 1.0, "235": 0.7666666666666666, "236": 1.0, "237": 1.0, "239": 1.0, "243": 1.0, "244": 1.0, "245": 1.0, "246": 1.0, "247": 1.0, "253": 1.0, "254": 1.0, "255": 0.5526315789473684, "258": 1.0, "260": 1.0, "262": 1.0, "263": 1.0, "266": 1.0, "268": 1.0, "270": 1.0, "271": 0.9545454545454546, "272": 1.0, "273": 1.0, "276": 1.0, "278": 0.9615384615384616, "280": 1.0, "281": 1.0, "282": 1.0, "284": 1.0, "285": 1.0, "286": 0.6, "288": 1.0, "290": 1.0, "291": 1.0, "292": 1.0, "295": 1.0, "296": 1.0, "298": 1.0, "299": 1.0, "300": 1.0, "301": 1.0, "302": 1.0, "304": 1.0, "305": 1.0, "306": 1.0, "307": 1.0, "309": 1.0, "310": 1.0, "312": 1.0, "313": 1.0, "315": 0.8846153846153846, "316": 0.5416666666666666, "317": 1.0, "318": 1.0, "319": 1.0}}}