{"DEFAULT": {"FDR": 0.0, "Power": 0.6, "Temporal_FDR": 0.0, "Temporal_Power": 0.6, "Average_Window_FDR": 0.0, "Average_Window_Power": 0.6888888888888888, "Window_Overlap": {"0": 0.5333333333333333, "2": 1.0, "5": 1.0}}}