{"10": {"FDR": 0.0, "Power": 0.8, "Temporal_FDR": 0.0, "Temporal_Power": 0.7777777777777778, "Average_Window_FDR": 0.0, "Average_Window_Power": 0.8991596638655462, "Window_Overlap": {"0": 0.6470588235294118, "2": 1.0, "3": 1.0, "6": 1.0, "7": 1.0, "8": 1.0, "9": 1.0}}, "20": {"FDR": 0.0, "Power": 0.8, "Temporal_FDR": 0.0, "Temporal_Power": 0.7777777777777778, "Average_Window_FDR": 0.0, "Average_Window_Power": 0.9075630252100841, "Window_Overlap": {"0": 0.6764705882352942, "2": 1.0, "3": 1.0, "6": 1.0, "7": 1.0, "8": 1.0, "9": 1.0}}, "30": {"FDR": 0.0, "Power": 0.8, "Temporal_FDR": 0.0, "Temporal_Power": 0.7777777777777778, "Average_Window_FDR": 0.0, "Average_Window_Power": 0.8991596638655462, "Window_Overlap": {"0": 0.6470588235294118, "2": 1.0, "3": 1.0, "6": 1.0, "7": 1.0, "8": 1.0, "9": 1.0}}, "40": {"FDR": 0.0, "Power": 0.8, "Temporal_FDR": 0.0, "Temporal_Power": 0.7777777777777778, "Average_Window_FDR": 0.0, "Average_Window_Power": 0.9075630252100841, "Window_Overlap": {"0": 0.6764705882352942, "2": 1.0, "3": 1.0, "6": 1.0, "7": 1.0, "8": 1.0, "9": 1.0}}, "50": {"FDR": 0.0, "Power": 0.8, "Temporal_FDR": 0.0, "Temporal_Power": 0.7777777777777778, "Average_Window_FDR": 0.0, "Average_Window_Power": 0.9075630252100841, "Window_Overlap": {"0": 0.6764705882352942, "2": 1.0, "3": 1.0, "6": 1.0, "7": 1.0, "8": 1.0, "9": 1.0}}}