{"10": {"FDR": 0.0, "Power": 0.9, "Temporal_FDR": 0.0, "Temporal_Power": 1.0, "Average_Window_FDR": 0.0, "Average_Window_Power": 0.8796296296296295, "Window_Overlap": {"0": 1.0, "1": 0.8333333333333333, "2": 0.625, "3": 1.0, "4": 1.0, "6": 1.0, "7": 1.0, "8": 1.0, "9": 1.0}}, "20": {"FDR": 0.0, "Power": 0.9, "Temporal_FDR": 0.0, "Temporal_Power": 1.0, "Average_Window_FDR": 0.0, "Average_Window_Power": 0.8796296296296295, "Window_Overlap": {"0": 1.0, "1": 0.8333333333333333, "2": 0.625, "3": 1.0, "4": 1.0, "6": 1.0, "7": 1.0, "8": 1.0, "9": 1.0}}, "30": {"FDR": 0.0, "Power": 0.9, "Temporal_FDR": 0.0, "Temporal_Power": 1.0, "Average_Window_FDR": 0.0, "Average_Window_Power": 0.8796296296296295, "Window_Overlap": {"0": 1.0, "1": 0.8333333333333333, "2": 0.625, "3": 1.0, "4": 1.0, "6": 1.0, "7": 1.0, "8": 1.0, "9": 1.0}}, "40": {"FDR": 0.0, "Power": 0.9, "Temporal_FDR": 0.0, "Temporal_Power": 1.0, "Average_Window_FDR": 0.0, "Average_Window_Power": 0.8796296296296295, "Window_Overlap": {"0": 1.0, "1": 0.8333333333333333, "2": 0.625, "3": 1.0, "4": 1.0, "6": 1.0, "7": 1.0, "8": 1.0, "9": 1.0}}, "50": {"FDR": 0.0, "Power": 0.9, "Temporal_FDR": 0.0, "Temporal_Power": 1.0, "Average_Window_FDR": 0.0, "Average_Window_Power": 0.8796296296296295, "Window_Overlap": {"0": 1.0, "1": 0.8333333333333333, "2": 0.625, "3": 1.0, "4": 1.0, "6": 1.0, "7": 1.0, "8": 1.0, "9": 1.0}}}