{"10": {"FDR": 0.0, "Power": 0.4, "Temporal_FDR": 0.0, "Temporal_Power": 0.4444444444444444, "Average_Window_FDR": 0.0, "Average_Window_Power": 0.875, "Window_Overlap": {"1": 1.0, "7": 1.0, "8": 0.75, "9": 1.0}}, "20": {"FDR": 0.0, "Power": 0.4, "Temporal_FDR": 0.0, "Temporal_Power": 0.4, "Average_Window_FDR": 0.0, "Average_Window_Power": 0.8571428571428571, "Window_Overlap": {"1": 1.0, "7": 1.0, "8": 0.7142857142857143, "9": 1.0}}, "40": {"FDR": 0.0, "Power": 0.4, "Temporal_FDR": 0.0, "Temporal_Power": 0.4, "Average_Window_FDR": 0.0, "Average_Window_Power": 0.8076923076923077, "Window_Overlap": {"1": 1.0, "7": 1.0, "8": 0.6153846153846154, "9": 1.0}}, "80": {"FDR": 0.0, "Power": 0.4, "Temporal_FDR": 0.0, "Temporal_Power": 0.4, "Average_Window_FDR": 0.0, "Average_Window_Power": 0.7564102564102565, "Window_Overlap": {"1": 1.0, "7": 1.0, "8": 0.5961538461538461, "9": 0.9166666666666667}}, "160": {"FDR": 0.0, "Power": 0.4, "Temporal_FDR": 0.0, "Temporal_Power": 0.4, "Average_Window_FDR": 0.0, "Average_Window_Power": 0.6545652173913044, "Window_Overlap": {"1": 1.0, "7": 1.0, "8": 0.5700000000000001, "9": 0.7391304347826086}}, "320": {"FDR": 0.0, "Power": 0.4, "Temporal_FDR": 0.0, "Temporal_Power": 0.4, "Average_Window_FDR": 0.0, "Average_Window_Power": 0.6007369614512472, "Window_Overlap": {"1": 1.0, "7": 1.0, "8": 0.5459183673469388, "9": 0.6555555555555556}}}