{"10": {"FDR": 0.0, "Power": 0.8, "Temporal_FDR": 0.0, "Temporal_Power": 0.7777777777777778, "Average_Window_FDR": 0.0, "Average_Window_Power": 0.8991596638655462, "Window_Overlap": {"0": 0.6470588235294118, "2": 1.0, "3": 1.0, "6": 1.0, "7": 1.0, "8": 1.0, "9": 1.0}}, "20": {"FDR": 0.0, "Power": 0.85, "Temporal_FDR": 0.0, "Temporal_Power": 0.8421052631578947, "Average_Window_FDR": 0.0, "Average_Window_Power": 1.0, "Window_Overlap": {"0": 1.0, "2": 1.0, "3": 1.0, "5": 1.0, "6": 1.0, "7": 1.0, "8": 1.0, "9": 1.0, "10": 1.0, "11": 1.0, "12": 1.0, "14": 1.0, "15": 1.0, "16": 1.0, "18": 1.0, "19": 1.0}}, "40": {"FDR": 0.0, "Power": 0.8, "Temporal_FDR": 0.0, "Temporal_Power": 0.7837837837837838, "Average_Window_FDR": 0.0, "Average_Window_Power": 1.0, "Window_Overlap": {"0": 1.0, "2": 1.0, "3": 1.0, "5": 1.0, "6": 1.0, "7": 1.0, "8": 1.0, "9": 1.0, "10": 1.0, "11": 1.0, "12": 1.0, "14": 1.0, "15": 1.0, "16": 1.0, "18": 1.0, "19": 1.0, "20": 1.0, "21": 1.0, "23": 1.0, "25": 1.0, "26": 1.0, "27": 1.0, "28": 1.0, "30": 1.0, "32": 1.0, "33": 1.0, "35": 1.0, "36": 1.0, "38": 1.0}}, "80": {"FDR": 0.0, "Power": 0.675, "Temporal_FDR": 0.0, "Temporal_Power": 0.6623376623376623, "Average_Window_FDR": 0.0, "Average_Window_Power": 0.8647804665538229, "Window_Overlap": {"0": 0.6470588235294118, "2": 1.0, "3": 1.0, "6": 1.0, "7": 1.0, "8": 1.0, "9": 1.0, "10": 0.8333333333333333, "11": 0.8333333333333333, "12": 1.0, "14": 1.0, "15": 1.0, "16": 1.0, "18": 1.0, "19": 1.0, "20": 0.5555555555555556, "21": 1.0, "22": 1.0, "23": 0.5454545454545454, "25": 1.0, "26": 1.0, "27": 0.75, "28": 1.0, "30": 1.0, "32": 1.0, "33": 0.8, "36": 1.0, "38": 1.0, "40": 1.0, "42": 0.7142857142857143, "44": 0.5714285714285714, "46": 1.0, "47": 1.0, "48": 1.0, "50": 1.0, "51": 1.0, "52": 1.0, "53": 1.0, "55": 1.0, "58": 0.9090909090909092, "61": 1.0, "62": 1.0, "63": 0.78125, "64": 1.0, "65": 1.0, "67": 1.0, "68": 1.0, "75": 1.0, "77": 0.6111111111111112, "78": 1.0, "79": 1.0}}, "160": {"FDR": 0.0, "Power": 0.66875, "Temporal_FDR": 0.0, "Temporal_Power": 0.6666666666666666, "Average_Window_FDR": 0.0, "Average_Window_Power": 0.8604034545757365, "Window_Overlap": {"0": 0.6470588235294118, "2": 1.0, "3": 1.0, "6": 1.0, "7": 1.0, "8": 1.0, "9": 1.0, "10": 0.8333333333333333, "11": 0.8333333333333333, "12": 1.0, "14": 1.0, "15": 1.0, "16": 1.0, "18": 1.0, "19": 1.0, "20": 0.5555555555555556, "21": 1.0, "22": 1.0, "23": 0.5454545454545454, "25": 1.0, "26": 1.0, "27": 0.75, "28": 1.0, "30": 1.0, "32": 1.0, "33": 0.85, "36": 1.0, "38": 1.0, "40": 1.0, "42": 0.7142857142857143, "46": 1.0, "47": 1.0, "48": 1.0, "50": 1.0, "51": 1.0, "52": 1.0, "53": 1.0, "55": 1.0, "58": 0.8636363636363636, "61": 1.0, "62": 1.0, "63": 0.75, "64": 1.0, "65": 1.0, "67": 1.0, "68": 1.0, "75": 1.0, "77": 0.6111111111111112, "78": 1.0, "79": 1.0, "80": 1.0, "81": 1.0, "82": 1.0, "83": 0.5263157894736842, "85": 1.0, "91": 1.0, "92": 1.0, "93": 1.0, "94": 0.7, "95": 1.0, "96": 1.0, "97": 0.6666666666666666, "98": 1.0, "99": 1.0, "101": 1.0, "103": 1.0, "104": 0.625, "106": 1.0, "107": 1.0, "108": 1.0, "110": 1.0, "111": 1.0, "112": 1.0, "113": 0.5263157894736842, "117": 1.0, "118": 1.0, "119": 1.0, "120": 1.0, "121": 1.0, "122": 0.625, "124": 1.0, "127": 1.0, "128": 1.0, "129": 1.0, "130": 1.0, "131": 1.0, "137": 1.0, "141": 1.0, "143": 1.0, "144": 1.0, "145": 0.5833333333333334, "146": 1.0, "147": 0.5357142857142857, "150": 1.0, "151": 1.0, "153": 1.0, "154": 1.0, "155": 0.6, "156": 1.0, "157": 0.5384615384615384, "158": 1.0, "159": 1.0}}, "320": {"FDR": 0.0, "Power": 0.6625, "Temporal_FDR": 0.0, "Temporal_Power": 0.6645161290322581, "Average_Window_FDR": 0.0, "Average_Window_Power": 0.886678679795395, "Window_Overlap": {"0": 0.6470588235294118, "2": 1.0, "3": 1.0, "6": 1.0, "7": 1.0, "8": 1.0, "9": 1.0, "10": 0.8333333333333333, "11": 0.8333333333333333, "12": 1.0, "14": 1.0, "15": 1.0, "16": 1.0, "18": 1.0, "19": 1.0, "20": 0.5555555555555556, "21": 1.0, "22": 1.0, "23": 0.5454545454545454, "25": 1.0, "26": 1.0, "27": 0.75, "28": 1.0, "30": 1.0, "32": 1.0, "33": 0.85, "36": 1.0, "38": 1.0, "40": 1.0, "42": 0.7142857142857143, "44": 0.5714285714285714, "46": 1.0, "47": 1.0, "48": 1.0, "50": 1.0, "51": 1.0, "52": 1.0, "53": 1.0, "55": 1.0, "58": 0.8636363636363636, "61": 1.0, "62": 1.0, "63": 0.75, "64": 1.0, "65": 1.0, "67": 1.0, "68": 1.0, "75": 1.0, "77": 0.6111111111111112, "78": 1.0, "79": 1.0, "80": 1.0, "81": 1.0, "82": 1.0, "83": 0.5263157894736842, "85": 1.0, "91": 1.0, "92": 1.0, "93": 1.0, "94": 0.7, "95": 1.0, "96": 1.0, "97": 0.8333333333333333, "98": 1.0, "99": 1.0, "101": 1.0, "103": 1.0, "104": 0.625, "106": 1.0, "107": 1.0, "108": 1.0, "110": 1.0, "111": 1.0, "112": 1.0, "113": 0.5263157894736842, "117": 1.0, "118": 1.0, "119": 1.0, "120": 1.0, "121": 1.0, "122": 0.625, "124": 1.0, "125": 0.8235294117647058, "127": 1.0, "128": 1.0, "129": 1.0, "130": 1.0, "131": 1.0, "137": 1.0, "141": 1.0, "143": 1.0, "144": 1.0, "145": 0.5833333333333334, "146": 1.0, "147": 0.5357142857142857, "150": 1.0, "151": 1.0, "153": 1.0, "154": 1.0, "155": 0.6, "156": 1.0, "157": 0.5384615384615384, "158": 1.0, "159": 1.0, "160": 0.5625, "162": 1.0, "164": 1.0, "165": 0.6818181818181819, "166": 1.0, "167": 1.0, "169": 0.5384615384615384, "170": 1.0, "171": 1.0, "172": 1.0, "174": 1.0, "176": 1.0, "177": 1.0, "179": 1.0, "182": 1.0, "184": 1.0, "185": 1.0, "186": 1.0, "188": 1.0, "190": 1.0, "191": 0.8846153846153846, "192": 0.5416666666666666, "193": 1.0, "195": 1.0, "196": 1.0, "197": 0.8125, "198": 1.0, "199": 1.0, "200": 1.0, "204": 1.0, "206": 1.0, "207": 1.0, "210": 1.0, "215": 1.0, "216": 1.0, "217": 1.0, "218": 1.0, "220": 1.0, "222": 1.0, "225": 1.0, "227": 1.0, "228": 1.0, "229": 1.0, "230": 1.0, "234": 1.0, "235": 1.0, "236": 1.0, "237": 0.5909090909090909, "239": 1.0, "240": 1.0, "242": 1.0, "243": 1.0, "245": 1.0, "246": 1.0, "248": 0.7666666666666666, "249": 1.0, "250": 1.0, "251": 1.0, "252": 1.0, "253": 0.5454545454545454, "256": 1.0, "257": 1.0, "259": 1.0, "261": 1.0, "262": 1.0, "263": 1.0, "264": 1.0, "265": 0.5833333333333334, "267": 1.0, "268": 1.0, "269": 1.0, "272": 1.0, "273": 1.0, "276": 1.0, "277": 1.0, "278": 0.7777777777777778, "279": 1.0, "280": 1.0, "281": 0.75, "282": 1.0, "283": 1.0, "284": 1.0, "286": 1.0, "287": 1.0, "288": 1.0, "289": 1.0, "290": 1.0, "291": 1.0, "293": 1.0, "299": 1.0, "300": 1.0, "301": 1.0, "303": 1.0, "305": 1.0, "306": 1.0, "307": 1.0, "308": 1.0, "310": 1.0, "314": 1.0, "315": 0.85, "316": 1.0, "317": 1.0}}}