{"DEFAULT": {"FDR": 0.0, "Power": 0.8, "Temporal_FDR": 0.0, "Temporal_Power": 0.8, "Average_Window_FDR": 0.0, "Average_Window_Power": 0.6813725490196078, "Window_Overlap": {"0": 0.8333333333333333, "2": 1.0, "4": 1.0, "5": 0.5294117647058824}}}