{"10": {"FDR": 0.0, "Power": 0.7, "Temporal_FDR": 0.0, "Temporal_Power": 0.6, "Average_Window_FDR": 0.0, "Average_Window_Power": 1.0, "Window_Overlap": {"0": 1.0, "2": 1.0, "3": 1.0, "4": 1.0, "6": 1.0, "9": 1.0}}, "20": {"FDR": 0.0, "Power": 0.7, "Temporal_FDR": 0.0, "Temporal_Power": 0.6, "Average_Window_FDR": 0.0, "Average_Window_Power": 0.961038961038961, "Window_Overlap": {"0": 1.0, "2": 1.0, "3": 1.0, "4": 0.9285714285714286, "6": 0.9545454545454546, "9": 1.0}}, "40": {"FDR": 0.0, "Power": 0.4, "Temporal_FDR": 0.0, "Temporal_Power": 0.4, "Average_Window_FDR": 0.0, "Average_Window_Power": 0.7578125, "Window_Overlap": {"0": 1.0, "2": 1.0, "3": 1.0, "5": 0.515625}}, "80": {"FDR": 0.0, "Power": 0.4, "Temporal_FDR": 0.0, "Temporal_Power": 0.4, "Average_Window_FDR": 0.0, "Average_Window_Power": 0.753968253968254, "Window_Overlap": {"0": 1.0, "2": 1.0, "3": 1.0, "5": 0.5079365079365079}}, "160": {"FDR": 0.0, "Power": 0.4, "Temporal_FDR": 0.0, "Temporal_Power": 0.4, "Average_Window_FDR": 0.0, "Average_Window_Power": 0.751984126984127, "Window_Overlap": {"0": 1.0, "2": 1.0, "3": 1.0, "5": 0.503968253968254}}, "320": {"FDR": 0.0, "Power": 0.4, "Temporal_FDR": 0.0, "Temporal_Power": 0.4, "Average_Window_FDR": 0.0, "Average_Window_Power": 0.6884920634920635, "Window_Overlap": {"0": 1.0, "2": 0.875, "3": 1.0, "5": 0.501984126984127}}}