{"10": {"FDR": 0.0, "Power": 0.6, "Temporal_FDR": 0.0, "Temporal_Power": 0.6, "Average_Window_FDR": 0.0, "Average_Window_Power": 0.6203703703703705, "Window_Overlap": {"0": 0.5833333333333334, "1": 1.0, "3": 1.0, "5": 1.0, "6": 0.6111111111111112, "8": 0.6666666666666666}}, "20": {"FDR": 0.0, "Power": 0.5, "Temporal_FDR": 0.0, "Temporal_Power": 0.5, "Average_Window_FDR": 0.0, "Average_Window_Power": 0.6545454545454545, "Window_Overlap": {"0": 0.5454545454545454, "1": 1.0, "5": 1.0, "6": 1.0, "8": 0.5909090909090909}}, "40": {"FDR": 0.0, "Power": 0.5, "Temporal_FDR": 0.0, "Temporal_Power": 0.5, "Average_Window_FDR": 0.0, "Average_Window_Power": 0.5872727272727272, "Window_Overlap": {"0": 0.525, "1": 1.0, "5": 1.0, "6": 0.875, "8": 0.5681818181818181}}, "80": {"FDR": 0.0, "Power": 0.5, "Temporal_FDR": 0.0, "Temporal_Power": 0.5, "Average_Window_FDR": 0.0, "Average_Window_Power": 0.5417186376794699, "Window_Overlap": {"0": 0.5263157894736842, "1": 1.0, "5": 1.0, "6": 0.7698412698412698, "8": 0.5581395348837209}}, "160": {"FDR": 0.0, "Power": 0.5, "Temporal_FDR": 0.0, "Temporal_Power": 0.5, "Average_Window_FDR": 0.0, "Average_Window_Power": 0.5061566820276499, "Window_Overlap": {"0": 0.52, "1": 1.0, "5": 1.0, "6": 0.7096774193548387, "8": 0.5357142857142857}}, "320": {"FDR": 0.0, "Power": 0.5, "Temporal_FDR": 0.0, "Temporal_Power": 0.5, "Average_Window_FDR": 0.0, "Average_Window_Power": 0.47065977411261767, "Window_Overlap": {"0": 0.5100671140939598, "1": 1.0, "5": 1.0, "6": 0.645748987854251, "8": 0.5208333333333334}}}