{"10": {"FDR": 0.0, "Power": 0.6, "Temporal_FDR": 0.0, "Temporal_Power": 0.75, "Average_Window_FDR": 0.0, "Average_Window_Power": 0.8339275103980986, "Window_Overlap": {"0": 1.0, "2": 0.7272727272727273, "5": 0.9411764705882353, "6": 0.8333333333333333, "7": 1.0, "9": 1.0}}, "20": {"FDR": 0.0, "Power": 0.6, "Temporal_FDR": 0.0, "Temporal_Power": 0.75, "Average_Window_FDR": 0.0, "Average_Window_Power": 0.8490790255496137, "Window_Overlap": {"0": 1.0, "2": 0.7727272727272727, "5": 0.9411764705882353, "6": 0.8333333333333333, "7": 1.0, "9": 1.0}}, "30": {"FDR": 0.0, "Power": 0.6, "Temporal_FDR": 0.0, "Temporal_Power": 0.75, "Average_Window_FDR": 0.0, "Average_Window_Power": 0.8490790255496137, "Window_Overlap": {"0": 1.0, "2": 0.7727272727272727, "5": 0.9411764705882353, "6": 0.8333333333333333, "7": 1.0, "9": 1.0}}, "40": {"FDR": 0.0, "Power": 0.6, "Temporal_FDR": 0.0, "Temporal_Power": 0.75, "Average_Window_FDR": 0.0, "Average_Window_Power": 0.8339275103980986, "Window_Overlap": {"0": 1.0, "2": 0.7272727272727273, "5": 0.9411764705882353, "6": 0.8333333333333333, "7": 1.0, "9": 1.0}}, "50": {"FDR": 0.0, "Power": 0.6, "Temporal_FDR": 0.0, "Temporal_Power": 0.75, "Average_Window_FDR": 0.0, "Average_Window_Power": 0.8490790255496137, "Window_Overlap": {"0": 1.0, "2": 0.7727272727272727, "5": 0.9411764705882353, "6": 0.8333333333333333, "7": 1.0, "9": 1.0}}}