{"10": {"FDR": 0.0, "Power": 0.8, "Temporal_FDR": 0.0, "Temporal_Power": 0.875, "Average_Window_FDR": 0.0, "Average_Window_Power": 0.8571428571428571, "Window_Overlap": {"1": 1.0, "2": 0.75, "3": 1.0, "4": 1.0, "5": 0.75, "7": 1.0, "9": 1.0}}, "20": {"FDR": 0.0, "Power": 0.6, "Temporal_FDR": 0.0, "Temporal_Power": 0.6111111111111112, "Average_Window_FDR": 0.0, "Average_Window_Power": 0.8727272727272727, "Window_Overlap": {"1": 1.0, "2": 0.75, "3": 1.0, "4": 1.0, "5": 0.75, "7": 1.0, "9": 1.0, "10": 1.0, "11": 1.0, "18": 0.8, "19": 1.0}}, "40": {"FDR": 0.0, "Power": 0.65, "Temporal_FDR": 0.0, "Temporal_Power": 0.6944444444444444, "Average_Window_FDR": 0.0, "Average_Window_Power": 0.8737222222222222, "Window_Overlap": {"1": 1.0, "2": 0.75, "3": 1.0, "4": 1.0, "5": 0.75, "7": 1.0, "9": 1.0, "10": 1.0, "11": 1.0, "18": 0.75, "19": 1.0, "20": 1.0, "21": 1.0, "22": 0.8, "23": 1.0, "24": 0.5277777777777778, "28": 1.0, "29": 1.0, "30": 1.0, "31": 1.0, "33": 1.0, "34": 0.84375, "36": 1.0, "38": 1.0, "39": 1.0}}, "80": {"FDR": 0.0, "Power": 0.7625, "Temporal_FDR": 0.0, "Temporal_Power": 0.76, "Average_Window_FDR": 0.0, "Average_Window_Power": 1.0, "Window_Overlap": {"1": 1.0, "2": 1.0, "3": 1.0, "4": 1.0, "5": 1.0, "7": 1.0, "9": 1.0, "10": 1.0, "11": 1.0, "12": 1.0, "14": 1.0, "18": 1.0, "19": 1.0, "20": 1.0, "21": 1.0, "22": 1.0, "23": 1.0, "24": 1.0, "28": 1.0, "29": 1.0, "30": 1.0, "31": 1.0, "32": 1.0, "33": 1.0, "34": 1.0, "36": 1.0, "38": 1.0, "39": 1.0, "40": 1.0, "42": 1.0, "45": 1.0, "46": 1.0, "47": 1.0, "48": 1.0, "49": 1.0, "51": 1.0, "52": 1.0, "53": 1.0, "54": 1.0, "55": 1.0, "56": 1.0, "57": 1.0, "58": 1.0, "59": 1.0, "60": 1.0, "61": 1.0, "63": 1.0, "66": 1.0, "67": 1.0, "68": 1.0, "70": 1.0, "71": 1.0, "72": 1.0, "74": 1.0, "75": 1.0, "76": 1.0, "77": 1.0}}, "160": {"FDR": 0.0, "Power": 0.6625, "Temporal_FDR": 0.0, "Temporal_Power": 0.6776315789473685, "Average_Window_FDR": 0.0, "Average_Window_Power": 0.8875165232318288, "Window_Overlap": {"1": 1.0, "2": 0.75, "3": 1.0, "4": 1.0, "5": 0.75, "7": 1.0, "9": 1.0, "10": 1.0, "11": 1.0, "18": 0.75, "19": 1.0, "20": 1.0, "21": 1.0, "22": 0.9, "23": 1.0, "24": 0.5277777777777778, "28": 1.0, "29": 1.0, "30": 1.0, "31": 1.0, "33": 1.0, "34": 0.90625, "36": 1.0, "38": 1.0, "39": 1.0, "40": 1.0, "42": 1.0, "45": 0.5454545454545454, "46": 1.0, "47": 1.0, "48": 1.0, "49": 1.0, "51": 1.0, "53": 1.0, "54": 1.0, "55": 1.0, "56": 0.8333333333333333, "57": 1.0, "59": 0.9583333333333333, "60": 1.0, "61": 1.0, "63": 1.0, "66": 1.0, "67": 1.0, "68": 0.5833333333333334, "70": 1.0, "71": 1.0, "72": 1.0, "74": 1.0, "75": 1.0, "76": 1.0, "77": 1.0, "83": 0.5555555555555556, "84": 1.0, "85": 1.0, "86": 1.0, "87": 1.0, "89": 1.0, "91": 1.0, "92": 1.0, "94": 1.0, "97": 1.0, "98": 0.55, "99": 1.0, "100": 1.0, "101": 1.0, "103": 1.0, "104": 1.0, "105": 0.9090909090909092, "106": 1.0, "107": 1.0, "108": 0.9545454545454546, "109": 1.0, "111": 1.0, "112": 1.0, "113": 1.0, "114": 1.0, "115": 1.0, "116": 0.5357142857142857, "119": 1.0, "121": 0.5555555555555556, "123": 1.0, "125": 0.5294117647058824, "127": 0.5833333333333334, "128": 1.0, "129": 1.0, "130": 1.0, "132": 1.0, "135": 1.0, "136": 1.0, "137": 1.0, "139": 1.0, "141": 1.0, "143": 1.0, "146": 1.0, "147": 1.0, "148": 0.5294117647058824, "150": 1.0, "153": 1.0, "154": 1.0, "155": 1.0, "158": 1.0, "159": 1.0}}, "320": {"FDR": 0.0, "Power": 0.64375, "Temporal_FDR": 0.0, "Temporal_Power": 0.6547231270358306, "Average_Window_FDR": 0.0, "Average_Window_Power": 0.8827926248141349, "Window_Overlap": {"1": 1.0, "2": 0.75, "3": 1.0, "4": 1.0, "5": 0.75, "7": 1.0, "9": 1.0, "10": 1.0, "11": 1.0, "18": 0.75, "19": 1.0, "20": 1.0, "21": 1.0, "22": 0.85, "23": 1.0, "24": 0.5277777777777778, "28": 1.0, "29": 1.0, "30": 1.0, "31": 1.0, "33": 1.0, "34": 0.78125, "36": 1.0, "38": 1.0, "39": 1.0, "40": 1.0, "42": 1.0, "45": 0.5454545454545454, "46": 1.0, "47": 1.0, "48": 1.0, "49": 1.0, "51": 1.0, "53": 1.0, "54": 1.0, "55": 1.0, "56": 0.8, "57": 1.0, "59": 0.7916666666666667, "60": 1.0, "61": 1.0, "63": 1.0, "66": 1.0, "67": 1.0, "68": 0.5833333333333334, "70": 1.0, "71": 1.0, "72": 1.0, "74": 1.0, "75": 1.0, "76": 1.0, "77": 1.0, "83": 0.5555555555555556, "84": 1.0, "85": 1.0, "86": 1.0, "87": 1.0, "89": 1.0, "91": 1.0, "92": 1.0, "94": 1.0, "97": 1.0, "98": 0.55, "99": 1.0, "100": 1.0, "101": 1.0, "103": 1.0, "104": 1.0, "105": 0.9090909090909092, "106": 1.0, "107": 1.0, "108": 1.0, "109": 1.0, "111": 1.0, "112": 1.0, "113": 1.0, "114": 1.0, "115": 1.0, "116": 0.5357142857142857, "119": 1.0, "121": 0.5555555555555556, "123": 1.0, "125": 0.5294117647058824, "127": 0.5833333333333334, "128": 1.0, "129": 1.0, "130": 1.0, "132": 1.0, "135": 1.0, "136": 1.0, "137": 1.0, "139": 1.0, "141": 1.0, "143": 1.0, "146": 1.0, "147": 1.0, "148": 0.5294117647058824, "150": 1.0, "153": 1.0, "154": 1.0, "155": 1.0, "159": 1.0, "161": 1.0, "162": 1.0, "164": 1.0, "166": 1.0, "167": 1.0, "170": 1.0, "171": 1.0, "172": 1.0, "173": 1.0, "178": 1.0, "182": 0.5625, "183": 1.0, "185": 0.9375, "186": 0.5416666666666666, "187": 1.0, "190": 1.0, "191": 0.9, "193": 1.0, "197": 1.0, "198": 1.0, "200": 1.0, "209": 1.0, "210": 1.0, "211": 1.0, "212": 0.625, "213": 1.0, "215": 1.0, "216": 0.5909090909090909, "218": 1.0, "219": 0.53125, "221": 1.0, "222": 1.0, "223": 1.0, "224": 0.5625, "225": 1.0, "228": 1.0, "229": 1.0, "231": 1.0, "233": 1.0, "234": 1.0, "238": 1.0, "239": 1.0, "241": 1.0, "242": 0.9, "244": 1.0, "245": 1.0, "246": 1.0, "247": 1.0, "248": 1.0, "249": 1.0, "250": 1.0, "251": 0.6333333333333333, "253": 1.0, "254": 1.0, "255": 0.8823529411764706, "256": 1.0, "258": 1.0, "259": 1.0, "260": 1.0, "263": 1.0, "264": 1.0, "265": 0.90625, "266": 1.0, "267": 1.0, "269": 1.0, "271": 0.6875, "273": 1.0, "276": 1.0, "277": 1.0, "278": 1.0, "279": 1.0, "280": 1.0, "283": 0.7857142857142857, "284": 1.0, "285": 1.0, "286": 1.0, "287": 1.0, "288": 1.0, "289": 0.75, "290": 1.0, "292": 1.0, "294": 0.5833333333333334, "295": 1.0, "296": 0.7222222222222222, "298": 1.0, "300": 0.5625, "303": 1.0, "304": 1.0, "305": 1.0, "306": 1.0, "307": 1.0, "308": 1.0, "309": 1.0, "311": 1.0, "312": 1.0, "313": 1.0, "314": 0.6785714285714286, "317": 1.0, "319": 1.0}}}