{"10": {"FDR": 0.0, "Power": 0.8, "Temporal_FDR": 0.0, "Temporal_Power": 0.8, "Average_Window_FDR": 0.0, "Average_Window_Power": 1.0, "Window_Overlap": {"1": 1.0, "2": 1.0, "3": 1.0, "4": 1.0, "5": 1.0, "7": 1.0, "8": 1.0, "9": 1.0}}, "20": {"FDR": 0.0, "Power": 0.7, "Temporal_FDR": 0.0, "Temporal_Power": 0.7, "Average_Window_FDR": 0.0, "Average_Window_Power": 1.0, "Window_Overlap": {"1": 1.0, "2": 1.0, "3": 1.0, "4": 1.0, "7": 1.0, "8": 1.0, "9": 1.0}}, "40": {"FDR": 0.0, "Power": 0.7, "Temporal_FDR": 0.0, "Temporal_Power": 0.7, "Average_Window_FDR": 0.0, "Average_Window_Power": 0.964935064935065, "Window_Overlap": {"1": 1.0, "2": 1.0, "3": 0.9772727272727273, "4": 1.0, "7": 1.0, "8": 0.9, "9": 1.0}}, "80": {"FDR": 0.0, "Power": 0.7, "Temporal_FDR": 0.0, "Temporal_Power": 0.7, "Average_Window_FDR": 0.0, "Average_Window_Power": 0.8159662169952726, "Window_Overlap": {"1": 1.0, "2": 1.0, "3": 0.7619047619047619, "4": 1.0, "7": 1.0, "8": 0.7457627118644068, "9": 0.8482142857142857}}, "160": {"FDR": 0.0, "Power": 0.7, "Temporal_FDR": 0.0, "Temporal_Power": 0.7, "Average_Window_FDR": 0.0, "Average_Window_Power": 0.6934702476871152, "Window_Overlap": {"1": 1.0, "2": 1.0, "3": 0.6626506024096386, "4": 1.0, "7": 1.0, "8": 0.6068376068376068, "9": 0.6576576576576576}}, "320": {"FDR": 0.0, "Power": 0.7, "Temporal_FDR": 0.0, "Temporal_Power": 0.7, "Average_Window_FDR": 0.0, "Average_Window_Power": 0.6368281218066626, "Window_Overlap": {"1": 1.0, "2": 1.0, "3": 0.5757575757575758, "4": 1.0, "7": 1.0, "8": 0.5622317596566524, "9": 0.5909090909090909}}}