{"10": {"FDR": 0.0, "Power": 0.9, "Temporal_FDR": 0.0, "Temporal_Power": 0.9, "Average_Window_FDR": 0.0, "Average_Window_Power": 1.0, "Window_Overlap": {"0": 1.0, "1": 1.0, "2": 1.0, "3": 1.0, "4": 1.0, "6": 1.0, "7": 1.0, "8": 1.0, "9": 1.0}}, "20": {"FDR": 0.0, "Power": 0.75, "Temporal_FDR": 0.0, "Temporal_Power": 0.75, "Average_Window_FDR": 0.0, "Average_Window_Power": 1.0, "Window_Overlap": {"0": 1.0, "1": 1.0, "2": 1.0, "3": 1.0, "4": 1.0, "6": 1.0, "7": 1.0, "8": 1.0, "9": 1.0, "10": 1.0, "11": 1.0, "13": 1.0, "15": 1.0, "16": 1.0, "18": 1.0}}, "40": {"FDR": 0.0, "Power": 0.775, "Temporal_FDR": 0.0, "Temporal_Power": 0.775, "Average_Window_FDR": 0.0, "Average_Window_Power": 1.0, "Window_Overlap": {"0": 1.0, "1": 1.0, "2": 1.0, "3": 1.0, "4": 1.0, "6": 1.0, "7": 1.0, "8": 1.0, "9": 1.0, "10": 1.0, "11": 1.0, "13": 1.0, "15": 1.0, "16": 1.0, "18": 1.0, "20": 1.0, "21": 1.0, "22": 1.0, "23": 1.0, "24": 1.0, "25": 1.0, "26": 1.0, "28": 1.0, "29": 1.0, "30": 1.0, "32": 1.0, "33": 1.0, "34": 1.0, "35": 1.0, "37": 1.0, "38": 1.0}}, "80": {"FDR": 0.0, "Power": 0.6875, "Temporal_FDR": 0.0, "Temporal_Power": 0.6962025316455697, "Average_Window_FDR": 0.0, "Average_Window_Power": 0.8123583145909349, "Window_Overlap": {"0": 1.0, "1": 0.75, "2": 0.6176470588235294, "3": 0.9615384615384616, "4": 0.5454545454545454, "6": 0.6, "7": 1.0, "8": 1.0, "9": 0.5833333333333334, "10": 1.0, "11": 1.0, "13": 1.0, "15": 1.0, "16": 0.6818181818181819, "18": 1.0, "20": 0.8, "21": 1.0, "22": 0.7727272727272727, "23": 1.0, "24": 0.5833333333333334, "26": 1.0, "28": 0.5454545454545454, "30": 1.0, "32": 1.0, "33": 1.0, "34": 1.0, "35": 1.0, "40": 1.0, "41": 1.0, "43": 1.0, "47": 1.0, "49": 1.0, "50": 1.0, "52": 1.0, "53": 1.0, "54": 1.0, "55": 0.5666666666666667, "56": 1.0, "57": 0.75, "58": 0.6, "59": 0.90625, "60": 1.0, "61": 1.0, "62": 1.0, "64": 1.0, "65": 1.0, "67": 1.0, "68": 1.0, "69": 1.0, "71": 0.6470588235294118, "72": 1.0, "74": 0.9285714285714286, "75": 1.0, "77": 1.0, "79": 1.0}}, "160": {"FDR": 0.0, "Power": 0.64375, "Temporal_FDR": 0.0, "Temporal_Power": 0.6474358974358975, "Average_Window_FDR": 0.0, "Average_Window_Power": 0.8339560951893509, "Window_Overlap": {"0": 1.0, "1": 0.78125, "2": 0.6176470588235294, "3": 1.0, "4": 0.5454545454545454, "6": 0.6, "7": 1.0, "8": 1.0, "9": 0.5833333333333334, "10": 1.0, "11": 1.0, "13": 1.0, "15": 1.0, "16": 0.6818181818181819, "18": 1.0, "20": 0.8, "21": 1.0, "22": 0.7727272727272727, "23": 1.0, "24": 0.5833333333333334, "26": 1.0, "28": 0.5454545454545454, "30": 1.0, "32": 1.0, "33": 1.0, "34": 1.0, "35": 1.0, "40": 1.0, "41": 1.0, "43": 1.0, "47": 1.0, "49": 1.0, "50": 1.0, "52": 1.0, "53": 1.0, "54": 1.0, "55": 0.6, "56": 1.0, "57": 1.0, "58": 0.6, "59": 0.9375, "60": 1.0, "61": 1.0, "62": 1.0, "64": 1.0, "65": 1.0, "67": 1.0, "68": 1.0, "69": 1.0, "71": 0.6176470588235294, "72": 1.0, "74": 0.9285714285714286, "75": 1.0, "77": 1.0, "79": 1.0, "81": 1.0, "83": 1.0, "85": 0.7777777777777778, "86": 1.0, "87": 1.0, "89": 1.0, "90": 1.0, "91": 1.0, "92": 1.0, "95": 1.0, "98": 1.0, "99": 0.5588235294117647, "103": 1.0, "104": 0.5454545454545454, "105": 0.75, "107": 1.0, "108": 1.0, "109": 0.6666666666666666, "110": 1.0, "115": 1.0, "117": 1.0, "118": 1.0, "121": 1.0, "123": 1.0, "125": 1.0, "127": 1.0, "129": 0.5625, "130": 1.0, "132": 1.0, "133": 1.0, "135": 1.0, "136": 0.5294117647058824, "137": 1.0, "139": 1.0, "140": 0.9, "142": 1.0, "143": 1.0, "145": 1.0, "146": 1.0, "147": 0.5294117647058824, "149": 1.0, "150": 0.6, "151": 1.0, "155": 1.0, "158": 1.0, "159": 1.0}}, "320": {"FDR": 0.0, "Power": 0.64375, "Temporal_FDR": 0.0, "Temporal_Power": 0.6496815286624203, "Average_Window_FDR": 0.0, "Average_Window_Power": 0.8417347752504145, "Window_Overlap": {"0": 1.0, "1": 0.78125, "2": 0.6176470588235294, "3": 0.9615384615384616, "4": 0.5454545454545454, "6": 0.6, "7": 1.0, "8": 1.0, "9": 0.5833333333333334, "10": 1.0, "11": 1.0, "13": 1.0, "15": 1.0, "16": 0.6818181818181819, "18": 1.0, "20": 0.8, "21": 1.0, "22": 0.7727272727272727, "23": 1.0, "24": 0.5833333333333334, "26": 1.0, "28": 0.5454545454545454, "30": 1.0, "32": 1.0, "33": 1.0, "34": 1.0, "35": 1.0, "40": 1.0, "41": 1.0, "43": 1.0, "47": 1.0, "49": 1.0, "50": 1.0, "52": 1.0, "53": 1.0, "54": 1.0, "55": 0.5666666666666667, "56": 1.0, "57": 1.0, "58": 0.6, "59": 0.9375, "60": 1.0, "61": 1.0, "62": 1.0, "64": 1.0, "65": 1.0, "67": 1.0, "68": 1.0, "69": 1.0, "71": 0.6176470588235294, "72": 1.0, "74": 0.9285714285714286, "75": 1.0, "77": 1.0, "79": 1.0, "81": 1.0, "83": 1.0, "85": 0.7222222222222222, "86": 1.0, "87": 1.0, "89": 1.0, "90": 1.0, "91": 1.0, "92": 1.0, "95": 1.0, "98": 1.0, "99": 0.5588235294117647, "103": 1.0, "104": 0.5454545454545454, "107": 1.0, "108": 1.0, "109": 0.6666666666666666, "110": 1.0, "115": 1.0, "117": 1.0, "118": 1.0, "121": 1.0, "123": 1.0, "125": 1.0, "127": 1.0, "129": 0.5625, "130": 1.0, "132": 1.0, "133": 1.0, "135": 1.0, "136": 0.5294117647058824, "137": 1.0, "139": 1.0, "142": 1.0, "143": 1.0, "145": 1.0, "146": 1.0, "147": 0.5294117647058824, "148": 0.9583333333333333, "149": 1.0, "150": 0.6, "151": 1.0, "155": 1.0, "158": 1.0, "159": 1.0, "160": 0.5263157894736842, "161": 1.0, "162": 1.0, "163": 1.0, "167": 0.5625, "168": 1.0, "169": 1.0, "170": 1.0, "171": 1.0, "172": 0.6, "173": 1.0, "174": 0.75, "175": 1.0, "176": 1.0, "178": 0.9, "180": 0.6, "183": 1.0, "184": 1.0, "186": 1.0, "187": 0.625, "189": 0.5357142857142857, "190": 1.0, "191": 1.0, "193": 1.0, "194": 1.0, "195": 1.0, "197": 1.0, "198": 1.0, "201": 1.0, "202": 1.0, "203": 1.0, "204": 1.0, "205": 1.0, "206": 1.0, "209": 0.8, "210": 1.0, "211": 0.5714285714285714, "212": 1.0, "213": 1.0, "214": 0.5357142857142857, "215": 0.5666666666666667, "217": 1.0, "219": 1.0, "220": 1.0, "222": 1.0, "223": 1.0, "224": 1.0, "226": 0.75, "227": 1.0, "228": 0.6666666666666666, "230": 1.0, "232": 1.0, "233": 1.0, "236": 1.0, "240": 1.0, "242": 1.0, "244": 1.0, "245": 1.0, "246": 1.0, "247": 0.75, "249": 1.0, "251": 1.0, "252": 1.0, "253": 1.0, "254": 1.0, "255": 1.0, "256": 0.9166666666666667, "257": 1.0, "259": 0.9285714285714286, "260": 0.8333333333333333, "262": 1.0, "263": 1.0, "264": 0.6666666666666666, "265": 1.0, "266": 1.0, "267": 1.0, "268": 1.0, "271": 1.0, "275": 1.0, "277": 1.0, "283": 1.0, "284": 1.0, "286": 1.0, "287": 1.0, "289": 1.0, "293": 1.0, "294": 1.0, "295": 0.55, "297": 0.5454545454545454, "298": 1.0, "299": 1.0, "301": 1.0, "303": 1.0, "304": 1.0, "305": 1.0, "307": 1.0, "308": 1.0, "310": 1.0, "311": 0.8125, "312": 1.0, "313": 1.0, "314": 0.5416666666666666, "316": 0.5263157894736842, "318": 1.0}}}