{"10": {"FDR": 0.0, "Power": 0.7, "Temporal_FDR": 0.0, "Temporal_Power": 0.75, "Average_Window_FDR": 0.0, "Average_Window_Power": 1.0, "Window_Overlap": {"0": 1.0, "2": 1.0, "5": 1.0, "6": 1.0, "7": 1.0, "9": 1.0}}, "20": {"FDR": 0.0, "Power": 0.6, "Temporal_FDR": 0.0, "Temporal_Power": 0.75, "Average_Window_FDR": 0.0, "Average_Window_Power": 0.8339275103980986, "Window_Overlap": {"0": 1.0, "2": 0.7272727272727273, "5": 0.9411764705882353, "6": 0.8333333333333333, "7": 1.0, "9": 1.0}}, "40": {"FDR": 0.0, "Power": 0.4, "Temporal_FDR": 0.0, "Temporal_Power": 0.4444444444444444, "Average_Window_FDR": 0.0, "Average_Window_Power": 0.8484848484848485, "Window_Overlap": {"0": 1.0, "5": 0.696969696969697, "7": 1.0, "9": 1.0}}, "80": {"FDR": 0.0, "Power": 0.4, "Temporal_FDR": 0.0, "Temporal_Power": 0.4444444444444444, "Average_Window_FDR": 0.0, "Average_Window_Power": 0.8076923076923077, "Window_Overlap": {"0": 1.0, "5": 0.6153846153846154, "7": 1.0, "9": 1.0}}, "160": {"FDR": 0.0, "Power": 0.4, "Temporal_FDR": 0.0, "Temporal_Power": 0.4444444444444444, "Average_Window_FDR": 0.0, "Average_Window_Power": 0.7771317829457365, "Window_Overlap": {"0": 1.0, "5": 0.5542635658914729, "7": 1.0, "9": 1.0}}, "320": {"FDR": 0.0, "Power": 0.4, "Temporal_FDR": 0.0, "Temporal_Power": 0.4444444444444444, "Average_Window_FDR": 0.0, "Average_Window_Power": 0.7645914396887159, "Window_Overlap": {"0": 1.0, "5": 0.5291828793774319, "7": 1.0, "9": 1.0}}}