{"10": {"FDR": 0.0, "Power": 0.9, "Temporal_FDR": 0.0, "Temporal_Power": 0.9, "Average_Window_FDR": 0.0, "Average_Window_Power": 1.0, "Window_Overlap": {"0": 1.0, "1": 1.0, "2": 1.0, "4": 1.0, "5": 1.0, "6": 1.0, "7": 1.0, "8": 1.0, "9": 1.0}}, "20": {"FDR": 0.0, "Power": 0.8, "Temporal_FDR": 0.0, "Temporal_Power": 0.7894736842105263, "Average_Window_FDR": 0.0, "Average_Window_Power": 0.9843137254901961, "Window_Overlap": {"0": 1.0, "1": 1.0, "2": 1.0, "5": 1.0, "6": 1.0, "7": 1.0, "8": 0.8823529411764706, "9": 1.0, "11": 1.0, "12": 1.0, "13": 1.0, "14": 1.0, "15": 1.0, "18": 1.0, "19": 1.0}}, "40": {"FDR": 0.0, "Power": 0.75, "Temporal_FDR": 0.0, "Temporal_Power": 0.7435897435897436, "Average_Window_FDR": 0.0, "Average_Window_Power": 1.0, "Window_Overlap": {"0": 1.0, "1": 1.0, "2": 1.0, "4": 1.0, "5": 1.0, "6": 1.0, "7": 1.0, "8": 1.0, "9": 1.0, "11": 1.0, "12": 1.0, "13": 1.0, "14": 1.0, "15": 1.0, "17": 1.0, "18": 1.0, "19": 1.0, "22": 1.0, "23": 1.0, "24": 1.0, "25": 1.0, "27": 1.0, "28": 1.0, "29": 1.0, "31": 1.0, "32": 1.0, "35": 1.0, "37": 1.0, "39": 1.0}}, "80": {"FDR": 0.0, "Power": 0.6125, "Temporal_FDR": 0.0, "Temporal_Power": 0.6103896103896104, "Average_Window_FDR": 0.0, "Average_Window_Power": 0.9739257405089695, "Window_Overlap": {"0": 1.0, "1": 1.0, "2": 1.0, "5": 1.0, "6": 1.0, "7": 1.0, "8": 0.9705882352941176, "9": 1.0, "11": 1.0, "12": 1.0, "13": 1.0, "14": 1.0, "15": 1.0, "18": 1.0, "19": 1.0, "22": 1.0, "24": 1.0, "25": 1.0, "27": 1.0, "28": 1.0, "29": 1.0, "31": 1.0, "32": 1.0, "35": 1.0, "37": 1.0, "39": 1.0, "40": 1.0, "41": 1.0, "42": 1.0, "44": 1.0, "45": 1.0, "46": 1.0, "47": 1.0, "49": 1.0, "51": 1.0, "54": 1.0, "57": 1.0, "58": 1.0, "59": 1.0, "60": 1.0, "68": 1.0, "69": 1.0, "70": 1.0, "73": 0.6666666666666666, "75": 1.0, "78": 0.75, "79": 1.0}}, "160": {"FDR": 0.0, "Power": 0.6625, "Temporal_FDR": 0.0, "Temporal_Power": 0.6624203821656051, "Average_Window_FDR": 0.0, "Average_Window_Power": 0.903498711883893, "Window_Overlap": {"0": 1.0, "1": 1.0, "2": 1.0, "5": 1.0, "6": 1.0, "7": 1.0, "8": 0.8529411764705883, "9": 1.0, "11": 1.0, "12": 1.0, "13": 1.0, "14": 1.0, "15": 1.0, "18": 1.0, "19": 1.0, "22": 1.0, "24": 1.0, "25": 1.0, "27": 1.0, "28": 1.0, "29": 1.0, "31": 1.0, "32": 1.0, "35": 1.0, "37": 1.0, "39": 1.0, "40": 1.0, "41": 1.0, "42": 1.0, "44": 1.0, "45": 0.9666666666666667, "46": 1.0, "47": 1.0, "49": 1.0, "51": 1.0, "54": 1.0, "57": 1.0, "58": 1.0, "59": 1.0, "60": 1.0, "68": 1.0, "69": 1.0, "70": 1.0, "73": 0.6666666666666666, "75": 1.0, "78": 0.875, "79": 1.0, "81": 1.0, "82": 1.0, "84": 1.0, "85": 1.0, "86": 1.0, "87": 0.5625, "89": 1.0, "90": 1.0, "91": 1.0, "92": 1.0, "96": 1.0, "101": 1.0, "103": 1.0, "104": 1.0, "106": 1.0, "107": 0.5384615384615384, "108": 1.0, "109": 0.5833333333333334, "110": 1.0, "111": 1.0, "113": 1.0, "115": 1.0, "116": 0.75, "118": 1.0, "119": 1.0, "120": 0.6363636363636364, "123": 1.0, "124": 1.0, "125": 1.0, "126": 1.0, "127": 1.0, "128": 1.0, "129": 1.0, "130": 1.0, "131": 1.0, "132": 1.0, "133": 0.5625, "134": 1.0, "135": 0.875, "136": 0.6071428571428571, "137": 1.0, "138": 1.0, "139": 0.55, "140": 1.0, "142": 1.0, "143": 1.0, "144": 1.0, "146": 0.75, "147": 1.0, "152": 0.5625, "153": 1.0, "154": 1.0, "155": 1.0, "156": 1.0, "157": 1.0, "158": 1.0, "159": 0.6428571428571428}}, "320": {"FDR": 0.0, "Power": 0.65625, "Temporal_FDR": 0.0, "Temporal_Power": 0.653968253968254, "Average_Window_FDR": 0.0, "Average_Window_Power": 0.905662633657351, "Window_Overlap": {"0": 1.0, "1": 1.0, "2": 1.0, "5": 1.0, "6": 1.0, "7": 1.0, "8": 0.9705882352941176, "9": 1.0, "11": 1.0, "12": 1.0, "13": 1.0, "14": 1.0, "15": 1.0, "18": 1.0, "19": 1.0, "22": 1.0, "24": 1.0, "25": 1.0, "27": 1.0, "28": 1.0, "29": 1.0, "31": 1.0, "32": 1.0, "35": 1.0, "37": 1.0, "39": 1.0, "40": 1.0, "41": 1.0, "42": 1.0, "44": 1.0, "45": 0.9333333333333333, "46": 1.0, "47": 1.0, "49": 1.0, "51": 1.0, "54": 1.0, "57": 1.0, "58": 1.0, "59": 1.0, "60": 1.0, "68": 1.0, "69": 1.0, "70": 1.0, "73": 0.6666666666666666, "75": 1.0, "78": 0.875, "79": 1.0, "81": 1.0, "82": 1.0, "84": 1.0, "85": 1.0, "86": 1.0, "87": 0.5625, "89": 1.0, "90": 1.0, "91": 0.95, "92": 1.0, "96": 1.0, "101": 1.0, "103": 1.0, "104": 1.0, "106": 1.0, "107": 0.5384615384615384, "108": 1.0, "109": 0.5833333333333334, "110": 1.0, "111": 1.0, "113": 1.0, "115": 1.0, "116": 0.75, "118": 1.0, "119": 1.0, "120": 0.6363636363636364, "123": 1.0, "124": 1.0, "125": 1.0, "126": 1.0, "127": 1.0, "128": 1.0, "129": 1.0, "130": 1.0, "131": 1.0, "132": 1.0, "133": 0.5625, "134": 1.0, "135": 0.875, "136": 0.6071428571428571, "137": 1.0, "138": 1.0, "139": 0.55, "140": 1.0, "142": 1.0, "143": 1.0, "144": 1.0, "146": 0.75, "147": 1.0, "152": 0.5625, "153": 1.0, "154": 1.0, "155": 1.0, "156": 1.0, "157": 1.0, "158": 0.9285714285714286, "159": 0.6428571428571428, "161": 0.6666666666666666, "164": 1.0, "167": 1.0, "168": 1.0, "169": 1.0, "172": 0.55, "173": 1.0, "174": 0.8636363636363636, "177": 1.0, "178": 1.0, "179": 1.0, "180": 1.0, "183": 1.0, "184": 1.0, "185": 0.5769230769230769, "186": 1.0, "187": 0.5714285714285714, "188": 1.0, "191": 1.0, "193": 1.0, "198": 1.0, "199": 1.0, "200": 1.0, "201": 1.0, "203": 1.0, "204": 1.0, "206": 1.0, "207": 1.0, "209": 1.0, "210": 1.0, "211": 1.0, "212": 1.0, "213": 1.0, "215": 1.0, "216": 0.5833333333333334, "218": 1.0, "221": 1.0, "223": 1.0, "224": 1.0, "227": 1.0, "228": 0.8888888888888888, "229": 1.0, "230": 1.0, "233": 0.5454545454545454, "234": 1.0, "238": 1.0, "241": 1.0, "242": 1.0, "244": 1.0, "246": 1.0, "247": 1.0, "248": 1.0, "250": 1.0, "251": 1.0, "256": 1.0, "257": 1.0, "260": 0.55, "261": 1.0, "262": 1.0, "263": 1.0, "264": 1.0, "267": 1.0, "271": 1.0, "272": 1.0, "273": 1.0, "274": 0.5714285714285714, "276": 1.0, "278": 1.0, "279": 1.0, "280": 1.0, "281": 1.0, "282": 1.0, "283": 1.0, "284": 1.0, "285": 1.0, "287": 1.0, "290": 1.0, "292": 1.0, "293": 1.0, "294": 1.0, "295": 1.0, "296": 1.0, "297": 1.0, "298": 0.625, "299": 1.0, "300": 0.8, "301": 1.0, "302": 1.0, "303": 1.0, "306": 1.0, "307": 1.0, "308": 0.96875, "309": 1.0, "310": 1.0, "312": 1.0, "313": 1.0, "314": 1.0, "315": 1.0, "316": 1.0, "317": 1.0, "318": 0.5769230769230769, "319": 1.0}}}