{"10": {"FDR": 0.0, "Power": 0.6, "Temporal_FDR": 0.0, "Temporal_Power": 0.6, "Average_Window_FDR": 0.0, "Average_Window_Power": 0.9444444444444443, "Window_Overlap": {"0": 1.0, "1": 0.8333333333333333, "2": 1.0, "4": 1.0, "5": 1.0, "8": 1.0}}, "20": {"FDR": 0.0, "Power": 0.65, "Temporal_FDR": 0.0, "Temporal_Power": 0.65, "Average_Window_FDR": 0.0, "Average_Window_Power": 0.9358974358974359, "Window_Overlap": {"0": 1.0, "1": 0.8333333333333333, "2": 1.0, "4": 1.0, "5": 1.0, "8": 1.0, "10": 1.0, "12": 1.0, "14": 1.0, "15": 1.0, "16": 1.0, "18": 1.0, "19": 0.75}}, "40": {"FDR": 0.0, "Power": 0.625, "Temporal_FDR": 0.0, "Temporal_Power": 0.6153846153846154, "Average_Window_FDR": 0.0, "Average_Window_Power": 0.8574891067538126, "Window_Overlap": {"0": 1.0, "1": 0.8333333333333333, "2": 1.0, "4": 1.0, "5": 1.0, "8": 1.0, "10": 1.0, "12": 1.0, "14": 1.0, "15": 0.8666666666666667, "16": 1.0, "18": 1.0, "19": 0.75, "21": 1.0, "22": 1.0, "23": 1.0, "26": 0.5555555555555556, "28": 1.0, "29": 0.6666666666666666, "33": 1.0, "34": 1.0, "36": 1.0, "37": 0.6176470588235294, "38": 1.0}}, "80": {"FDR": 0.0, "Power": 0.7375, "Temporal_FDR": 0.0, "Temporal_Power": 0.7435897435897436, "Average_Window_FDR": 0.0, "Average_Window_Power": 1.0, "Window_Overlap": {"0": 1.0, "1": 1.0, "2": 1.0, "4": 1.0, "5": 1.0, "7": 1.0, "8": 1.0, "10": 1.0, "12": 1.0, "14": 1.0, "15": 1.0, "16": 1.0, "18": 1.0, "19": 1.0, "21": 1.0, "22": 1.0, "23": 1.0, "26": 1.0, "28": 1.0, "29": 1.0, "30": 1.0, "31": 1.0, "33": 1.0, "34": 1.0, "35": 1.0, "36": 1.0, "37": 1.0, "38": 1.0, "40": 1.0, "41": 1.0, "42": 1.0, "45": 1.0, "46": 1.0, "48": 1.0, "49": 1.0, "52": 1.0, "53": 1.0, "54": 1.0, "55": 1.0, "56": 1.0, "57": 1.0, "58": 1.0, "61": 1.0, "65": 1.0, "66": 1.0, "67": 1.0, "68": 1.0, "69": 1.0, "70": 1.0, "71": 1.0, "72": 1.0, "73": 1.0, "74": 1.0, "75": 1.0, "76": 1.0, "77": 1.0, "78": 1.0, "79": 1.0}}, "160": {"FDR": 0.0, "Power": 0.74375, "Temporal_FDR": 0.0, "Temporal_Power": 0.75, "Average_Window_FDR": 0.0, "Average_Window_Power": 1.0, "Window_Overlap": {"0": 1.0, "1": 1.0, "2": 1.0, "4": 1.0, "5": 1.0, "7": 1.0, "8": 1.0, "10": 1.0, "12": 1.0, "14": 1.0, "15": 1.0, "16": 1.0, "18": 1.0, "19": 1.0, "21": 1.0, "22": 1.0, "23": 1.0, "26": 1.0, "28": 1.0, "29": 1.0, "30": 1.0, "31": 1.0, "33": 1.0, "34": 1.0, "35": 1.0, "36": 1.0, "37": 1.0, "38": 1.0, "40": 1.0, "41": 1.0, "42": 1.0, "45": 1.0, "46": 1.0, "48": 1.0, "49": 1.0, "52": 1.0, "53": 1.0, "54": 1.0, "55": 1.0, "56": 1.0, "57": 1.0, "58": 1.0, "61": 1.0, "65": 1.0, "66": 1.0, "67": 1.0, "68": 1.0, "69": 1.0, "70": 1.0, "71": 1.0, "72": 1.0, "73": 1.0, "74": 1.0, "75": 1.0, "76": 1.0, "77": 1.0, "78": 1.0, "79": 1.0, "80": 1.0, "83": 1.0, "84": 1.0, "86": 1.0, "87": 1.0, "89": 1.0, "95": 1.0, "96": 1.0, "97": 1.0, "98": 1.0, "99": 1.0, "100": 1.0, "101": 1.0, "103": 1.0, "105": 1.0, "106": 1.0, "107": 1.0, "108": 1.0, "109": 1.0, "110": 1.0, "111": 1.0, "112": 1.0, "113": 1.0, "114": 1.0, "116": 1.0, "117": 1.0, "119": 1.0, "121": 1.0, "122": 1.0, "123": 1.0, "124": 1.0, "125": 1.0, "126": 1.0, "128": 1.0, "129": 1.0, "130": 1.0, "131": 1.0, "133": 1.0, "134": 1.0, "136": 1.0, "137": 1.0, "140": 1.0, "141": 1.0, "142": 1.0, "143": 1.0, "144": 1.0, "145": 1.0, "146": 1.0, "147": 1.0, "149": 1.0, "150": 1.0, "151": 1.0, "152": 1.0, "153": 1.0, "154": 1.0, "155": 1.0, "157": 1.0, "158": 1.0, "159": 1.0}}, "320": {"FDR": 0.0, "Power": 0.73125, "Temporal_FDR": 0.0, "Temporal_Power": 0.7333333333333333, "Average_Window_FDR": 0.0, "Average_Window_Power": 1.0, "Window_Overlap": {"0": 1.0, "1": 1.0, "2": 1.0, "4": 1.0, "5": 1.0, "7": 1.0, "8": 1.0, "10": 1.0, "12": 1.0, "14": 1.0, "15": 1.0, "16": 1.0, "18": 1.0, "19": 1.0, "21": 1.0, "22": 1.0, "23": 1.0, "26": 1.0, "28": 1.0, "29": 1.0, "30": 1.0, "31": 1.0, "33": 1.0, "34": 1.0, "35": 1.0, "36": 1.0, "37": 1.0, "38": 1.0, "40": 1.0, "41": 1.0, "42": 1.0, "45": 1.0, "46": 1.0, "48": 1.0, "49": 1.0, "52": 1.0, "53": 1.0, "54": 1.0, "55": 1.0, "56": 1.0, "57": 1.0, "58": 1.0, "61": 1.0, "65": 1.0, "66": 1.0, "67": 1.0, "68": 1.0, "69": 1.0, "70": 1.0, "71": 1.0, "72": 1.0, "73": 1.0, "74": 1.0, "75": 1.0, "76": 1.0, "77": 1.0, "78": 1.0, "79": 1.0, "80": 1.0, "83": 1.0, "84": 1.0, "86": 1.0, "87": 1.0, "89": 1.0, "95": 1.0, "96": 1.0, "97": 1.0, "98": 1.0, "99": 1.0, "100": 1.0, "101": 1.0, "103": 1.0, "105": 1.0, "106": 1.0, "107": 1.0, "108": 1.0, "109": 1.0, "110": 1.0, "111": 1.0, "112": 1.0, "113": 1.0, "114": 1.0, "116": 1.0, "117": 1.0, "119": 1.0, "121": 1.0, "122": 1.0, "123": 1.0, "124": 1.0, "125": 1.0, "126": 1.0, "128": 1.0, "129": 1.0, "130": 1.0, "131": 1.0, "133": 1.0, "134": 1.0, "136": 1.0, "137": 1.0, "140": 1.0, "141": 1.0, "142": 1.0, "143": 1.0, "144": 1.0, "145": 1.0, "146": 1.0, "147": 1.0, "149": 1.0, "150": 1.0, "151": 1.0, "152": 1.0, "153": 1.0, "154": 1.0, "155": 1.0, "157": 1.0, "158": 1.0, "159": 1.0, "160": 1.0, "161": 1.0, "162": 1.0, "163": 1.0, "164": 1.0, "165": 1.0, "166": 1.0, "167": 1.0, "168": 1.0, "170": 1.0, "172": 1.0, "173": 1.0, "174": 1.0, "175": 1.0, "179": 1.0, "180": 1.0, "181": 1.0, "184": 1.0, "185": 1.0, "186": 1.0, "187": 1.0, "188": 1.0, "191": 1.0, "192": 1.0, "193": 1.0, "194": 1.0, "195": 1.0, "196": 1.0, "197": 1.0, "198": 1.0, "199": 1.0, "200": 1.0, "203": 1.0, "205": 1.0, "206": 1.0, "207": 1.0, "208": 1.0, "210": 1.0, "211": 1.0, "212": 1.0, "213": 1.0, "217": 1.0, "218": 1.0, "219": 1.0, "220": 1.0, "221": 1.0, "222": 1.0, "223": 1.0, "224": 1.0, "226": 1.0, "227": 1.0, "229": 1.0, "232": 1.0, "234": 1.0, "237": 1.0, "239": 1.0, "240": 1.0, "242": 1.0, "243": 1.0, "244": 1.0, "245": 1.0, "246": 1.0, "247": 1.0, "249": 1.0, "250": 1.0, "251": 1.0, "252": 1.0, "253": 1.0, "254": 1.0, "257": 1.0, "258": 1.0, "259": 1.0, "260": 1.0, "261": 1.0, "262": 1.0, "265": 1.0, "266": 1.0, "268": 1.0, "271": 1.0, "272": 1.0, "273": 1.0, "274": 1.0, "275": 1.0, "276": 1.0, "277": 1.0, "278": 1.0, "280": 1.0, "282": 1.0, "283": 1.0, "284": 1.0, "287": 1.0, "288": 1.0, "289": 1.0, "290": 1.0, "291": 1.0, "293": 1.0, "294": 1.0, "295": 1.0, "296": 1.0, "297": 1.0, "298": 1.0, "299": 1.0, "301": 1.0, "302": 1.0, "303": 1.0, "304": 1.0, "306": 1.0, "309": 1.0, "311": 1.0, "313": 1.0, "315": 1.0, "317": 1.0, "318": 1.0, "319": 1.0}}}