{"10": {"FDR": 0.0, "Power": 0.7, "Temporal_FDR": 0.0, "Temporal_Power": 0.7, "Average_Window_FDR": 0.0, "Average_Window_Power": 0.9480519480519481, "Window_Overlap": {"0": 1.0, "1": 1.0, "2": 1.0, "4": 1.0, "5": 1.0, "8": 1.0, "9": 0.8181818181818181}}, "20": {"FDR": 0.0, "Power": 0.7, "Temporal_FDR": 0.0, "Temporal_Power": 0.7, "Average_Window_FDR": 0.0, "Average_Window_Power": 0.9480519480519481, "Window_Overlap": {"0": 1.0, "1": 1.0, "2": 1.0, "4": 1.0, "5": 1.0, "8": 1.0, "9": 0.8181818181818181}}, "30": {"FDR": 0.0, "Power": 0.7, "Temporal_FDR": 0.0, "Temporal_Power": 0.7, "Average_Window_FDR": 0.0, "Average_Window_Power": 0.9480519480519481, "Window_Overlap": {"0": 1.0, "1": 1.0, "2": 1.0, "4": 1.0, "5": 1.0, "8": 1.0, "9": 0.8181818181818181}}, "40": {"FDR": 0.0, "Power": 0.7, "Temporal_FDR": 0.0, "Temporal_Power": 0.7, "Average_Window_FDR": 0.0, "Average_Window_Power": 0.9480519480519481, "Window_Overlap": {"0": 1.0, "1": 1.0, "2": 1.0, "4": 1.0, "5": 1.0, "8": 1.0, "9": 0.8181818181818181}}, "50": {"FDR": 0.0, "Power": 0.7, "Temporal_FDR": 0.0, "Temporal_Power": 0.7, "Average_Window_FDR": 0.0, "Average_Window_Power": 0.9480519480519481, "Window_Overlap": {"0": 1.0, "1": 1.0, "2": 1.0, "4": 1.0, "5": 1.0, "8": 1.0, "9": 0.8181818181818181}}}