{"10": {"FDR": 0.0, "Power": 0.3, "Temporal_FDR": 0.0, "Temporal_Power": 0.2, "Average_Window_FDR": 0.0, "Average_Window_Power": 0.75, "Window_Overlap": {"4": 1.0, "5": 0.75}}, "20": {"FDR": 0.0, "Power": 0.2, "Temporal_FDR": 0.0, "Temporal_Power": 0.2, "Average_Window_FDR": 0.0, "Average_Window_Power": 0.7666666666666666, "Window_Overlap": {"4": 1.0, "5": 0.7666666666666666}}, "40": {"FDR": 0.0, "Power": 0.2, "Temporal_FDR": 0.0, "Temporal_Power": 0.2, "Average_Window_FDR": 0.0, "Average_Window_Power": 0.6896551724137931, "Window_Overlap": {"4": 1.0, "5": 0.6896551724137931}}, "80": {"FDR": 0.0, "Power": 0.2, "Temporal_FDR": 0.0, "Temporal_Power": 0.2, "Average_Window_FDR": 0.0, "Average_Window_Power": 0.6293103448275862, "Window_Overlap": {"4": 1.0, "5": 0.6293103448275862}}, "160": {"FDR": 0.0, "Power": 0.2, "Temporal_FDR": 0.0, "Temporal_Power": 0.2, "Average_Window_FDR": 0.0, "Average_Window_Power": 0.5921052631578947, "Window_Overlap": {"4": 1.0, "5": 0.5921052631578947}}, "320": {"FDR": 0.0, "Power": 0.2, "Temporal_FDR": 0.0, "Temporal_Power": 0.2, "Average_Window_FDR": 0.0, "Average_Window_Power": 0.5685840707964602, "Window_Overlap": {"4": 1.0, "5": 0.5685840707964602}}}