{"10": {"FDR": 0.0, "Power": 1.0, "Temporal_FDR": 0.0, "Temporal_Power": 1.0, "Average_Window_FDR": 0.0, "Average_Window_Power": 0.8666666666666666, "Window_Overlap": {"0": 0.6666666666666666, "1": 1.0, "2": 1.0, "3": 1.0, "4": 1.0}}, "20": {"FDR": 0.0, "Power": 1.0, "Temporal_FDR": 0.0, "Temporal_Power": 1.0, "Average_Window_FDR": 0.0, "Average_Window_Power": 0.85, "Window_Overlap": {"0": 0.625, "1": 1.0, "2": 1.0, "3": 1.0, "4": 1.0}}, "40": {"FDR": 0.0, "Power": 1.0, "Temporal_FDR": 0.0, "Temporal_Power": 1.0, "Average_Window_FDR": 0.0, "Average_Window_Power": 0.6857142857142857, "Window_Overlap": {"0": 0.5714285714285714, "1": 1.0, "2": 1.0, "3": 0.6428571428571428, "4": 1.0}}, "80": {"FDR": 0.0, "Power": 0.8, "Temporal_FDR": 0.0, "Temporal_Power": 0.8, "Average_Window_FDR": 0.0, "Average_Window_Power": 0.7692307692307692, "Window_Overlap": {"0": 0.5384615384615384, "1": 1.0, "2": 1.0, "4": 1.0}}}