{"10": {"FDR": 0.0, "Power": 1.0, "Temporal_FDR": 0.0, "Temporal_Power": 1.0, "Average_Window_FDR": 0.0, "Average_Window_Power": 0.95, "Window_Overlap": {"0": 0.9, "1": 1.0, "2": 1.0, "4": 1.0}}, "20": {"FDR": 0.0, "Power": 1.0, "Temporal_FDR": 0.0, "Temporal_Power": 1.0, "Average_Window_FDR": 0.0, "Average_Window_Power": 0.9166666666666666, "Window_Overlap": {"0": 0.8333333333333333, "1": 1.0, "2": 1.0, "4": 1.0}}, "40": {"FDR": 0.0, "Power": 1.0, "Temporal_FDR": 0.0, "Temporal_Power": 1.0, "Average_Window_FDR": 0.0, "Average_Window_Power": 0.9058823529411765, "Window_Overlap": {"0": 0.7647058823529411, "1": 1.0, "2": 1.0, "3": 1.0, "4": 1.0}}, "80": {"FDR": 0.0, "Power": 1.0, "Temporal_FDR": 0.0, "Temporal_Power": 1.0, "Average_Window_FDR": 0.0, "Average_Window_Power": 0.8545454545454545, "Window_Overlap": {"0": 0.6363636363636364, "1": 1.0, "2": 1.0, "3": 1.0, "4": 1.0}}}