{"10": {"FDR": 0.0, "Power": 0.6, "Temporal_FDR": 0.0, "Temporal_Power": 0.6, "Average_Window_FDR": 0.0, "Average_Window_Power": 0.7860576923076922, "Window_Overlap": {"0": 0.78125, "1": 1.0, "5": 1.0, "6": 0.5769230769230769, "7": 1.0, "9": 1.0}}, "20": {"FDR": 0.0, "Power": 0.6, "Temporal_FDR": 0.0, "Temporal_Power": 0.6, "Average_Window_FDR": 0.0, "Average_Window_Power": 0.7964743589743589, "Window_Overlap": {"0": 0.8125, "1": 1.0, "5": 1.0, "6": 0.5769230769230769, "7": 1.0, "9": 1.0}}, "30": {"FDR": 0.0, "Power": 0.6, "Temporal_FDR": 0.0, "Temporal_Power": 0.6, "Average_Window_FDR": 0.0, "Average_Window_Power": 0.7988782051282052, "Window_Overlap": {"0": 0.78125, "1": 1.0, "5": 1.0, "6": 0.6153846153846154, "7": 1.0, "9": 1.0}}, "40": {"FDR": 0.0, "Power": 0.6, "Temporal_FDR": 0.0, "Temporal_Power": 0.6, "Average_Window_FDR": 0.0, "Average_Window_Power": 0.7988782051282052, "Window_Overlap": {"0": 0.78125, "1": 1.0, "5": 1.0, "6": 0.6153846153846154, "7": 1.0, "9": 1.0}}, "50": {"FDR": 0.0, "Power": 0.6, "Temporal_FDR": 0.0, "Temporal_Power": 0.6, "Average_Window_FDR": 0.0, "Average_Window_Power": 0.7860576923076922, "Window_Overlap": {"0": 0.78125, "1": 1.0, "5": 1.0, "6": 0.5769230769230769, "7": 1.0, "9": 1.0}}}