{"10": {"FDR": 0.0, "Power": 0.6, "Temporal_FDR": 0.0, "Temporal_Power": 0.6, "Average_Window_FDR": 0.0, "Average_Window_Power": 0.9444444444444443, "Window_Overlap": {"0": 1.0, "1": 0.8333333333333333, "2": 1.0, "4": 1.0, "5": 1.0, "8": 1.0}}, "20": {"FDR": 0.0, "Power": 0.6, "Temporal_FDR": 0.0, "Temporal_Power": 0.6, "Average_Window_FDR": 0.0, "Average_Window_Power": 0.9444444444444443, "Window_Overlap": {"0": 1.0, "1": 0.8333333333333333, "2": 1.0, "4": 1.0, "5": 1.0, "8": 1.0}}, "30": {"FDR": 0.0, "Power": 0.6, "Temporal_FDR": 0.0, "Temporal_Power": 0.6, "Average_Window_FDR": 0.0, "Average_Window_Power": 0.9444444444444443, "Window_Overlap": {"0": 1.0, "1": 0.8333333333333333, "2": 1.0, "4": 1.0, "5": 1.0, "8": 1.0}}, "40": {"FDR": 0.0, "Power": 0.6, "Temporal_FDR": 0.0, "Temporal_Power": 0.6, "Average_Window_FDR": 0.0, "Average_Window_Power": 0.9444444444444443, "Window_Overlap": {"0": 1.0, "1": 0.8333333333333333, "2": 1.0, "4": 1.0, "5": 1.0, "8": 1.0}}, "50": {"FDR": 0.0, "Power": 0.6, "Temporal_FDR": 0.0, "Temporal_Power": 0.6, "Average_Window_FDR": 0.0, "Average_Window_Power": 0.9444444444444443, "Window_Overlap": {"0": 1.0, "1": 0.8333333333333333, "2": 1.0, "4": 1.0, "5": 1.0, "8": 1.0}}}