{"10": {"FDR": 0.0, "Power": 0.6, "Temporal_FDR": 0.0, "Temporal_Power": 0.5555555555555556, "Average_Window_FDR": 0.0, "Average_Window_Power": 0.8444444444444444, "Window_Overlap": {"3": 0.6111111111111112, "5": 1.0, "7": 1.0, "8": 1.0, "9": 1.0}}, "20": {"FDR": 0.0, "Power": 0.6, "Temporal_FDR": 0.0, "Temporal_Power": 0.6, "Average_Window_FDR": 0.0, "Average_Window_Power": 0.8518518518518517, "Window_Overlap": {"1": 1.0, "3": 0.5555555555555556, "5": 1.0, "7": 1.0, "8": 1.0, "9": 1.0}}, "40": {"FDR": 0.0, "Power": 0.5, "Temporal_FDR": 0.0, "Temporal_Power": 0.5, "Average_Window_FDR": 0.0, "Average_Window_Power": 0.8166666666666667, "Window_Overlap": {"1": 1.0, "3": 0.5416666666666666, "5": 1.0, "7": 1.0, "8": 1.0}}, "80": {"FDR": 0.0, "Power": 0.5, "Temporal_FDR": 0.0, "Temporal_Power": 0.4, "Average_Window_FDR": 0.0, "Average_Window_Power": 1.0, "Window_Overlap": {"1": 1.0, "5": 1.0, "7": 1.0, "8": 1.0}}, "160": {"FDR": 0.0, "Power": 0.5, "Temporal_FDR": 0.0, "Temporal_Power": 0.5, "Average_Window_FDR": 0.0, "Average_Window_Power": 0.8085714285714285, "Window_Overlap": {"1": 1.0, "3": 0.5214285714285715, "5": 1.0, "7": 1.0, "8": 1.0}}, "320": {"FDR": 0.0, "Power": 0.5, "Temporal_FDR": 0.0, "Temporal_Power": 0.5, "Average_Window_FDR": 0.0, "Average_Window_Power": 0.8057142857142857, "Window_Overlap": {"1": 1.0, "3": 0.5142857142857142, "5": 1.0, "7": 1.0, "8": 1.0}}}