{"10": {"FDR": 0.0, "Power": 0.8, "Temporal_FDR": 0.0, "Temporal_Power": 0.8, "Average_Window_FDR": 0.0, "Average_Window_Power": 0.8576388888888888, "Window_Overlap": {"0": 0.5555555555555556, "1": 1.0, "2": 1.0, "3": 1.0, "4": 1.0, "5": 1.0, "6": 0.875, "7": 1.0}}, "20": {"FDR": 0.0, "Power": 0.7, "Temporal_FDR": 0.0, "Temporal_Power": 0.7, "Average_Window_FDR": 0.0, "Average_Window_Power": 0.8209033613445378, "Window_Overlap": {"0": 0.5294117647058824, "1": 1.0, "3": 0.96875, "4": 1.0, "5": 1.0, "6": 0.875, "7": 1.0}}, "40": {"FDR": 0.0, "Power": 0.6, "Temporal_FDR": 0.0, "Temporal_Power": 0.6, "Average_Window_FDR": 0.0, "Average_Window_Power": 0.7598039215686274, "Window_Overlap": {"0": 0.5294117647058824, "1": 1.0, "4": 1.0, "5": 1.0, "6": 0.75, "7": 1.0}}, "80": {"FDR": 0.0, "Power": 0.6, "Temporal_FDR": 0.0, "Temporal_Power": 0.6, "Average_Window_FDR": 0.0, "Average_Window_Power": 0.6978031953522149, "Window_Overlap": {"0": 0.5147058823529411, "1": 1.0, "4": 1.0, "5": 1.0, "6": 0.7037037037037037, "7": 0.875}}, "160": {"FDR": 0.0, "Power": 0.6, "Temporal_FDR": 0.0, "Temporal_Power": 0.5, "Average_Window_FDR": 0.0, "Average_Window_Power": 0.7666666666666666, "Window_Overlap": {"1": 1.0, "4": 1.0, "5": 1.0, "6": 0.6538461538461539, "7": 0.7628205128205128}}, "320": {"FDR": 0.0, "Power": 0.6, "Temporal_FDR": 0.0, "Temporal_Power": 0.6, "Average_Window_FDR": 0.0, "Average_Window_Power": 0.5994930853044326, "Window_Overlap": {"0": 0.5074349442379182, "1": 1.0, "4": 1.0, "5": 1.0, "6": 0.6019417475728155, "7": 0.6891025641025641}}}