{"10": {"FDR": 0.0, "Power": 0.7, "Temporal_FDR": 0.0, "Temporal_Power": 0.7, "Average_Window_FDR": 0.0, "Average_Window_Power": 1.0, "Window_Overlap": {"0": 1.0, "1": 1.0, "2": 1.0, "4": 1.0, "7": 1.0, "8": 1.0, "9": 1.0}}, "20": {"FDR": 0.0, "Power": 0.65, "Temporal_FDR": 0.0, "Temporal_Power": 0.65, "Average_Window_FDR": 0.0, "Average_Window_Power": 1.0, "Window_Overlap": {"0": 1.0, "1": 1.0, "2": 1.0, "4": 1.0, "7": 1.0, "8": 1.0, "9": 1.0, "10": 1.0, "11": 1.0, "12": 1.0, "13": 1.0, "14": 1.0, "19": 1.0}}, "40": {"FDR": 0.0, "Power": 0.675, "Temporal_FDR": 0.0, "Temporal_Power": 0.6666666666666666, "Average_Window_FDR": 0.0, "Average_Window_Power": 1.0, "Window_Overlap": {"0": 1.0, "1": 1.0, "2": 1.0, "4": 1.0, "7": 1.0, "8": 1.0, "9": 1.0, "10": 1.0, "11": 1.0, "12": 1.0, "13": 1.0, "14": 1.0, "19": 1.0, "21": 1.0, "22": 1.0, "26": 1.0, "27": 1.0, "28": 1.0, "29": 1.0, "30": 1.0, "32": 1.0, "33": 1.0, "34": 1.0, "36": 1.0, "37": 1.0, "38": 1.0}}, "80": {"FDR": 0.0, "Power": 0.7125, "Temporal_FDR": 0.0, "Temporal_Power": 0.7088607594936709, "Average_Window_FDR": 0.0, "Average_Window_Power": 1.0, "Window_Overlap": {"0": 1.0, "1": 1.0, "2": 1.0, "4": 1.0, "7": 1.0, "8": 1.0, "9": 1.0, "10": 1.0, "11": 1.0, "12": 1.0, "13": 1.0, "14": 1.0, "19": 1.0, "21": 1.0, "22": 1.0, "26": 1.0, "27": 1.0, "28": 1.0, "29": 1.0, "30": 1.0, "32": 1.0, "33": 1.0, "34": 1.0, "36": 1.0, "37": 1.0, "38": 1.0, "40": 1.0, "44": 1.0, "45": 1.0, "46": 1.0, "47": 1.0, "48": 1.0, "49": 1.0, "50": 1.0, "52": 1.0, "53": 1.0, "54": 1.0, "56": 1.0, "57": 1.0, "59": 1.0, "60": 1.0, "61": 1.0, "63": 1.0, "64": 1.0, "67": 1.0, "68": 1.0, "69": 1.0, "71": 1.0, "72": 1.0, "73": 1.0, "74": 1.0, "75": 1.0, "76": 1.0, "77": 1.0, "78": 1.0, "79": 1.0}}, "160": {"FDR": 0.0, "Power": 0.6125, "Temporal_FDR": 0.0, "Temporal_Power": 0.6050955414012739, "Average_Window_FDR": 0.0, "Average_Window_Power": 0.8862262591209961, "Window_Overlap": {"0": 1.0, "2": 1.0, "4": 1.0, "7": 1.0, "8": 1.0, "9": 1.0, "10": 1.0, "12": 0.6875, "13": 1.0, "14": 1.0, "19": 1.0, "22": 0.85, "26": 1.0, "27": 1.0, "28": 0.6538461538461539, "29": 0.6, "30": 1.0, "33": 0.8333333333333333, "36": 1.0, "37": 1.0, "38": 1.0, "40": 0.5416666666666666, "44": 1.0, "45": 1.0, "46": 1.0, "47": 1.0, "48": 1.0, "49": 1.0, "50": 0.9545454545454546, "52": 1.0, "54": 0.9, "56": 1.0, "57": 1.0, "59": 1.0, "60": 1.0, "61": 1.0, "64": 0.7083333333333334, "67": 1.0, "68": 1.0, "69": 1.0, "71": 1.0, "73": 1.0, "74": 1.0, "75": 1.0, "76": 0.9230769230769231, "77": 1.0, "78": 1.0, "79": 1.0, "80": 1.0, "82": 1.0, "84": 1.0, "85": 1.0, "87": 1.0, "89": 1.0, "91": 0.7857142857142857, "92": 1.0, "93": 1.0, "94": 1.0, "95": 0.5555555555555556, "96": 0.9736842105263157, "98": 0.7777777777777778, "100": 1.0, "101": 1.0, "102": 1.0, "103": 0.5909090909090909, "104": 1.0, "106": 1.0, "108": 0.5454545454545454, "110": 1.0, "111": 1.0, "112": 1.0, "113": 1.0, "114": 1.0, "115": 1.0, "116": 1.0, "119": 1.0, "121": 1.0, "122": 1.0, "125": 1.0, "126": 1.0, "127": 1.0, "129": 1.0, "130": 1.0, "132": 1.0, "133": 1.0, "140": 0.5263157894736842, "141": 1.0, "144": 0.6111111111111112, "148": 1.0, "149": 1.0, "153": 0.5769230769230769, "154": 1.0, "155": 1.0, "157": 1.0, "159": 1.0}}, "320": {"FDR": 0.0, "Power": 0.728125, "Temporal_FDR": 0.0, "Temporal_Power": 0.7252396166134185, "Average_Window_FDR": 0.0, "Average_Window_Power": 1.0, "Window_Overlap": {"0": 1.0, "1": 1.0, "2": 1.0, "4": 1.0, "7": 1.0, "8": 1.0, "9": 1.0, "10": 1.0, "11": 1.0, "12": 1.0, "13": 1.0, "14": 1.0, "19": 1.0, "21": 1.0, "22": 1.0, "26": 1.0, "27": 1.0, "28": 1.0, "29": 1.0, "30": 1.0, "32": 1.0, "33": 1.0, "34": 1.0, "36": 1.0, "37": 1.0, "38": 1.0, "40": 1.0, "44": 1.0, "45": 1.0, "46": 1.0, "47": 1.0, "48": 1.0, "49": 1.0, "50": 1.0, "52": 1.0, "53": 1.0, "54": 1.0, "56": 1.0, "57": 1.0, "59": 1.0, "60": 1.0, "61": 1.0, "63": 1.0, "64": 1.0, "67": 1.0, "68": 1.0, "69": 1.0, "71": 1.0, "72": 1.0, "73": 1.0, "74": 1.0, "75": 1.0, "76": 1.0, "77": 1.0, "78": 1.0, "79": 1.0, "80": 1.0, "82": 1.0, "84": 1.0, "85": 1.0, "87": 1.0, "89": 1.0, "90": 1.0, "91": 1.0, "92": 1.0, "93": 1.0, "94": 1.0, "95": 1.0, "96": 1.0, "98": 1.0, "100": 1.0, "101": 1.0, "102": 1.0, "103": 1.0, "104": 1.0, "106": 1.0, "107": 1.0, "108": 1.0, "110": 1.0, "111": 1.0, "112": 1.0, "113": 1.0, "114": 1.0, "115": 1.0, "116": 1.0, "119": 1.0, "121": 1.0, "122": 1.0, "125": 1.0, "126": 1.0, "127": 1.0, "129": 1.0, "130": 1.0, "132": 1.0, "133": 1.0, "134": 1.0, "140": 1.0, "141": 1.0, "144": 1.0, "147": 1.0, "148": 1.0, "149": 1.0, "151": 1.0, "153": 1.0, "154": 1.0, "155": 1.0, "156": 1.0, "157": 1.0, "159": 1.0, "160": 1.0, "161": 1.0, "165": 1.0, "167": 1.0, "168": 1.0, "169": 1.0, "171": 1.0, "172": 1.0, "173": 1.0, "174": 1.0, "176": 1.0, "178": 1.0, "179": 1.0, "180": 1.0, "181": 1.0, "183": 1.0, "184": 1.0, "186": 1.0, "187": 1.0, "188": 1.0, "189": 1.0, "190": 1.0, "192": 1.0, "193": 1.0, "194": 1.0, "195": 1.0, "196": 1.0, "198": 1.0, "199": 1.0, "200": 1.0, "201": 1.0, "203": 1.0, "204": 1.0, "205": 1.0, "207": 1.0, "208": 1.0, "209": 1.0, "210": 1.0, "211": 1.0, "212": 1.0, "215": 1.0, "216": 1.0, "217": 1.0, "218": 1.0, "219": 1.0, "220": 1.0, "221": 1.0, "223": 1.0, "226": 1.0, "227": 1.0, "230": 1.0, "231": 1.0, "232": 1.0, "233": 1.0, "235": 1.0, "236": 1.0, "237": 1.0, "238": 1.0, "240": 1.0, "241": 1.0, "242": 1.0, "243": 1.0, "244": 1.0, "245": 1.0, "246": 1.0, "247": 1.0, "248": 1.0, "249": 1.0, "252": 1.0, "253": 1.0, "255": 1.0, "256": 1.0, "257": 1.0, "259": 1.0, "260": 1.0, "261": 1.0, "262": 1.0, "263": 1.0, "264": 1.0, "265": 1.0, "267": 1.0, "268": 1.0, "269": 1.0, "270": 1.0, "273": 1.0, "274": 1.0, "275": 1.0, "276": 1.0, "278": 1.0, "279": 1.0, "281": 1.0, "283": 1.0, "284": 1.0, "285": 1.0, "286": 1.0, "287": 1.0, "288": 1.0, "289": 1.0, "290": 1.0, "291": 1.0, "292": 1.0, "293": 1.0, "294": 1.0, "296": 1.0, "298": 1.0, "302": 1.0, "303": 1.0, "306": 1.0, "307": 1.0, "308": 1.0, "310": 1.0, "311": 1.0, "312": 1.0, "314": 1.0, "315": 1.0, "316": 1.0, "318": 1.0, "319": 1.0}}}