{"10": {"FDR": 0.0, "Power": 0.7, "Temporal_FDR": 0.0, "Temporal_Power": 0.7, "Average_Window_FDR": 0.0, "Average_Window_Power": 0.9196428571428571, "Window_Overlap": {"0": 1.0, "2": 1.0, "3": 1.0, "5": 1.0, "6": 1.0, "8": 1.0, "9": 0.71875}}, "20": {"FDR": 0.0, "Power": 0.8, "Temporal_FDR": 0.0, "Temporal_Power": 0.8, "Average_Window_FDR": 0.0, "Average_Window_Power": 1.0, "Window_Overlap": {"0": 1.0, "2": 1.0, "3": 1.0, "5": 1.0, "6": 1.0, "8": 1.0, "9": 1.0, "11": 1.0, "12": 1.0, "13": 1.0, "14": 1.0, "15": 1.0, "16": 1.0, "17": 1.0, "18": 1.0, "19": 1.0}}, "40": {"FDR": 0.0, "Power": 0.675, "Temporal_FDR": 0.0, "Temporal_Power": 0.675, "Average_Window_FDR": 0.0, "Average_Window_Power": 0.8948633156966491, "Window_Overlap": {"0": 1.0, "2": 1.0, "3": 1.0, "5": 1.0, "6": 1.0, "8": 1.0, "9": 0.71875, "11": 1.0, "12": 1.0, "13": 1.0, "14": 0.9285714285714286, "15": 1.0, "16": 1.0, "17": 1.0, "18": 1.0, "19": 1.0, "20": 1.0, "21": 1.0, "22": 1.0, "25": 0.85, "26": 1.0, "28": 1.0, "29": 1.0, "31": 1.0, "32": 0.5333333333333333, "33": 1.0, "39": 0.55}}, "80": {"FDR": 0.0, "Power": 0.7, "Temporal_FDR": 0.0, "Temporal_Power": 0.6962025316455697, "Average_Window_FDR": 0.0, "Average_Window_Power": 1.0, "Window_Overlap": {"0": 1.0, "2": 1.0, "3": 1.0, "5": 1.0, "6": 1.0, "8": 1.0, "9": 1.0, "11": 1.0, "12": 1.0, "13": 1.0, "14": 1.0, "15": 1.0, "16": 1.0, "17": 1.0, "18": 1.0, "19": 1.0, "20": 1.0, "21": 1.0, "22": 1.0, "25": 1.0, "26": 1.0, "28": 1.0, "29": 1.0, "31": 1.0, "32": 1.0, "33": 1.0, "34": 1.0, "39": 1.0, "41": 1.0, "42": 1.0, "43": 1.0, "44": 1.0, "47": 1.0, "49": 1.0, "54": 1.0, "55": 1.0, "56": 1.0, "57": 1.0, "58": 1.0, "59": 1.0, "60": 1.0, "61": 1.0, "63": 1.0, "64": 1.0, "65": 1.0, "66": 1.0, "67": 1.0, "69": 1.0, "70": 1.0, "71": 1.0, "72": 1.0, "75": 1.0, "76": 1.0, "77": 1.0, "79": 1.0}}, "160": {"FDR": 0.0, "Power": 0.6, "Temporal_FDR": 0.0, "Temporal_Power": 0.6, "Average_Window_FDR": 0.0, "Average_Window_Power": 0.9085228839261098, "Window_Overlap": {"0": 1.0, "2": 1.0, "3": 1.0, "5": 1.0, "6": 1.0, "8": 1.0, "9": 0.71875, "11": 1.0, "12": 1.0, "13": 1.0, "14": 0.9285714285714286, "15": 1.0, "16": 1.0, "17": 1.0, "18": 1.0, "19": 1.0, "20": 1.0, "21": 1.0, "22": 1.0, "26": 1.0, "28": 1.0, "29": 1.0, "31": 1.0, "32": 0.5333333333333333, "33": 1.0, "39": 0.55, "41": 1.0, "42": 1.0, "43": 1.0, "44": 1.0, "47": 1.0, "54": 1.0, "55": 1.0, "56": 1.0, "58": 1.0, "61": 1.0, "64": 1.0, "65": 1.0, "66": 1.0, "67": 1.0, "70": 1.0, "71": 1.0, "76": 1.0, "77": 1.0, "79": 1.0, "84": 1.0, "85": 0.5555555555555556, "86": 1.0, "87": 1.0, "89": 0.55, "90": 1.0, "92": 0.875, "93": 1.0, "94": 1.0, "97": 1.0, "100": 0.7, "101": 0.5714285714285714, "102": 1.0, "104": 1.0, "105": 0.9444444444444444, "106": 1.0, "107": 1.0, "108": 1.0, "111": 1.0, "113": 0.9333333333333333, "114": 1.0, "115": 1.0, "116": 1.0, "117": 1.0, "118": 1.0, "119": 1.0, "121": 1.0, "123": 1.0, "125": 1.0, "127": 0.5333333333333333, "130": 1.0, "131": 1.0, "132": 0.7692307692307692, "133": 1.0, "134": 1.0, "136": 1.0, "137": 1.0, "139": 1.0, "140": 1.0, "143": 1.0, "144": 1.0, "146": 1.0, "148": 1.0, "150": 1.0, "154": 1.0, "156": 0.5833333333333334, "158": 1.0, "159": 1.0}}, "320": {"FDR": 0.0, "Power": 0.728125, "Temporal_FDR": 0.0, "Temporal_Power": 0.7258064516129032, "Average_Window_FDR": 0.0, "Average_Window_Power": 1.0, "Window_Overlap": {"0": 1.0, "2": 1.0, "3": 1.0, "5": 1.0, "6": 1.0, "8": 1.0, "9": 1.0, "11": 1.0, "12": 1.0, "13": 1.0, "14": 1.0, "15": 1.0, "16": 1.0, "17": 1.0, "18": 1.0, "19": 1.0, "20": 1.0, "21": 1.0, "22": 1.0, "25": 1.0, "26": 1.0, "28": 1.0, "29": 1.0, "31": 1.0, "32": 1.0, "33": 1.0, "34": 1.0, "39": 1.0, "41": 1.0, "42": 1.0, "43": 1.0, "44": 1.0, "47": 1.0, "49": 1.0, "54": 1.0, "55": 1.0, "56": 1.0, "57": 1.0, "58": 1.0, "59": 1.0, "60": 1.0, "61": 1.0, "63": 1.0, "64": 1.0, "65": 1.0, "66": 1.0, "67": 1.0, "69": 1.0, "70": 1.0, "71": 1.0, "72": 1.0, "75": 1.0, "76": 1.0, "77": 1.0, "79": 1.0, "84": 1.0, "85": 1.0, "86": 1.0, "87": 1.0, "89": 1.0, "90": 1.0, "92": 1.0, "93": 1.0, "94": 1.0, "97": 1.0, "100": 1.0, "101": 1.0, "102": 1.0, "104": 1.0, "105": 1.0, "106": 1.0, "107": 1.0, "108": 1.0, "111": 1.0, "112": 1.0, "113": 1.0, "114": 1.0, "115": 1.0, "116": 1.0, "117": 1.0, "118": 1.0, "119": 1.0, "121": 1.0, "123": 1.0, "125": 1.0, "127": 1.0, "128": 1.0, "130": 1.0, "131": 1.0, "132": 1.0, "133": 1.0, "134": 1.0, "136": 1.0, "137": 1.0, "139": 1.0, "140": 1.0, "143": 1.0, "144": 1.0, "145": 1.0, "146": 1.0, "148": 1.0, "149": 1.0, "150": 1.0, "151": 1.0, "153": 1.0, "154": 1.0, "155": 1.0, "156": 1.0, "158": 1.0, "159": 1.0, "161": 1.0, "162": 1.0, "163": 1.0, "164": 1.0, "165": 1.0, "166": 1.0, "167": 1.0, "168": 1.0, "170": 1.0, "171": 1.0, "173": 1.0, "174": 1.0, "176": 1.0, "177": 1.0, "179": 1.0, "180": 1.0, "181": 1.0, "184": 1.0, "185": 1.0, "186": 1.0, "187": 1.0, "189": 1.0, "190": 1.0, "191": 1.0, "192": 1.0, "193": 1.0, "194": 1.0, "195": 1.0, "196": 1.0, "199": 1.0, "200": 1.0, "201": 1.0, "202": 1.0, "203": 1.0, "204": 1.0, "205": 1.0, "206": 1.0, "209": 1.0, "211": 1.0, "212": 1.0, "213": 1.0, "214": 1.0, "216": 1.0, "217": 1.0, "218": 1.0, "219": 1.0, "220": 1.0, "221": 1.0, "223": 1.0, "224": 1.0, "226": 1.0, "227": 1.0, "229": 1.0, "230": 1.0, "232": 1.0, "233": 1.0, "235": 1.0, "236": 1.0, "237": 1.0, "238": 1.0, "239": 1.0, "244": 1.0, "245": 1.0, "247": 1.0, "249": 1.0, "250": 1.0, "251": 1.0, "252": 1.0, "253": 1.0, "255": 1.0, "256": 1.0, "257": 1.0, "258": 1.0, "259": 1.0, "260": 1.0, "261": 1.0, "262": 1.0, "263": 1.0, "264": 1.0, "265": 1.0, "266": 1.0, "267": 1.0, "268": 1.0, "271": 1.0, "275": 1.0, "276": 1.0, "277": 1.0, "279": 1.0, "280": 1.0, "281": 1.0, "283": 1.0, "284": 1.0, "285": 1.0, "286": 1.0, "287": 1.0, "289": 1.0, "290": 1.0, "292": 1.0, "293": 1.0, "294": 1.0, "295": 1.0, "301": 1.0, "302": 1.0, "303": 1.0, "305": 1.0, "306": 1.0, "308": 1.0, "309": 1.0, "311": 1.0, "312": 1.0, "313": 1.0, "314": 1.0, "315": 1.0, "317": 1.0, "319": 1.0}}}