{"10": {"FDR": 0.0, "Power": 0.9, "Temporal_FDR": 0.0, "Temporal_Power": 0.9, "Average_Window_FDR": 0.0, "Average_Window_Power": 1.0, "Window_Overlap": {"0": 1.0, "1": 1.0, "2": 1.0, "3": 1.0, "4": 1.0, "5": 1.0, "6": 1.0, "8": 1.0, "9": 1.0}}, "20": {"FDR": 0.0, "Power": 0.75, "Temporal_FDR": 0.0, "Temporal_Power": 0.7222222222222222, "Average_Window_FDR": 0.0, "Average_Window_Power": 1.0, "Window_Overlap": {"0": 1.0, "1": 1.0, "2": 1.0, "3": 1.0, "4": 1.0, "5": 1.0, "6": 1.0, "8": 1.0, "9": 1.0, "10": 1.0, "11": 1.0, "13": 1.0, "18": 1.0}}, "40": {"FDR": 0.0, "Power": 0.725, "Temporal_FDR": 0.0, "Temporal_Power": 0.6842105263157895, "Average_Window_FDR": 0.0, "Average_Window_Power": 0.8353950873687714, "Window_Overlap": {"1": 1.0, "2": 1.0, "3": 1.0, "4": 1.0, "5": 0.8333333333333333, "6": 1.0, "8": 1.0, "9": 1.0, "10": 0.55, "11": 1.0, "18": 1.0, "20": 1.0, "21": 0.875, "22": 0.5263157894736842, "23": 0.7857142857142857, "24": 0.5625, "25": 1.0, "26": 1.0, "27": 1.0, "28": 1.0, "29": 1.0, "31": 0.7272727272727273, "33": 1.0, "34": 1.0, "35": 1.0, "39": 1.0}}, "80": {"FDR": 0.0, "Power": 0.625, "Temporal_FDR": 0.0, "Temporal_Power": 0.6103896103896104, "Average_Window_FDR": 0.0, "Average_Window_Power": 0.8755410851435489, "Window_Overlap": {"1": 1.0, "2": 1.0, "3": 1.0, "4": 1.0, "5": 0.7777777777777778, "6": 1.0, "8": 1.0, "9": 1.0, "10": 0.55, "11": 1.0, "18": 1.0, "20": 1.0, "21": 0.875, "22": 0.5263157894736842, "24": 0.5625, "25": 1.0, "26": 1.0, "27": 1.0, "28": 1.0, "29": 1.0, "31": 0.7272727272727273, "33": 1.0, "34": 1.0, "35": 1.0, "39": 1.0, "40": 1.0, "41": 0.9333333333333333, "42": 1.0, "43": 1.0, "45": 0.9285714285714286, "46": 1.0, "48": 1.0, "49": 1.0, "50": 1.0, "51": 0.9444444444444444, "54": 1.0, "56": 1.0, "57": 1.0, "63": 0.6944444444444444, "66": 1.0, "67": 1.0, "69": 1.0, "72": 0.5555555555555556, "73": 1.0, "74": 1.0, "75": 1.0, "78": 1.0}}, "160": {"FDR": 0.0, "Power": 0.65, "Temporal_FDR": 0.0, "Temporal_Power": 0.6410256410256411, "Average_Window_FDR": 0.0, "Average_Window_Power": 0.8631613229391867, "Window_Overlap": {"1": 1.0, "2": 1.0, "3": 1.0, "4": 1.0, "5": 0.8055555555555556, "6": 1.0, "8": 1.0, "9": 1.0, "10": 0.55, "11": 1.0, "18": 1.0, "20": 1.0, "21": 0.875, "22": 0.5263157894736842, "23": 0.8571428571428572, "24": 0.5625, "25": 1.0, "26": 1.0, "27": 1.0, "28": 1.0, "29": 1.0, "31": 0.7272727272727273, "33": 1.0, "34": 1.0, "35": 1.0, "39": 1.0, "40": 1.0, "41": 0.9333333333333333, "42": 1.0, "43": 1.0, "45": 0.9285714285714286, "46": 1.0, "48": 1.0, "49": 1.0, "50": 1.0, "51": 0.9444444444444444, "54": 1.0, "56": 1.0, "57": 1.0, "63": 0.7222222222222222, "65": 0.7352941176470589, "66": 1.0, "67": 1.0, "69": 1.0, "72": 0.5555555555555556, "73": 1.0, "74": 1.0, "75": 1.0, "78": 1.0, "80": 0.625, "81": 1.0, "82": 1.0, "84": 1.0, "85": 1.0, "86": 0.875, "88": 1.0, "89": 1.0, "90": 1.0, "91": 1.0, "94": 1.0, "95": 0.6818181818181819, "96": 1.0, "97": 0.8461538461538461, "98": 1.0, "99": 0.5625, "100": 1.0, "101": 1.0, "103": 0.5555555555555556, "104": 1.0, "106": 1.0, "107": 1.0, "112": 1.0, "113": 1.0, "114": 1.0, "116": 1.0, "120": 0.625, "124": 1.0, "125": 1.0, "126": 1.0, "127": 1.0, "129": 1.0, "131": 1.0, "132": 1.0, "134": 1.0, "135": 1.0, "137": 1.0, "138": 0.5714285714285714, "139": 1.0, "140": 0.9375, "141": 1.0, "143": 1.0, "146": 0.6666666666666666, "148": 0.9, "149": 1.0, "150": 1.0, "152": 0.5882352941176471, "153": 1.0, "154": 1.0, "155": 1.0, "159": 1.0}}, "320": {"FDR": 0.0, "Power": 0.734375, "Temporal_FDR": 0.0, "Temporal_Power": 0.7339743589743589, "Average_Window_FDR": 0.0, "Average_Window_Power": 1.0, "Window_Overlap": {"0": 1.0, "1": 1.0, "2": 1.0, "3": 1.0, "4": 1.0, "5": 1.0, "6": 1.0, "8": 1.0, "9": 1.0, "10": 1.0, "11": 1.0, "13": 1.0, "18": 1.0, "20": 1.0, "21": 1.0, "22": 1.0, "23": 1.0, "24": 1.0, "25": 1.0, "26": 1.0, "27": 1.0, "28": 1.0, "29": 1.0, "30": 1.0, "31": 1.0, "33": 1.0, "34": 1.0, "35": 1.0, "39": 1.0, "40": 1.0, "41": 1.0, "42": 1.0, "43": 1.0, "45": 1.0, "46": 1.0, "47": 1.0, "48": 1.0, "49": 1.0, "50": 1.0, "51": 1.0, "54": 1.0, "56": 1.0, "57": 1.0, "61": 1.0, "63": 1.0, "65": 1.0, "66": 1.0, "67": 1.0, "69": 1.0, "71": 1.0, "72": 1.0, "73": 1.0, "74": 1.0, "75": 1.0, "78": 1.0, "80": 1.0, "81": 1.0, "82": 1.0, "84": 1.0, "85": 1.0, "86": 1.0, "88": 1.0, "89": 1.0, "90": 1.0, "91": 1.0, "94": 1.0, "95": 1.0, "96": 1.0, "97": 1.0, "98": 1.0, "99": 1.0, "100": 1.0, "101": 1.0, "103": 1.0, "104": 1.0, "106": 1.0, "107": 1.0, "109": 1.0, "112": 1.0, "113": 1.0, "114": 1.0, "116": 1.0, "122": 1.0, "123": 1.0, "124": 1.0, "125": 1.0, "126": 1.0, "127": 1.0, "129": 1.0, "131": 1.0, "132": 1.0, "133": 1.0, "134": 1.0, "135": 1.0, "137": 1.0, "138": 1.0, "139": 1.0, "140": 1.0, "141": 1.0, "143": 1.0, "144": 1.0, "146": 1.0, "148": 1.0, "149": 1.0, "150": 1.0, "152": 1.0, "153": 1.0, "154": 1.0, "155": 1.0, "156": 1.0, "158": 1.0, "159": 1.0, "160": 1.0, "162": 1.0, "164": 1.0, "165": 1.0, "167": 1.0, "169": 1.0, "170": 1.0, "171": 1.0, "173": 1.0, "175": 1.0, "176": 1.0, "177": 1.0, "178": 1.0, "180": 1.0, "181": 1.0, "182": 1.0, "183": 1.0, "184": 1.0, "185": 1.0, "187": 1.0, "188": 1.0, "189": 1.0, "190": 1.0, "191": 1.0, "192": 1.0, "193": 1.0, "194": 1.0, "195": 1.0, "196": 1.0, "197": 1.0, "199": 1.0, "200": 1.0, "201": 1.0, "202": 1.0, "203": 1.0, "204": 1.0, "205": 1.0, "206": 1.0, "207": 1.0, "208": 1.0, "210": 1.0, "211": 1.0, "212": 1.0, "213": 1.0, "215": 1.0, "218": 1.0, "219": 1.0, "220": 1.0, "221": 1.0, "222": 1.0, "223": 1.0, "225": 1.0, "228": 1.0, "229": 1.0, "230": 1.0, "231": 1.0, "234": 1.0, "237": 1.0, "238": 1.0, "239": 1.0, "240": 1.0, "242": 1.0, "243": 1.0, "245": 1.0, "247": 1.0, "248": 1.0, "249": 1.0, "250": 1.0, "251": 1.0, "253": 1.0, "255": 1.0, "256": 1.0, "257": 1.0, "258": 1.0, "259": 1.0, "261": 1.0, "262": 1.0, "263": 1.0, "264": 1.0, "266": 1.0, "267": 1.0, "269": 1.0, "271": 1.0, "272": 1.0, "273": 1.0, "275": 1.0, "276": 1.0, "279": 1.0, "280": 1.0, "281": 1.0, "283": 1.0, "284": 1.0, "285": 1.0, "287": 1.0, "288": 1.0, "290": 1.0, "291": 1.0, "295": 1.0, "296": 1.0, "298": 1.0, "299": 1.0, "301": 1.0, "303": 1.0, "304": 1.0, "306": 1.0, "307": 1.0, "308": 1.0, "309": 1.0, "310": 1.0, "311": 1.0, "312": 1.0, "313": 1.0, "314": 1.0, "316": 1.0, "317": 1.0, "318": 1.0, "319": 1.0}}}