{"10": {"FDR": 0.0, "Power": 0.5, "Temporal_FDR": 0.0, "Temporal_Power": 0.5, "Average_Window_FDR": 0.0, "Average_Window_Power": 0.6545454545454545, "Window_Overlap": {"0": 0.5454545454545454, "1": 1.0, "5": 1.0, "6": 1.0, "8": 0.5909090909090909}}, "20": {"FDR": 0.0, "Power": 0.5, "Temporal_FDR": 0.0, "Temporal_Power": 0.5, "Average_Window_FDR": 0.0, "Average_Window_Power": 0.6727272727272726, "Window_Overlap": {"0": 0.5454545454545454, "1": 1.0, "5": 1.0, "6": 1.0, "8": 0.6363636363636364}}, "30": {"FDR": 0.0, "Power": 0.5, "Temporal_FDR": 0.0, "Temporal_Power": 0.5, "Average_Window_FDR": 0.0, "Average_Window_Power": 0.6727272727272726, "Window_Overlap": {"0": 0.5454545454545454, "1": 1.0, "5": 1.0, "6": 1.0, "8": 0.6363636363636364}}, "40": {"FDR": 0.0, "Power": 0.5, "Temporal_FDR": 0.0, "Temporal_Power": 0.5, "Average_Window_FDR": 0.0, "Average_Window_Power": 0.6727272727272726, "Window_Overlap": {"0": 0.5454545454545454, "1": 1.0, "5": 1.0, "6": 1.0, "8": 0.6363636363636364}}, "50": {"FDR": 0.0, "Power": 0.5, "Temporal_FDR": 0.0, "Temporal_Power": 0.5, "Average_Window_FDR": 0.0, "Average_Window_Power": 0.6727272727272726, "Window_Overlap": {"0": 0.5454545454545454, "1": 1.0, "5": 1.0, "6": 1.0, "8": 0.6363636363636364}}}