{"10": {"FDR": 0.0, "Power": 0.4, "Temporal_FDR": 0.0, "Temporal_Power": 0.4, "Average_Window_FDR": 0.0, "Average_Window_Power": 0.7727272727272727, "Window_Overlap": {"2": 1.0, "3": 1.0, "6": 1.0, "9": 0.5454545454545454}}, "20": {"FDR": 0.0, "Power": 0.6, "Temporal_FDR": 0.0, "Temporal_Power": 0.6, "Average_Window_FDR": 0.0, "Average_Window_Power": 1.0, "Window_Overlap": {"0": 1.0, "2": 1.0, "3": 1.0, "6": 1.0, "9": 1.0, "10": 1.0, "12": 1.0, "13": 1.0, "14": 1.0, "15": 1.0, "17": 1.0, "18": 1.0}}, "40": {"FDR": 0.0, "Power": 0.625, "Temporal_FDR": 0.0, "Temporal_Power": 0.631578947368421, "Average_Window_FDR": 0.0, "Average_Window_Power": 0.8656549043062199, "Window_Overlap": {"2": 1.0, "3": 1.0, "6": 1.0, "9": 0.5454545454545454, "10": 1.0, "12": 1.0, "13": 1.0, "14": 1.0, "15": 1.0, "17": 1.0, "18": 1.0, "21": 1.0, "22": 0.5625, "24": 1.0, "25": 0.5526315789473684, "26": 1.0, "28": 1.0, "29": 1.0, "31": 1.0, "33": 1.0, "34": 1.0, "35": 1.0, "38": 0.7272727272727273, "39": 1.0}}, "80": {"FDR": 0.0, "Power": 0.6375, "Temporal_FDR": 0.0, "Temporal_Power": 0.6410256410256411, "Average_Window_FDR": 0.0, "Average_Window_Power": 0.8384984810511125, "Window_Overlap": {"2": 1.0, "3": 1.0, "6": 1.0, "9": 0.5454545454545454, "10": 1.0, "12": 1.0, "13": 1.0, "14": 1.0, "15": 1.0, "17": 1.0, "18": 1.0, "20": 1.0, "21": 1.0, "22": 0.625, "24": 1.0, "25": 0.5526315789473684, "26": 1.0, "28": 1.0, "29": 1.0, "31": 1.0, "33": 1.0, "34": 1.0, "35": 1.0, "38": 0.7272727272727273, "39": 1.0, "40": 0.5625, "44": 1.0, "45": 0.5555555555555556, "47": 1.0, "48": 1.0, "49": 1.0, "51": 1.0, "52": 1.0, "53": 1.0, "56": 0.5357142857142857, "60": 1.0, "61": 0.625, "62": 1.0, "63": 1.0, "65": 1.0, "66": 0.5666666666666667, "67": 1.0, "68": 1.0, "70": 1.0, "71": 0.6666666666666666, "72": 1.0, "73": 1.0, "76": 1.0, "77": 1.0, "79": 1.0}}, "160": {"FDR": 0.0, "Power": 0.6625, "Temporal_FDR": 0.0, "Temporal_Power": 0.6688311688311688, "Average_Window_FDR": 0.0, "Average_Window_Power": 0.8573238539442064, "Window_Overlap": {"2": 1.0, "3": 1.0, "6": 1.0, "9": 0.5454545454545454, "10": 1.0, "12": 1.0, "13": 1.0, "14": 1.0, "15": 1.0, "17": 1.0, "18": 1.0, "20": 1.0, "21": 1.0, "22": 0.625, "24": 1.0, "25": 0.5526315789473684, "26": 1.0, "28": 1.0, "29": 1.0, "31": 1.0, "33": 1.0, "34": 1.0, "35": 1.0, "38": 0.7727272727272727, "39": 1.0, "40": 0.5625, "44": 1.0, "45": 0.5555555555555556, "47": 1.0, "48": 1.0, "49": 1.0, "51": 1.0, "52": 1.0, "53": 1.0, "55": 0.8461538461538461, "56": 0.5357142857142857, "60": 1.0, "61": 0.625, "62": 1.0, "63": 1.0, "65": 1.0, "66": 0.5666666666666667, "67": 1.0, "68": 1.0, "70": 1.0, "71": 0.6666666666666666, "72": 1.0, "73": 1.0, "76": 1.0, "77": 1.0, "79": 1.0, "80": 1.0, "81": 0.65, "86": 1.0, "88": 1.0, "89": 1.0, "91": 1.0, "92": 1.0, "93": 1.0, "96": 1.0, "97": 1.0, "98": 1.0, "99": 1.0, "100": 1.0, "102": 1.0, "103": 1.0, "104": 1.0, "105": 0.7307692307692308, "106": 0.53125, "108": 1.0, "110": 0.5454545454545454, "111": 0.5625, "115": 0.7, "116": 1.0, "119": 1.0, "120": 1.0, "121": 1.0, "122": 1.0, "123": 1.0, "124": 1.0, "125": 0.9444444444444444, "129": 1.0, "130": 1.0, "132": 1.0, "133": 1.0, "135": 0.5882352941176471, "136": 1.0, "138": 0.5454545454545454, "139": 1.0, "140": 1.0, "142": 1.0, "143": 1.0, "144": 1.0, "146": 1.0, "147": 1.0, "150": 1.0, "151": 1.0, "152": 1.0, "153": 1.0, "154": 1.0, "155": 1.0, "157": 1.0, "158": 1.0}}, "320": {"FDR": 0.0, "Power": 0.70625, "Temporal_FDR": 0.0, "Temporal_Power": 0.7028753993610224, "Average_Window_FDR": 0.0, "Average_Window_Power": 0.8738886674080525, "Window_Overlap": {"2": 1.0, "3": 1.0, "6": 1.0, "9": 0.5454545454545454, "10": 1.0, "12": 1.0, "13": 1.0, "14": 1.0, "15": 1.0, "17": 1.0, "18": 1.0, "20": 1.0, "21": 1.0, "22": 0.625, "24": 1.0, "25": 0.5526315789473684, "26": 1.0, "28": 1.0, "29": 1.0, "31": 1.0, "33": 1.0, "34": 1.0, "35": 1.0, "38": 0.7272727272727273, "39": 1.0, "40": 0.5625, "44": 1.0, "45": 0.5555555555555556, "47": 1.0, "48": 1.0, "49": 1.0, "51": 1.0, "52": 1.0, "53": 1.0, "55": 0.7307692307692308, "56": 0.5357142857142857, "57": 0.7222222222222222, "60": 1.0, "61": 0.5833333333333334, "62": 1.0, "63": 1.0, "65": 1.0, "66": 0.5666666666666667, "67": 1.0, "68": 1.0, "70": 1.0, "71": 0.6666666666666666, "72": 1.0, "73": 1.0, "76": 1.0, "77": 1.0, "79": 1.0, "80": 1.0, "81": 0.65, "86": 1.0, "88": 1.0, "89": 1.0, "91": 1.0, "92": 1.0, "93": 1.0, "96": 1.0, "97": 1.0, "98": 1.0, "99": 1.0, "100": 1.0, "102": 1.0, "103": 1.0, "104": 1.0, "105": 0.6923076923076923, "106": 0.53125, "108": 1.0, "110": 0.5454545454545454, "111": 0.5625, "115": 0.7, "116": 1.0, "119": 1.0, "120": 1.0, "121": 1.0, "122": 1.0, "123": 1.0, "124": 1.0, "125": 1.0, "129": 1.0, "130": 1.0, "132": 1.0, "133": 1.0, "135": 0.5882352941176471, "136": 1.0, "138": 0.5454545454545454, "139": 1.0, "140": 1.0, "142": 1.0, "143": 1.0, "144": 1.0, "146": 1.0, "147": 1.0, "150": 1.0, "151": 1.0, "152": 1.0, "153": 1.0, "154": 1.0, "155": 1.0, "157": 1.0, "158": 1.0, "161": 1.0, "165": 1.0, "168": 0.5263157894736842, "169": 0.5625, "170": 1.0, "171": 1.0, "172": 1.0, "173": 1.0, "177": 1.0, "178": 1.0, "179": 1.0, "180": 1.0, "181": 0.6071428571428571, "184": 0.8636363636363636, "185": 1.0, "188": 1.0, "189": 1.0, "190": 1.0, "191": 1.0, "192": 0.8571428571428572, "193": 1.0, "195": 0.75, "196": 1.0, "197": 1.0, "198": 1.0, "199": 1.0, "201": 1.0, "203": 1.0, "204": 0.5909090909090909, "206": 1.0, "207": 1.0, "208": 1.0, "209": 0.8, "210": 0.6, "211": 1.0, "212": 1.0, "213": 1.0, "214": 1.0, "215": 1.0, "216": 1.0, "217": 1.0, "218": 1.0, "219": 1.0, "220": 0.5714285714285714, "222": 1.0, "223": 1.0, "224": 0.5625, "225": 1.0, "227": 1.0, "228": 1.0, "229": 1.0, "230": 1.0, "231": 1.0, "232": 1.0, "233": 1.0, "234": 1.0, "235": 1.0, "236": 1.0, "238": 1.0, "239": 1.0, "240": 1.0, "242": 1.0, "243": 1.0, "244": 1.0, "245": 1.0, "246": 1.0, "247": 1.0, "250": 1.0, "251": 1.0, "252": 1.0, "253": 0.9210526315789473, "254": 1.0, "255": 1.0, "256": 1.0, "257": 1.0, "258": 1.0, "259": 1.0, "260": 1.0, "261": 1.0, "262": 0.55, "263": 1.0, "264": 1.0, "265": 0.6666666666666666, "266": 1.0, "271": 1.0, "272": 1.0, "275": 1.0, "276": 1.0, "278": 1.0, "280": 0.7727272727272727, "283": 1.0, "284": 0.9166666666666667, "285": 1.0, "286": 1.0, "287": 1.0, "289": 1.0, "293": 1.0, "294": 1.0, "296": 1.0, "297": 0.6666666666666666, "298": 1.0, "299": 1.0, "300": 1.0, "301": 1.0, "303": 1.0, "305": 1.0, "306": 0.5909090909090909, "308": 1.0, "309": 1.0, "310": 1.0, "311": 1.0, "313": 1.0, "314": 1.0, "316": 1.0, "317": 1.0, "318": 0.5625}}}