{"10": {"FDR": 0.0, "Power": 1.0, "Temporal_FDR": 0.0, "Temporal_Power": 1.0, "Average_Window_FDR": 0.0, "Average_Window_Power": 0.6875, "Window_Overlap": {"0": 0.6111111111111112, "1": 0.8888888888888888, "2": 1.0, "4": 0.875}}, "20": {"FDR": 0.0, "Power": 1.0, "Temporal_FDR": 0.0, "Temporal_Power": 1.0, "Average_Window_FDR": 0.0, "Average_Window_Power": 0.8611111111111112, "Window_Overlap": {"0": 0.7222222222222222, "1": 1.0, "2": 1.0, "4": 1.0}}, "40": {"FDR": 0.0, "Power": 1.0, "Temporal_FDR": 0.0, "Temporal_Power": 1.0, "Average_Window_FDR": 0.0, "Average_Window_Power": 0.8888888888888888, "Window_Overlap": {"0": 0.7777777777777778, "1": 1.0, "2": 1.0, "4": 1.0}}, "80": {"FDR": 0.0, "Power": 1.0, "Temporal_FDR": 0.0, "Temporal_Power": 1.0, "Average_Window_FDR": 0.0, "Average_Window_Power": 0.8888888888888888, "Window_Overlap": {"0": 0.7777777777777778, "1": 1.0, "2": 1.0, "4": 1.0}}, "160": {"FDR": 0.0, "Power": 1.0, "Temporal_FDR": 0.0, "Temporal_Power": 1.0, "Average_Window_FDR": 0.0, "Average_Window_Power": 0.8888888888888888, "Window_Overlap": {"0": 0.7777777777777778, "1": 1.0, "2": 1.0, "4": 1.0}}, "320": {"FDR": 0.0, "Power": 1.0, "Temporal_FDR": 0.0, "Temporal_Power": 1.0, "Average_Window_FDR": 0.0, "Average_Window_Power": 0.9166666666666666, "Window_Overlap": {"0": 0.8333333333333333, "1": 1.0, "2": 1.0, "4": 1.0}}}