{"10": {"FDR": 0.0, "Power": 0.6, "Temporal_FDR": 0.0, "Temporal_Power": 0.6, "Average_Window_FDR": 0.0, "Average_Window_Power": 0.8666666666666667, "Window_Overlap": {"2": 1.0, "5": 1.0, "6": 0.6, "7": 1.0, "8": 1.0, "9": 1.0}}, "20": {"FDR": 0.0, "Power": 0.75, "Temporal_FDR": 0.0, "Temporal_Power": 0.75, "Average_Window_FDR": 0.0, "Average_Window_Power": 1.0, "Window_Overlap": {"2": 1.0, "4": 1.0, "5": 1.0, "6": 1.0, "7": 1.0, "8": 1.0, "9": 1.0, "10": 1.0, "11": 1.0, "13": 1.0, "14": 1.0, "15": 1.0, "17": 1.0, "18": 1.0, "19": 1.0}}, "40": {"FDR": 0.0, "Power": 0.725, "Temporal_FDR": 0.0, "Temporal_Power": 0.717948717948718, "Average_Window_FDR": 0.0, "Average_Window_Power": 0.8990079365079364, "Window_Overlap": {"2": 1.0, "5": 1.0, "6": 0.6, "7": 1.0, "8": 1.0, "9": 1.0, "10": 1.0, "11": 1.0, "13": 1.0, "14": 1.0, "15": 1.0, "18": 1.0, "19": 1.0, "20": 1.0, "21": 1.0, "22": 1.0, "23": 1.0, "24": 0.5555555555555556, "25": 1.0, "27": 1.0, "29": 1.0, "30": 1.0, "31": 1.0, "35": 0.5555555555555556, "36": 1.0, "37": 0.875, "38": 1.0, "39": 1.0}}, "80": {"FDR": 0.0, "Power": 0.725, "Temporal_FDR": 0.0, "Temporal_Power": 0.717948717948718, "Average_Window_FDR": 0.0, "Average_Window_Power": 0.8874769080126222, "Window_Overlap": {"2": 1.0, "5": 1.0, "6": 0.6, "7": 1.0, "8": 1.0, "9": 1.0, "10": 1.0, "11": 1.0, "13": 1.0, "14": 1.0, "15": 1.0, "17": 0.8571428571428572, "18": 1.0, "19": 1.0, "20": 1.0, "21": 1.0, "22": 1.0, "23": 0.8076923076923077, "24": 0.5555555555555556, "25": 1.0, "27": 0.9615384615384616, "29": 1.0, "30": 1.0, "31": 1.0, "35": 0.5555555555555556, "36": 1.0, "37": 0.875, "38": 1.0, "39": 1.0, "40": 1.0, "41": 1.0, "42": 1.0, "43": 1.0, "49": 0.7777777777777778, "51": 0.7, "52": 1.0, "53": 1.0, "57": 1.0, "58": 1.0, "59": 1.0, "60": 0.5833333333333334, "61": 1.0, "62": 1.0, "63": 1.0, "64": 1.0, "65": 1.0, "66": 1.0, "67": 1.0, "68": 1.0, "71": 1.0, "72": 1.0, "73": 1.0, "75": 1.0, "76": 0.9090909090909092, "77": 1.0, "79": 0.6666666666666666}}, "160": {"FDR": 0.0, "Power": 0.675, "Temporal_FDR": 0.0, "Temporal_Power": 0.6709677419354839, "Average_Window_FDR": 0.0, "Average_Window_Power": 0.9105990500727342, "Window_Overlap": {"2": 1.0, "5": 1.0, "6": 0.6, "7": 1.0, "8": 1.0, "9": 1.0, "10": 1.0, "11": 1.0, "13": 1.0, "14": 1.0, "15": 1.0, "18": 1.0, "19": 1.0, "20": 1.0, "21": 1.0, "22": 1.0, "24": 0.5555555555555556, "25": 1.0, "27": 1.0, "29": 1.0, "30": 1.0, "31": 1.0, "35": 0.5555555555555556, "36": 1.0, "37": 0.875, "38": 1.0, "39": 1.0, "40": 1.0, "41": 1.0, "42": 1.0, "43": 1.0, "49": 0.8055555555555556, "51": 0.7, "52": 1.0, "53": 1.0, "57": 1.0, "58": 1.0, "59": 1.0, "60": 0.5833333333333334, "61": 1.0, "62": 1.0, "63": 1.0, "64": 1.0, "65": 1.0, "66": 1.0, "67": 1.0, "68": 1.0, "71": 1.0, "72": 1.0, "73": 1.0, "75": 1.0, "76": 0.8636363636363636, "77": 1.0, "79": 0.6666666666666666, "80": 1.0, "81": 1.0, "82": 1.0, "85": 1.0, "86": 1.0, "87": 1.0, "88": 1.0, "90": 1.0, "92": 1.0, "93": 1.0, "95": 1.0, "97": 1.0, "100": 1.0, "102": 1.0, "103": 1.0, "104": 1.0, "105": 1.0, "107": 1.0, "110": 1.0, "115": 1.0, "117": 0.8571428571428572, "118": 1.0, "119": 1.0, "120": 0.868421052631579, "122": 0.7368421052631579, "123": 1.0, "125": 1.0, "127": 1.0, "128": 1.0, "129": 0.7727272727272727, "130": 0.5625, "131": 1.0, "133": 1.0, "138": 1.0, "141": 1.0, "142": 1.0, "143": 1.0, "144": 1.0, "146": 1.0, "148": 0.7857142857142857, "149": 1.0, "150": 1.0, "151": 0.5625, "153": 1.0, "154": 1.0, "155": 1.0, "156": 1.0, "157": 1.0, "158": 1.0, "159": 1.0}}, "320": {"FDR": 0.0, "Power": 0.765625, "Temporal_FDR": 0.0, "Temporal_Power": 0.7692307692307693, "Average_Window_FDR": 0.0, "Average_Window_Power": 1.0, "Window_Overlap": {"2": 1.0, "4": 1.0, "5": 1.0, "6": 1.0, "7": 1.0, "8": 1.0, "9": 1.0, "10": 1.0, "11": 1.0, "13": 1.0, "14": 1.0, "15": 1.0, "17": 1.0, "18": 1.0, "19": 1.0, "20": 1.0, "21": 1.0, "22": 1.0, "23": 1.0, "24": 1.0, "25": 1.0, "27": 1.0, "29": 1.0, "30": 1.0, "31": 1.0, "35": 1.0, "36": 1.0, "37": 1.0, "38": 1.0, "39": 1.0, "40": 1.0, "41": 1.0, "42": 1.0, "43": 1.0, "47": 1.0, "49": 1.0, "51": 1.0, "52": 1.0, "53": 1.0, "55": 1.0, "57": 1.0, "58": 1.0, "59": 1.0, "60": 1.0, "61": 1.0, "62": 1.0, "63": 1.0, "64": 1.0, "65": 1.0, "66": 1.0, "67": 1.0, "68": 1.0, "70": 1.0, "71": 1.0, "72": 1.0, "73": 1.0, "75": 1.0, "76": 1.0, "77": 1.0, "78": 1.0, "79": 1.0, "80": 1.0, "81": 1.0, "82": 1.0, "85": 1.0, "86": 1.0, "87": 1.0, "88": 1.0, "89": 1.0, "90": 1.0, "92": 1.0, "93": 1.0, "95": 1.0, "96": 1.0, "97": 1.0, "100": 1.0, "102": 1.0, "103": 1.0, "104": 1.0, "105": 1.0, "106": 1.0, "107": 1.0, "108": 1.0, "110": 1.0, "111": 1.0, "114": 1.0, "115": 1.0, "117": 1.0, "118": 1.0, "119": 1.0, "120": 1.0, "121": 1.0, "122": 1.0, "123": 1.0, "125": 1.0, "126": 1.0, "127": 1.0, "128": 1.0, "129": 1.0, "130": 1.0, "131": 1.0, "133": 1.0, "134": 1.0, "136": 1.0, "138": 1.0, "141": 1.0, "142": 1.0, "143": 1.0, "144": 1.0, "146": 1.0, "148": 1.0, "149": 1.0, "150": 1.0, "151": 1.0, "153": 1.0, "154": 1.0, "155": 1.0, "156": 1.0, "157": 1.0, "158": 1.0, "159": 1.0, "160": 1.0, "162": 1.0, "163": 1.0, "166": 1.0, "168": 1.0, "169": 1.0, "171": 1.0, "173": 1.0, "176": 1.0, "178": 1.0, "179": 1.0, "180": 1.0, "181": 1.0, "182": 1.0, "183": 1.0, "184": 1.0, "185": 1.0, "186": 1.0, "187": 1.0, "189": 1.0, "190": 1.0, "192": 1.0, "195": 1.0, "196": 1.0, "197": 1.0, "198": 1.0, "199": 1.0, "200": 1.0, "201": 1.0, "204": 1.0, "205": 1.0, "207": 1.0, "209": 1.0, "210": 1.0, "211": 1.0, "212": 1.0, "213": 1.0, "214": 1.0, "216": 1.0, "219": 1.0, "220": 1.0, "221": 1.0, "222": 1.0, "223": 1.0, "226": 1.0, "227": 1.0, "228": 1.0, "229": 1.0, "230": 1.0, "231": 1.0, "232": 1.0, "233": 1.0, "234": 1.0, "235": 1.0, "236": 1.0, "237": 1.0, "239": 1.0, "241": 1.0, "242": 1.0, "243": 1.0, "244": 1.0, "246": 1.0, "247": 1.0, "248": 1.0, "249": 1.0, "254": 1.0, "255": 1.0, "256": 1.0, "257": 1.0, "258": 1.0, "259": 1.0, "260": 1.0, "263": 1.0, "264": 1.0, "265": 1.0, "266": 1.0, "267": 1.0, "268": 1.0, "269": 1.0, "270": 1.0, "271": 1.0, "272": 1.0, "275": 1.0, "276": 1.0, "277": 1.0, "278": 1.0, "279": 1.0, "280": 1.0, "281": 1.0, "283": 1.0, "285": 1.0, "286": 1.0, "287": 1.0, "288": 1.0, "289": 1.0, "290": 1.0, "291": 1.0, "293": 1.0, "295": 1.0, "296": 1.0, "298": 1.0, "299": 1.0, "300": 1.0, "303": 1.0, "304": 1.0, "305": 1.0, "306": 1.0, "307": 1.0, "308": 1.0, "309": 1.0, "311": 1.0, "312": 1.0, "313": 1.0, "314": 1.0, "315": 1.0, "316": 1.0, "317": 1.0, "318": 1.0, "319": 1.0}}}