{"10": {"FDR": 0.0, "Power": 0.6, "Temporal_FDR": 0.0, "Temporal_Power": 0.6666666666666666, "Average_Window_FDR": 0.0, "Average_Window_Power": 1.0, "Window_Overlap": {"0": 1.0, "1": 1.0, "2": 1.0, "5": 1.0, "6": 1.0, "9": 1.0}}, "20": {"FDR": 0.0, "Power": 0.55, "Temporal_FDR": 0.0, "Temporal_Power": 0.5789473684210527, "Average_Window_FDR": 0.0, "Average_Window_Power": 0.9393939393939393, "Window_Overlap": {"0": 1.0, "1": 1.0, "2": 1.0, "5": 1.0, "6": 1.0, "9": 1.0, "13": 1.0, "14": 0.6666666666666666, "15": 1.0, "18": 1.0, "19": 1.0}}, "40": {"FDR": 0.0, "Power": 0.725, "Temporal_FDR": 0.0, "Temporal_Power": 0.7435897435897436, "Average_Window_FDR": 0.0, "Average_Window_Power": 0.8918146987112505, "Window_Overlap": {"0": 1.0, "1": 1.0, "2": 1.0, "5": 1.0, "6": 1.0, "9": 1.0, "13": 1.0, "14": 0.6666666666666666, "15": 1.0, "18": 1.0, "19": 1.0, "20": 0.9090909090909092, "21": 1.0, "22": 1.0, "23": 1.0, "24": 1.0, "25": 1.0, "26": 1.0, "27": 1.0, "28": 1.0, "29": 0.9444444444444444, "30": 1.0, "32": 1.0, "33": 1.0, "34": 1.0, "35": 0.6111111111111112, "36": 0.55, "37": 0.75, "38": 1.0}}, "80": {"FDR": 0.0, "Power": 0.775, "Temporal_FDR": 0.0, "Temporal_Power": 0.7866666666666666, "Average_Window_FDR": 0.0, "Average_Window_Power": 1.0, "Window_Overlap": {"0": 1.0, "1": 1.0, "2": 1.0, "5": 1.0, "6": 1.0, "8": 1.0, "9": 1.0, "11": 1.0, "13": 1.0, "14": 1.0, "15": 1.0, "17": 1.0, "18": 1.0, "19": 1.0, "20": 1.0, "21": 1.0, "22": 1.0, "23": 1.0, "24": 1.0, "25": 1.0, "26": 1.0, "27": 1.0, "28": 1.0, "29": 1.0, "30": 1.0, "32": 1.0, "33": 1.0, "34": 1.0, "35": 1.0, "36": 1.0, "37": 1.0, "38": 1.0, "39": 1.0, "40": 1.0, "42": 1.0, "45": 1.0, "46": 1.0, "49": 1.0, "50": 1.0, "51": 1.0, "52": 1.0, "54": 1.0, "55": 1.0, "57": 1.0, "58": 1.0, "59": 1.0, "60": 1.0, "61": 1.0, "64": 1.0, "65": 1.0, "68": 1.0, "70": 1.0, "71": 1.0, "72": 1.0, "73": 1.0, "76": 1.0, "77": 1.0, "78": 1.0, "79": 1.0}}, "160": {"FDR": 0.0, "Power": 0.68125, "Temporal_FDR": 0.0, "Temporal_Power": 0.6776315789473685, "Average_Window_FDR": 0.0, "Average_Window_Power": 0.9071754888449861, "Window_Overlap": {"0": 1.0, "1": 1.0, "2": 1.0, "5": 1.0, "6": 1.0, "9": 1.0, "13": 1.0, "14": 0.6666666666666666, "15": 1.0, "18": 1.0, "19": 1.0, "20": 1.0, "21": 1.0, "22": 1.0, "23": 1.0, "24": 1.0, "25": 1.0, "26": 1.0, "27": 1.0, "28": 1.0, "29": 1.0, "30": 1.0, "32": 1.0, "33": 1.0, "34": 0.9583333333333333, "35": 0.6111111111111112, "36": 0.55, "37": 0.75, "38": 1.0, "40": 1.0, "45": 0.5833333333333334, "46": 1.0, "49": 1.0, "50": 1.0, "51": 1.0, "52": 1.0, "54": 0.6176470588235294, "55": 1.0, "57": 1.0, "59": 1.0, "60": 0.6, "61": 1.0, "64": 0.9545454545454546, "65": 1.0, "68": 0.9545454545454546, "70": 1.0, "71": 0.6, "72": 1.0, "73": 0.8421052631578947, "77": 1.0, "78": 1.0, "79": 1.0, "80": 1.0, "82": 1.0, "83": 1.0, "84": 1.0, "86": 1.0, "87": 1.0, "89": 1.0, "90": 1.0, "91": 1.0, "92": 1.0, "93": 1.0, "94": 1.0, "95": 1.0, "98": 1.0, "100": 1.0, "102": 1.0, "103": 1.0, "104": 1.0, "106": 1.0, "108": 1.0, "109": 0.5666666666666667, "110": 0.9, "111": 1.0, "114": 0.53125, "116": 0.95, "120": 1.0, "121": 1.0, "123": 1.0, "124": 1.0, "125": 1.0, "130": 0.625, "131": 1.0, "133": 1.0, "134": 1.0, "138": 1.0, "140": 1.0, "141": 1.0, "142": 1.0, "144": 1.0, "146": 1.0, "148": 1.0, "149": 1.0, "150": 1.0, "151": 1.0, "152": 1.0, "153": 0.9583333333333333, "154": 1.0, "155": 1.0, "156": 1.0, "157": 1.0, "159": 1.0}}, "320": {"FDR": 0.0, "Power": 0.76875, "Temporal_FDR": 0.0, "Temporal_Power": 0.7755775577557755, "Average_Window_FDR": 0.0, "Average_Window_Power": 0.99839492347891, "Window_Overlap": {"0": 1.0, "1": 1.0, "2": 1.0, "5": 1.0, "6": 1.0, "8": 1.0, "9": 1.0, "11": 1.0, "13": 1.0, "14": 1.0, "15": 1.0, "17": 1.0, "18": 1.0, "19": 1.0, "20": 1.0, "21": 1.0, "22": 1.0, "23": 1.0, "24": 1.0, "25": 1.0, "26": 1.0, "27": 1.0, "28": 1.0, "29": 1.0, "30": 1.0, "32": 1.0, "33": 1.0, "34": 1.0, "35": 1.0, "36": 1.0, "37": 1.0, "38": 1.0, "39": 1.0, "40": 1.0, "42": 1.0, "45": 1.0, "46": 1.0, "49": 1.0, "50": 1.0, "51": 1.0, "52": 1.0, "54": 1.0, "55": 1.0, "57": 1.0, "58": 1.0, "59": 1.0, "60": 1.0, "61": 1.0, "64": 1.0, "65": 1.0, "68": 1.0, "70": 1.0, "71": 1.0, "72": 1.0, "73": 1.0, "76": 1.0, "77": 1.0, "78": 1.0, "79": 1.0, "80": 1.0, "82": 1.0, "83": 1.0, "84": 1.0, "85": 1.0, "86": 1.0, "87": 1.0, "89": 1.0, "90": 1.0, "91": 1.0, "92": 1.0, "93": 1.0, "94": 1.0, "95": 1.0, "96": 1.0, "97": 1.0, "98": 1.0, "100": 1.0, "102": 1.0, "103": 1.0, "104": 1.0, "106": 1.0, "108": 1.0, "109": 1.0, "110": 1.0, "111": 0.9166666666666667, "113": 1.0, "114": 1.0, "116": 1.0, "120": 1.0, "121": 1.0, "123": 1.0, "124": 1.0, "125": 1.0, "130": 1.0, "131": 1.0, "132": 1.0, "133": 1.0, "134": 1.0, "136": 1.0, "138": 1.0, "140": 1.0, "141": 1.0, "142": 1.0, "143": 1.0, "144": 1.0, "146": 1.0, "147": 1.0, "148": 1.0, "149": 1.0, "150": 1.0, "151": 1.0, "152": 1.0, "153": 1.0, "154": 1.0, "155": 1.0, "156": 1.0, "157": 1.0, "158": 1.0, "159": 1.0, "160": 1.0, "163": 1.0, "164": 1.0, "166": 1.0, "169": 1.0, "170": 1.0, "171": 1.0, "172": 1.0, "173": 1.0, "176": 1.0, "177": 1.0, "178": 1.0, "179": 1.0, "180": 1.0, "181": 1.0, "182": 1.0, "183": 1.0, "184": 1.0, "186": 1.0, "187": 1.0, "190": 1.0, "191": 1.0, "192": 1.0, "193": 1.0, "194": 1.0, "195": 1.0, "196": 1.0, "198": 1.0, "199": 1.0, "201": 1.0, "202": 1.0, "203": 1.0, "205": 1.0, "206": 1.0, "207": 1.0, "209": 1.0, "210": 1.0, "211": 1.0, "212": 1.0, "214": 1.0, "215": 1.0, "216": 1.0, "218": 1.0, "219": 1.0, "221": 1.0, "222": 1.0, "225": 1.0, "228": 1.0, "229": 1.0, "231": 1.0, "232": 1.0, "234": 1.0, "235": 1.0, "238": 1.0, "239": 1.0, "240": 1.0, "241": 1.0, "242": 1.0, "243": 1.0, "244": 1.0, "245": 1.0, "246": 1.0, "248": 1.0, "249": 1.0, "251": 1.0, "252": 1.0, "253": 1.0, "254": 1.0, "255": 1.0, "259": 1.0, "260": 1.0, "263": 1.0, "265": 1.0, "266": 1.0, "267": 1.0, "268": 1.0, "269": 1.0, "270": 1.0, "271": 1.0, "272": 1.0, "273": 1.0, "275": 1.0, "276": 1.0, "277": 1.0, "278": 1.0, "279": 1.0, "281": 1.0, "282": 1.0, "283": 1.0, "285": 1.0, "286": 1.0, "287": 1.0, "288": 1.0, "289": 1.0, "290": 1.0, "291": 1.0, "292": 1.0, "293": 1.0, "294": 1.0, "296": 1.0, "298": 1.0, "299": 0.8947368421052632, "300": 1.0, "302": 1.0, "304": 1.0, "305": 1.0, "306": 1.0, "307": 1.0, "308": 1.0, "310": 1.0, "311": 1.0, "312": 1.0, "313": 1.0, "314": 1.0, "315": 1.0, "316": 1.0}}}