{"10": {"FDR": 0.0, "Power": 0.6, "Temporal_FDR": 0.0, "Temporal_Power": 0.6666666666666666, "Average_Window_FDR": 0.0, "Average_Window_Power": 0.8690476190476191, "Window_Overlap": {"2": 1.0, "3": 1.0, "4": 0.8571428571428572, "6": 1.0, "7": 0.75, "9": 1.0}}, "20": {"FDR": 0.0, "Power": 0.6, "Temporal_FDR": 0.0, "Temporal_Power": 0.6, "Average_Window_FDR": 0.0, "Average_Window_Power": 0.9047619047619048, "Window_Overlap": {"2": 1.0, "3": 1.0, "4": 1.0, "6": 1.0, "7": 0.7142857142857143, "9": 1.0}}, "40": {"FDR": 0.0, "Power": 0.6, "Temporal_FDR": 0.0, "Temporal_Power": 0.6, "Average_Window_FDR": 0.0, "Average_Window_Power": 0.8598484848484849, "Window_Overlap": {"2": 1.0, "3": 1.0, "4": 1.0, "6": 1.0, "7": 0.625, "9": 0.9545454545454546}}, "80": {"FDR": 0.0, "Power": 0.5, "Temporal_FDR": 0.0, "Temporal_Power": 0.5, "Average_Window_FDR": 0.0, "Average_Window_Power": 0.7834782608695653, "Window_Overlap": {"2": 1.0, "4": 1.0, "6": 1.0, "7": 0.6086956521739131, "9": 0.85}}, "160": {"FDR": 0.0, "Power": 0.5, "Temporal_FDR": 0.0, "Temporal_Power": 0.5, "Average_Window_FDR": 0.0, "Average_Window_Power": 0.7452214452214452, "Window_Overlap": {"2": 1.0, "4": 1.0, "6": 1.0, "7": 0.5681818181818181, "9": 0.7948717948717949}}, "320": {"FDR": 0.0, "Power": 0.5, "Temporal_FDR": 0.0, "Temporal_Power": 0.5, "Average_Window_FDR": 0.0, "Average_Window_Power": 0.7101633393829401, "Window_Overlap": {"2": 1.0, "4": 1.0, "6": 1.0, "7": 0.5517241379310345, "9": 0.7236842105263158}}}