{"10": {"FDR": 0.0, "Power": 0.8, "Temporal_FDR": 0.0, "Temporal_Power": 0.8, "Average_Window_FDR": 0.0, "Average_Window_Power": 0.8573179271708684, "Window_Overlap": {"0": 0.6666666666666666, "1": 1.0, "2": 1.0, "4": 0.8214285714285714, "5": 1.0, "7": 1.0, "8": 1.0, "9": 0.9411764705882353}}, "20": {"FDR": 0.0, "Power": 0.8, "Temporal_FDR": 0.0, "Temporal_Power": 0.8, "Average_Window_FDR": 0.0, "Average_Window_Power": 1.0, "Window_Overlap": {"0": 1.0, "1": 1.0, "3": 1.0, "4": 1.0, "5": 1.0, "7": 1.0, "8": 1.0, "9": 1.0, "11": 1.0, "12": 1.0, "13": 1.0, "15": 1.0, "16": 1.0, "17": 1.0, "18": 1.0, "19": 1.0}}, "40": {"FDR": 0.0, "Power": 0.575, "Temporal_FDR": 0.0, "Temporal_Power": 0.5897435897435898, "Average_Window_FDR": 0.0, "Average_Window_Power": 0.9478139081719644, "Window_Overlap": {"0": 0.6666666666666666, "1": 1.0, "2": 1.0, "4": 0.8214285714285714, "5": 1.0, "7": 1.0, "8": 1.0, "9": 0.9117647058823529, "11": 1.0, "13": 1.0, "15": 1.0, "16": 1.0, "17": 1.0, "18": 1.0, "20": 1.0, "21": 1.0, "22": 1.0, "24": 1.0, "33": 1.0, "36": 1.0, "37": 1.0, "38": 1.0, "39": 1.0}}, "80": {"FDR": 0.0, "Power": 0.7125, "Temporal_FDR": 0.0, "Temporal_Power": 0.7402597402597403, "Average_Window_FDR": 0.0, "Average_Window_Power": 1.0, "Window_Overlap": {"0": 1.0, "1": 1.0, "2": 1.0, "3": 1.0, "4": 1.0, "5": 1.0, "7": 1.0, "8": 1.0, "9": 1.0, "11": 1.0, "12": 1.0, "13": 1.0, "15": 1.0, "16": 1.0, "17": 1.0, "18": 1.0, "19": 1.0, "20": 1.0, "21": 1.0, "22": 1.0, "24": 1.0, "27": 1.0, "33": 1.0, "36": 1.0, "37": 1.0, "38": 1.0, "39": 1.0, "40": 1.0, "41": 1.0, "42": 1.0, "45": 1.0, "46": 1.0, "47": 1.0, "48": 1.0, "49": 1.0, "51": 1.0, "53": 1.0, "54": 1.0, "55": 1.0, "56": 1.0, "57": 1.0, "58": 1.0, "59": 1.0, "61": 1.0, "62": 1.0, "63": 1.0, "65": 1.0, "66": 1.0, "67": 1.0, "68": 1.0, "70": 1.0, "71": 1.0, "72": 1.0, "73": 1.0, "75": 1.0, "78": 1.0, "79": 1.0}}, "160": {"FDR": 0.0, "Power": 0.6625, "Temporal_FDR": 0.0, "Temporal_Power": 0.6730769230769231, "Average_Window_FDR": 0.0, "Average_Window_Power": 0.8847392816775833, "Window_Overlap": {"0": 0.6666666666666666, "1": 1.0, "2": 1.0, "4": 0.8214285714285714, "5": 1.0, "7": 1.0, "8": 1.0, "9": 0.9705882352941176, "11": 1.0, "13": 1.0, "15": 1.0, "16": 1.0, "17": 1.0, "18": 1.0, "20": 1.0, "21": 1.0, "22": 1.0, "24": 1.0, "33": 1.0, "36": 1.0, "37": 1.0, "38": 1.0, "39": 1.0, "40": 0.6428571428571428, "41": 1.0, "42": 0.6666666666666666, "47": 1.0, "48": 1.0, "49": 1.0, "51": 1.0, "53": 1.0, "54": 1.0, "55": 1.0, "56": 1.0, "57": 1.0, "58": 1.0, "59": 1.0, "61": 0.5333333333333333, "62": 1.0, "63": 0.6764705882352942, "65": 1.0, "66": 1.0, "67": 1.0, "70": 1.0, "71": 1.0, "72": 1.0, "73": 1.0, "75": 1.0, "78": 1.0, "79": 1.0, "81": 1.0, "82": 1.0, "83": 0.5555555555555556, "84": 1.0, "85": 1.0, "86": 0.5333333333333333, "87": 1.0, "89": 1.0, "90": 1.0, "93": 1.0, "94": 1.0, "95": 1.0, "96": 0.5294117647058824, "97": 0.5882352941176471, "98": 1.0, "100": 1.0, "102": 0.9705882352941176, "104": 1.0, "106": 1.0, "107": 1.0, "108": 0.5263157894736842, "109": 1.0, "110": 1.0, "112": 1.0, "113": 1.0, "114": 1.0, "116": 1.0, "118": 1.0, "119": 1.0, "120": 0.6111111111111112, "122": 1.0, "123": 1.0, "124": 1.0, "125": 1.0, "127": 0.53125, "129": 1.0, "131": 1.0, "133": 1.0, "134": 1.0, "135": 1.0, "139": 1.0, "141": 1.0, "142": 1.0, "145": 1.0, "146": 0.5833333333333334, "148": 1.0, "149": 1.0, "150": 1.0, "151": 1.0, "152": 1.0, "154": 1.0, "156": 1.0, "157": 1.0, "158": 0.5416666666666666, "159": 1.0}}, "320": {"FDR": 0.0, "Power": 0.64375, "Temporal_FDR": 0.0, "Temporal_Power": 0.643312101910828, "Average_Window_FDR": 0.0, "Average_Window_Power": 0.8844538313381232, "Window_Overlap": {"0": 0.6666666666666666, "1": 1.0, "2": 1.0, "4": 0.8214285714285714, "5": 1.0, "7": 1.0, "8": 1.0, "9": 0.9705882352941176, "11": 1.0, "13": 1.0, "15": 1.0, "16": 1.0, "17": 1.0, "18": 1.0, "19": 0.5384615384615384, "20": 1.0, "21": 1.0, "22": 1.0, "24": 1.0, "33": 1.0, "36": 1.0, "37": 1.0, "38": 1.0, "39": 1.0, "41": 1.0, "42": 0.6666666666666666, "47": 1.0, "48": 1.0, "49": 1.0, "51": 1.0, "53": 1.0, "54": 1.0, "55": 1.0, "56": 1.0, "57": 1.0, "58": 1.0, "59": 1.0, "61": 0.5333333333333333, "62": 0.8571428571428572, "63": 0.6764705882352942, "65": 1.0, "66": 1.0, "67": 1.0, "70": 1.0, "71": 1.0, "72": 1.0, "73": 1.0, "75": 1.0, "78": 1.0, "79": 1.0, "80": 0.5384615384615384, "81": 1.0, "82": 1.0, "83": 0.5555555555555556, "84": 1.0, "85": 1.0, "86": 0.5333333333333333, "87": 1.0, "89": 1.0, "90": 1.0, "93": 1.0, "94": 1.0, "95": 1.0, "96": 0.5294117647058824, "97": 0.5882352941176471, "98": 1.0, "100": 1.0, "102": 0.9705882352941176, "104": 1.0, "106": 1.0, "107": 1.0, "108": 0.5263157894736842, "109": 1.0, "110": 1.0, "112": 1.0, "113": 1.0, "114": 1.0, "116": 1.0, "118": 1.0, "119": 1.0, "120": 0.6111111111111112, "122": 1.0, "123": 1.0, "124": 1.0, "125": 1.0, "127": 0.53125, "129": 1.0, "131": 1.0, "133": 1.0, "134": 1.0, "135": 1.0, "139": 1.0, "141": 1.0, "142": 1.0, "145": 1.0, "146": 0.6666666666666666, "148": 1.0, "149": 1.0, "150": 1.0, "151": 1.0, "152": 1.0, "154": 1.0, "156": 1.0, "157": 1.0, "159": 1.0, "160": 1.0, "162": 1.0, "164": 1.0, "166": 1.0, "167": 0.7777777777777778, "168": 1.0, "169": 1.0, "171": 0.5625, "172": 1.0, "174": 1.0, "176": 1.0, "177": 1.0, "178": 1.0, "181": 1.0, "183": 1.0, "184": 0.6666666666666666, "185": 1.0, "186": 0.7857142857142857, "187": 1.0, "188": 1.0, "189": 1.0, "192": 1.0, "193": 1.0, "194": 1.0, "195": 1.0, "196": 1.0, "199": 1.0, "200": 1.0, "201": 1.0, "204": 1.0, "207": 1.0, "208": 1.0, "209": 1.0, "210": 1.0, "213": 1.0, "214": 1.0, "215": 1.0, "219": 1.0, "224": 1.0, "225": 1.0, "226": 1.0, "228": 0.5555555555555556, "230": 1.0, "231": 1.0, "232": 1.0, "235": 1.0, "236": 1.0, "237": 1.0, "239": 1.0, "240": 1.0, "242": 1.0, "246": 1.0, "247": 1.0, "248": 1.0, "250": 0.5384615384615384, "251": 0.5263157894736842, "253": 0.7894736842105263, "255": 1.0, "256": 0.6875, "257": 1.0, "258": 1.0, "264": 0.5357142857142857, "265": 1.0, "267": 1.0, "268": 1.0, "269": 1.0, "271": 1.0, "273": 1.0, "274": 1.0, "275": 1.0, "276": 1.0, "278": 1.0, "280": 1.0, "284": 1.0, "285": 0.75, "289": 1.0, "290": 0.8214285714285714, "292": 1.0, "293": 1.0, "295": 1.0, "296": 1.0, "297": 1.0, "298": 1.0, "299": 1.0, "300": 1.0, "301": 1.0, "303": 0.5263157894736842, "306": 0.6428571428571428, "307": 1.0, "308": 0.5357142857142857, "311": 1.0, "312": 0.8461538461538461, "313": 1.0, "315": 1.0, "317": 1.0, "318": 1.0, "319": 1.0}}}