{"10": {"FDR": 0.0, "Power": 0.8, "Temporal_FDR": 0.0, "Temporal_Power": 0.8, "Average_Window_FDR": 0.0, "Average_Window_Power": 1.0, "Window_Overlap": {"0": 1.0, "1": 1.0, "3": 1.0, "5": 1.0, "6": 1.0, "7": 1.0, "8": 1.0, "9": 1.0}}, "20": {"FDR": 0.0, "Power": 0.7, "Temporal_FDR": 0.0, "Temporal_Power": 0.7, "Average_Window_FDR": 0.0, "Average_Window_Power": 0.8928571428571429, "Window_Overlap": {"0": 0.75, "1": 1.0, "3": 1.0, "5": 1.0, "6": 1.0, "7": 1.0, "8": 0.75, "9": 1.0, "10": 1.0, "11": 1.0, "14": 0.75, "17": 1.0, "18": 1.0, "19": 1.0}}, "40": {"FDR": 0.0, "Power": 0.65, "Temporal_FDR": 0.0, "Temporal_Power": 0.6666666666666666, "Average_Window_FDR": 0.0, "Average_Window_Power": 0.925, "Window_Overlap": {"0": 0.8125, "1": 1.0, "3": 1.0, "5": 1.0, "6": 1.0, "7": 1.0, "8": 0.75, "9": 1.0, "10": 1.0, "11": 1.0, "14": 0.8125, "17": 1.0, "18": 1.0, "19": 1.0, "22": 1.0, "24": 1.0, "25": 1.0, "26": 1.0, "29": 1.0, "30": 1.0, "32": 1.0, "33": 1.0, "34": 1.0, "35": 0.65, "36": 1.0, "39": 1.0}}, "80": {"FDR": 0.0, "Power": 0.775, "Temporal_FDR": 0.0, "Temporal_Power": 0.7792207792207793, "Average_Window_FDR": 0.0, "Average_Window_Power": 1.0, "Window_Overlap": {"0": 1.0, "1": 1.0, "3": 1.0, "5": 1.0, "6": 1.0, "7": 1.0, "8": 1.0, "9": 1.0, "10": 1.0, "11": 1.0, "14": 1.0, "15": 1.0, "17": 1.0, "18": 1.0, "19": 1.0, "21": 1.0, "22": 1.0, "24": 1.0, "25": 1.0, "26": 1.0, "27": 1.0, "29": 1.0, "30": 1.0, "32": 1.0, "33": 1.0, "34": 1.0, "35": 1.0, "36": 1.0, "39": 1.0, "40": 1.0, "42": 1.0, "44": 1.0, "45": 1.0, "46": 1.0, "49": 1.0, "50": 1.0, "52": 1.0, "53": 1.0, "54": 1.0, "55": 1.0, "56": 1.0, "57": 1.0, "58": 1.0, "60": 1.0, "61": 1.0, "62": 1.0, "63": 1.0, "64": 1.0, "65": 1.0, "67": 1.0, "68": 1.0, "69": 1.0, "70": 1.0, "72": 1.0, "73": 1.0, "74": 1.0, "75": 1.0, "77": 1.0, "78": 1.0, "79": 1.0}}, "160": {"FDR": 0.0, "Power": 0.7375, "Temporal_FDR": 0.0, "Temporal_Power": 0.7254901960784313, "Average_Window_FDR": 0.0, "Average_Window_Power": 0.8886874636874637, "Window_Overlap": {"0": 0.8125, "1": 1.0, "3": 1.0, "5": 1.0, "6": 1.0, "7": 1.0, "8": 0.75, "9": 1.0, "10": 1.0, "11": 1.0, "14": 0.78125, "17": 1.0, "18": 1.0, "19": 1.0, "22": 1.0, "24": 1.0, "25": 1.0, "26": 1.0, "29": 1.0, "30": 1.0, "32": 1.0, "33": 1.0, "34": 1.0, "35": 0.65, "36": 1.0, "39": 1.0, "40": 0.625, "42": 0.6666666666666666, "44": 1.0, "45": 1.0, "46": 1.0, "49": 1.0, "50": 1.0, "52": 1.0, "53": 1.0, "54": 1.0, "55": 1.0, "56": 1.0, "57": 1.0, "58": 1.0, "60": 1.0, "61": 1.0, "64": 1.0, "65": 1.0, "67": 1.0, "68": 1.0, "69": 1.0, "70": 1.0, "72": 1.0, "73": 0.5769230769230769, "74": 1.0, "75": 1.0, "77": 0.7, "79": 1.0, "80": 1.0, "82": 0.75, "83": 1.0, "84": 1.0, "85": 1.0, "86": 1.0, "87": 1.0, "88": 0.6111111111111112, "89": 1.0, "90": 0.6, "91": 1.0, "93": 1.0, "94": 0.90625, "95": 1.0, "96": 1.0, "101": 1.0, "104": 1.0, "105": 0.5625, "106": 1.0, "107": 1.0, "109": 1.0, "110": 1.0, "111": 1.0, "112": 1.0, "114": 1.0, "117": 1.0, "119": 1.0, "120": 1.0, "121": 1.0, "122": 1.0, "124": 1.0, "125": 0.55, "126": 1.0, "127": 1.0, "128": 1.0, "129": 1.0, "130": 1.0, "131": 1.0, "133": 1.0, "134": 1.0, "137": 1.0, "139": 1.0, "140": 1.0, "141": 0.5769230769230769, "142": 1.0, "143": 0.5454545454545454, "145": 1.0, "147": 1.0, "149": 0.5666666666666667, "150": 1.0, "151": 1.0, "153": 1.0, "154": 1.0, "155": 1.0, "156": 0.5909090909090909, "157": 1.0, "159": 1.0}}, "320": {"FDR": 0.0, "Power": 0.68125, "Temporal_FDR": 0.0, "Temporal_Power": 0.6775244299674267, "Average_Window_FDR": 0.0, "Average_Window_Power": 0.8976967877208261, "Window_Overlap": {"0": 0.75, "1": 1.0, "3": 1.0, "5": 1.0, "6": 1.0, "7": 1.0, "8": 0.75, "9": 1.0, "10": 1.0, "11": 1.0, "14": 0.84375, "17": 1.0, "18": 1.0, "19": 1.0, "22": 1.0, "24": 1.0, "25": 1.0, "26": 1.0, "29": 1.0, "30": 1.0, "32": 1.0, "33": 1.0, "34": 1.0, "35": 0.65, "36": 1.0, "39": 1.0, "40": 0.625, "42": 0.6666666666666666, "44": 1.0, "45": 1.0, "46": 1.0, "49": 1.0, "50": 1.0, "52": 1.0, "53": 1.0, "54": 1.0, "55": 1.0, "56": 1.0, "57": 1.0, "58": 1.0, "60": 1.0, "61": 1.0, "64": 1.0, "65": 1.0, "67": 1.0, "68": 1.0, "69": 1.0, "70": 1.0, "72": 1.0, "73": 0.5769230769230769, "74": 1.0, "75": 1.0, "77": 0.7, "79": 1.0, "80": 1.0, "82": 0.7916666666666667, "83": 1.0, "84": 1.0, "85": 1.0, "86": 1.0, "87": 1.0, "88": 0.6111111111111112, "89": 1.0, "90": 0.6, "91": 1.0, "92": 0.8181818181818181, "93": 1.0, "94": 0.90625, "95": 1.0, "96": 1.0, "101": 1.0, "104": 1.0, "105": 0.5625, "106": 1.0, "109": 1.0, "110": 1.0, "111": 1.0, "112": 1.0, "114": 1.0, "117": 1.0, "119": 1.0, "120": 1.0, "121": 1.0, "122": 1.0, "124": 1.0, "125": 0.55, "126": 1.0, "127": 1.0, "128": 1.0, "129": 1.0, "130": 1.0, "131": 1.0, "133": 1.0, "134": 1.0, "137": 1.0, "139": 1.0, "140": 1.0, "141": 0.5769230769230769, "142": 1.0, "143": 0.5454545454545454, "145": 1.0, "147": 1.0, "149": 0.5333333333333333, "150": 1.0, "151": 1.0, "153": 1.0, "154": 1.0, "155": 1.0, "156": 0.5909090909090909, "157": 1.0, "159": 1.0, "161": 1.0, "163": 1.0, "171": 1.0, "172": 1.0, "174": 1.0, "175": 0.9285714285714286, "176": 1.0, "177": 0.6, "179": 1.0, "180": 1.0, "182": 1.0, "183": 1.0, "184": 1.0, "187": 1.0, "188": 1.0, "189": 1.0, "191": 1.0, "192": 0.7222222222222222, "193": 1.0, "195": 1.0, "196": 1.0, "197": 1.0, "198": 1.0, "201": 0.7142857142857143, "205": 1.0, "206": 1.0, "208": 1.0, "209": 0.75, "210": 1.0, "214": 0.9090909090909092, "216": 0.875, "217": 1.0, "219": 1.0, "220": 1.0, "221": 1.0, "222": 1.0, "224": 1.0, "226": 1.0, "229": 1.0, "230": 1.0, "232": 0.5277777777777778, "235": 1.0, "236": 1.0, "239": 1.0, "241": 1.0, "242": 0.5333333333333333, "243": 0.75, "244": 1.0, "246": 1.0, "247": 1.0, "249": 1.0, "250": 1.0, "251": 1.0, "252": 1.0, "254": 1.0, "255": 1.0, "256": 1.0, "259": 1.0, "260": 0.96875, "263": 1.0, "264": 1.0, "265": 1.0, "268": 1.0, "269": 1.0, "272": 0.8181818181818181, "273": 1.0, "274": 1.0, "275": 1.0, "277": 1.0, "279": 1.0, "282": 0.96875, "283": 1.0, "285": 1.0, "287": 1.0, "288": 1.0, "289": 1.0, "291": 0.5333333333333333, "292": 1.0, "293": 1.0, "294": 0.6875, "295": 1.0, "296": 1.0, "297": 1.0, "299": 0.625, "300": 1.0, "301": 1.0, "304": 0.8, "305": 1.0, "307": 1.0, "308": 1.0, "310": 1.0, "311": 1.0, "313": 1.0, "314": 1.0, "316": 1.0, "317": 1.0, "319": 1.0}}}