{"10": {"FDR": 0.0, "Power": 0.6, "Temporal_FDR": 0.0, "Temporal_Power": 0.6, "Average_Window_FDR": 0.0, "Average_Window_Power": 0.4055555555555556, "Window_Overlap": {"1": 0.625, "2": 0.9, "3": 0.5833333333333334}}, "20": {"FDR": 0.0, "Power": 0.6, "Temporal_FDR": 0.0, "Temporal_Power": 0.6, "Average_Window_FDR": 0.0, "Average_Window_Power": 0.5972222222222222, "Window_Overlap": {"1": 0.6875, "2": 1.0, "3": 0.7083333333333334}}, "40": {"FDR": 0.0, "Power": 0.6, "Temporal_FDR": 0.0, "Temporal_Power": 0.6, "Average_Window_FDR": 0.0, "Average_Window_Power": 0.5555555555555556, "Window_Overlap": {"1": 0.625, "2": 1.0, "3": 0.7083333333333334}}, "80": {"FDR": 0.0, "Power": 0.6, "Temporal_FDR": 0.0, "Temporal_Power": 0.6, "Average_Window_FDR": 0.0, "Average_Window_Power": 0.7083333333333334, "Window_Overlap": {"1": 0.6875, "2": 1.0, "3": 0.875}}, "160": {"FDR": 0.0, "Power": 0.6, "Temporal_FDR": 0.0, "Temporal_Power": 0.6, "Average_Window_FDR": 0.0, "Average_Window_Power": 0.75, "Window_Overlap": {"1": 0.75, "2": 1.0, "3": 0.875}}, "320": {"FDR": 0.0, "Power": 0.8, "Temporal_FDR": 0.0, "Temporal_Power": 0.8, "Average_Window_FDR": 0.0, "Average_Window_Power": 0.787878787878788, "Window_Overlap": {"1": 0.75, "2": 1.0, "3": 0.9166666666666667, "4": 0.9090909090909092}}}