{"10": {"FDR": 0.0, "Power": 0.6, "Temporal_FDR": 0.0, "Temporal_Power": 0.6, "Average_Window_FDR": 0.0, "Average_Window_Power": 0.8518518518518517, "Window_Overlap": {"1": 1.0, "3": 0.5555555555555556, "5": 1.0, "7": 1.0, "8": 1.0, "9": 1.0}}, "20": {"FDR": 0.0, "Power": 0.6, "Temporal_FDR": 0.0, "Temporal_Power": 0.6, "Average_Window_FDR": 0.0, "Average_Window_Power": 0.8518518518518517, "Window_Overlap": {"1": 1.0, "3": 0.5555555555555556, "5": 1.0, "7": 1.0, "8": 1.0, "9": 1.0}}, "30": {"FDR": 0.0, "Power": 0.6, "Temporal_FDR": 0.0, "Temporal_Power": 0.6, "Average_Window_FDR": 0.0, "Average_Window_Power": 0.8518518518518517, "Window_Overlap": {"1": 1.0, "3": 0.5555555555555556, "5": 1.0, "7": 1.0, "8": 1.0, "9": 1.0}}, "40": {"FDR": 0.0, "Power": 0.6, "Temporal_FDR": 0.0, "Temporal_Power": 0.6, "Average_Window_FDR": 0.0, "Average_Window_Power": 0.8518518518518517, "Window_Overlap": {"1": 1.0, "3": 0.5555555555555556, "5": 1.0, "7": 1.0, "8": 1.0, "9": 1.0}}, "50": {"FDR": 0.0, "Power": 0.6, "Temporal_FDR": 0.0, "Temporal_Power": 0.6, "Average_Window_FDR": 0.0, "Average_Window_Power": 0.8518518518518517, "Window_Overlap": {"1": 1.0, "3": 0.5555555555555556, "5": 1.0, "7": 1.0, "8": 1.0, "9": 1.0}}}