{"10": {"FDR": 0.0, "Power": 0.8, "Temporal_FDR": 0.0, "Temporal_Power": 0.8, "Average_Window_FDR": 0.0, "Average_Window_Power": 0.7916666666666667, "Window_Overlap": {"1": 1.0, "3": 1.0, "4": 0.5555555555555556, "5": 1.0, "6": 0.6111111111111112, "7": 1.0, "8": 1.0, "9": 1.0}}, "20": {"FDR": 0.0, "Power": 0.8, "Temporal_FDR": 0.0, "Temporal_Power": 0.7, "Average_Window_FDR": 0.0, "Average_Window_Power": 0.865079365079365, "Window_Overlap": {"1": 1.0, "3": 1.0, "4": 0.5277777777777778, "5": 1.0, "7": 1.0, "8": 1.0, "9": 1.0}}, "40": {"FDR": 0.0, "Power": 0.7, "Temporal_FDR": 0.0, "Temporal_Power": 0.7, "Average_Window_FDR": 0.0, "Average_Window_Power": 0.7301587301587301, "Window_Overlap": {"1": 1.0, "4": 0.5138888888888888, "5": 1.0, "6": 0.5416666666666666, "7": 1.0, "8": 1.0, "9": 1.0}}, "80": {"FDR": 0.0, "Power": 0.7, "Temporal_FDR": 0.0, "Temporal_Power": 0.7, "Average_Window_FDR": 0.0, "Average_Window_Power": 0.7284277091118138, "Window_Overlap": {"1": 1.0, "4": 0.5142857142857142, "5": 1.0, "6": 0.5352112676056338, "7": 1.0, "8": 1.0, "9": 1.0}}, "160": {"FDR": 0.0, "Power": 0.7, "Temporal_FDR": 0.0, "Temporal_Power": 0.7, "Average_Window_FDR": 0.0, "Average_Window_Power": 0.7244627183390195, "Window_Overlap": {"1": 1.0, "4": 0.5144927536231884, "5": 1.0, "6": 0.5211267605633803, "7": 1.0, "8": 1.0, "9": 1.0}}, "320": {"FDR": 0.0, "Power": 0.7, "Temporal_FDR": 0.0, "Temporal_Power": 0.7, "Average_Window_FDR": 0.0, "Average_Window_Power": 0.7224652379422698, "Window_Overlap": {"1": 1.0, "4": 0.5127272727272727, "5": 1.0, "6": 0.5159010600706714, "7": 1.0, "8": 1.0, "9": 1.0}}}