{"10": {"FDR": 0.0, "Power": 0.6, "Temporal_FDR": 0.0, "Temporal_Power": 0.6, "Average_Window_FDR": 0.0, "Average_Window_Power": 1.0, "Window_Overlap": {"1": 1.0, "2": 1.0, "4": 1.0, "6": 1.0, "8": 1.0, "9": 1.0}}, "20": {"FDR": 0.0, "Power": 0.6, "Temporal_FDR": 0.0, "Temporal_Power": 0.6, "Average_Window_FDR": 0.0, "Average_Window_Power": 1.0, "Window_Overlap": {"1": 1.0, "2": 1.0, "4": 1.0, "6": 1.0, "8": 1.0, "9": 1.0, "10": 1.0, "12": 1.0, "13": 1.0, "16": 1.0, "17": 1.0, "19": 1.0}}, "40": {"FDR": 0.0, "Power": 0.65, "Temporal_FDR": 0.0, "Temporal_Power": 0.6666666666666666, "Average_Window_FDR": 0.0, "Average_Window_Power": 1.0, "Window_Overlap": {"1": 1.0, "2": 1.0, "4": 1.0, "6": 1.0, "8": 1.0, "9": 1.0, "10": 1.0, "12": 1.0, "13": 1.0, "16": 1.0, "17": 1.0, "19": 1.0, "20": 1.0, "21": 1.0, "24": 1.0, "25": 1.0, "27": 1.0, "29": 1.0, "30": 1.0, "31": 1.0, "33": 1.0, "34": 1.0, "35": 1.0, "36": 1.0, "38": 1.0, "39": 1.0}}, "80": {"FDR": 0.0, "Power": 0.5625, "Temporal_FDR": 0.0, "Temporal_Power": 0.5641025641025641, "Average_Window_FDR": 0.0, "Average_Window_Power": 0.8314855475934141, "Window_Overlap": {"1": 1.0, "4": 1.0, "6": 1.0, "10": 1.0, "12": 1.0, "13": 1.0, "16": 1.0, "17": 1.0, "19": 1.0, "20": 1.0, "21": 0.5625, "24": 0.6428571428571428, "25": 1.0, "27": 1.0, "30": 1.0, "31": 0.5555555555555556, "33": 1.0, "36": 1.0, "38": 1.0, "39": 1.0, "40": 0.55, "41": 0.763157894736842, "45": 1.0, "46": 1.0, "47": 1.0, "49": 0.5769230769230769, "50": 1.0, "51": 1.0, "52": 1.0, "53": 1.0, "54": 1.0, "55": 0.5294117647058824, "59": 1.0, "61": 1.0, "62": 1.0, "66": 0.9444444444444444, "67": 1.0, "69": 1.0, "70": 0.5909090909090909, "72": 1.0, "75": 1.0, "76": 0.5769230769230769, "77": 1.0, "78": 1.0}}, "160": {"FDR": 0.0, "Power": 0.69375, "Temporal_FDR": 0.0, "Temporal_Power": 0.6948051948051948, "Average_Window_FDR": 0.0, "Average_Window_Power": 1.0, "Window_Overlap": {"1": 1.0, "2": 1.0, "4": 1.0, "6": 1.0, "8": 1.0, "9": 1.0, "10": 1.0, "12": 1.0, "13": 1.0, "16": 1.0, "17": 1.0, "19": 1.0, "20": 1.0, "21": 1.0, "24": 1.0, "25": 1.0, "27": 1.0, "29": 1.0, "30": 1.0, "31": 1.0, "33": 1.0, "34": 1.0, "35": 1.0, "36": 1.0, "38": 1.0, "39": 1.0, "40": 1.0, "41": 1.0, "45": 1.0, "46": 1.0, "47": 1.0, "49": 1.0, "50": 1.0, "51": 1.0, "52": 1.0, "53": 1.0, "54": 1.0, "55": 1.0, "56": 1.0, "59": 1.0, "61": 1.0, "62": 1.0, "63": 1.0, "66": 1.0, "67": 1.0, "68": 1.0, "69": 1.0, "70": 1.0, "72": 1.0, "73": 1.0, "75": 1.0, "76": 1.0, "77": 1.0, "78": 1.0, "79": 1.0, "80": 1.0, "81": 1.0, "83": 1.0, "85": 1.0, "86": 1.0, "87": 1.0, "89": 1.0, "90": 1.0, "91": 1.0, "92": 1.0, "93": 1.0, "94": 1.0, "95": 1.0, "96": 1.0, "98": 1.0, "99": 1.0, "101": 1.0, "105": 1.0, "107": 1.0, "108": 1.0, "109": 1.0, "110": 1.0, "112": 1.0, "114": 1.0, "117": 1.0, "118": 1.0, "120": 1.0, "121": 1.0, "122": 1.0, "123": 1.0, "124": 1.0, "126": 1.0, "127": 1.0, "128": 1.0, "129": 1.0, "131": 1.0, "133": 1.0, "136": 1.0, "137": 1.0, "139": 1.0, "140": 1.0, "141": 1.0, "142": 1.0, "143": 1.0, "144": 1.0, "146": 1.0, "149": 1.0, "153": 1.0, "154": 1.0, "155": 1.0, "156": 1.0, "158": 1.0}}, "320": {"FDR": 0.0, "Power": 0.640625, "Temporal_FDR": 0.0, "Temporal_Power": 0.625, "Average_Window_FDR": 0.0, "Average_Window_Power": 0.8712908898762672, "Window_Overlap": {"1": 1.0, "4": 1.0, "6": 1.0, "10": 1.0, "12": 1.0, "13": 1.0, "16": 1.0, "17": 1.0, "19": 1.0, "20": 1.0, "21": 0.5625, "24": 0.6428571428571428, "25": 1.0, "27": 1.0, "31": 0.5555555555555556, "33": 1.0, "34": 0.5357142857142857, "36": 1.0, "38": 1.0, "39": 1.0, "40": 0.55, "41": 0.7894736842105263, "45": 1.0, "46": 1.0, "47": 1.0, "49": 0.5769230769230769, "50": 1.0, "51": 1.0, "52": 1.0, "53": 1.0, "54": 1.0, "55": 0.5294117647058824, "59": 1.0, "61": 1.0, "62": 1.0, "66": 1.0, "67": 1.0, "69": 1.0, "70": 0.6363636363636364, "72": 1.0, "75": 1.0, "76": 0.5769230769230769, "77": 1.0, "78": 1.0, "80": 1.0, "83": 1.0, "85": 0.8125, "86": 1.0, "87": 1.0, "89": 0.5769230769230769, "90": 1.0, "91": 1.0, "92": 1.0, "94": 1.0, "96": 1.0, "98": 1.0, "99": 0.6538461538461539, "101": 0.5384615384615384, "105": 0.5833333333333334, "107": 1.0, "109": 1.0, "110": 1.0, "112": 1.0, "114": 1.0, "118": 1.0, "120": 1.0, "121": 1.0, "122": 1.0, "123": 0.7727272727272727, "124": 0.6428571428571428, "126": 1.0, "127": 1.0, "128": 1.0, "129": 1.0, "131": 1.0, "133": 1.0, "136": 0.6666666666666666, "137": 0.75, "140": 1.0, "141": 1.0, "142": 1.0, "143": 1.0, "144": 1.0, "146": 1.0, "149": 1.0, "153": 1.0, "154": 1.0, "155": 1.0, "156": 1.0, "158": 1.0, "160": 1.0, "161": 1.0, "162": 1.0, "163": 1.0, "164": 0.8461538461538461, "166": 1.0, "167": 0.8571428571428572, "168": 1.0, "169": 1.0, "170": 1.0, "171": 1.0, "173": 0.6666666666666666, "174": 1.0, "175": 1.0, "178": 0.5555555555555556, "180": 1.0, "181": 1.0, "183": 1.0, "184": 1.0, "185": 1.0, "186": 1.0, "188": 1.0, "189": 0.95, "190": 0.9, "191": 0.75, "194": 1.0, "195": 1.0, "196": 1.0, "197": 1.0, "199": 1.0, "200": 1.0, "201": 1.0, "202": 0.8823529411764706, "203": 1.0, "204": 1.0, "205": 1.0, "206": 1.0, "212": 1.0, "213": 0.5909090909090909, "214": 1.0, "215": 1.0, "216": 0.9285714285714286, "217": 1.0, "219": 1.0, "221": 1.0, "222": 1.0, "224": 1.0, "229": 1.0, "230": 1.0, "231": 1.0, "232": 1.0, "233": 1.0, "235": 0.6071428571428571, "236": 1.0, "237": 1.0, "238": 1.0, "242": 1.0, "243": 1.0, "246": 1.0, "247": 1.0, "248": 1.0, "250": 0.7333333333333334, "252": 1.0, "253": 1.0, "254": 0.6, "255": 1.0, "259": 0.5416666666666666, "265": 1.0, "267": 1.0, "268": 0.5909090909090909, "269": 1.0, "270": 1.0, "271": 1.0, "272": 1.0, "274": 1.0, "275": 1.0, "276": 1.0, "277": 1.0, "278": 1.0, "279": 1.0, "281": 0.8333333333333333, "282": 1.0, "285": 1.0, "286": 1.0, "289": 1.0, "290": 0.5263157894736842, "291": 1.0, "292": 1.0, "293": 1.0, "295": 1.0, "296": 1.0, "297": 1.0, "298": 1.0, "299": 1.0, "301": 0.5789473684210527, "302": 1.0, "303": 1.0, "305": 1.0, "306": 0.5588235294117647, "307": 1.0, "308": 1.0, "309": 1.0, "314": 1.0, "315": 1.0, "319": 1.0}}}