{"DEFAULT": {"FDR": 0.0, "Power": 0.6, "Temporal_FDR": 0.0, "Temporal_Power": 0.6, "Average_Window_FDR": 0.0, "Average_Window_Power": 0.4612794612794613, "Window_Overlap": {"1": 0.6363636363636364, "2": 0.5555555555555556, "3": 1.0}}}