{"10": {"FDR": 0.0, "Power": 0.6, "Temporal_FDR": 0.0, "Temporal_Power": 0.6, "Average_Window_FDR": 0.0, "Average_Window_Power": 0.7113095238095237, "Window_Overlap": {"1": 1.0, "2": 1.0, "3": 1.0, "4": 0.5714285714285714, "7": 1.0, "8": 0.5625}}, "20": {"FDR": 0.0, "Power": 0.8, "Temporal_FDR": 0.0, "Temporal_Power": 0.8, "Average_Window_FDR": 0.0, "Average_Window_Power": 1.0, "Window_Overlap": {"1": 1.0, "2": 1.0, "3": 1.0, "4": 1.0, "5": 1.0, "7": 1.0, "8": 1.0, "9": 1.0, "11": 1.0, "12": 1.0, "13": 1.0, "15": 1.0, "16": 1.0, "17": 1.0, "18": 1.0, "19": 1.0}}, "40": {"FDR": 0.0, "Power": 0.8, "Temporal_FDR": 0.0, "Temporal_Power": 0.8, "Average_Window_FDR": 0.0, "Average_Window_Power": 1.0, "Window_Overlap": {"1": 1.0, "2": 1.0, "3": 1.0, "4": 1.0, "5": 1.0, "7": 1.0, "8": 1.0, "9": 1.0, "11": 1.0, "12": 1.0, "13": 1.0, "15": 1.0, "16": 1.0, "17": 1.0, "18": 1.0, "19": 1.0, "20": 1.0, "21": 1.0, "22": 1.0, "23": 1.0, "24": 1.0, "25": 1.0, "26": 1.0, "27": 1.0, "28": 1.0, "30": 1.0, "31": 1.0, "33": 1.0, "34": 1.0, "35": 1.0, "36": 1.0, "38": 1.0}}, "80": {"FDR": 0.0, "Power": 0.675, "Temporal_FDR": 0.0, "Temporal_Power": 0.675, "Average_Window_FDR": 0.0, "Average_Window_Power": 0.9006393298059966, "Window_Overlap": {"1": 1.0, "2": 1.0, "3": 1.0, "4": 0.5714285714285714, "7": 1.0, "8": 0.5625, "11": 1.0, "12": 1.0, "13": 1.0, "15": 1.0, "17": 1.0, "18": 1.0, "19": 0.875, "22": 1.0, "23": 1.0, "24": 1.0, "25": 1.0, "26": 1.0, "27": 1.0, "28": 1.0, "30": 1.0, "31": 1.0, "33": 1.0, "34": 1.0, "35": 1.0, "36": 1.0, "38": 1.0, "40": 0.7, "41": 0.9666666666666667, "42": 1.0, "43": 1.0, "44": 1.0, "49": 1.0, "50": 1.0, "52": 1.0, "53": 1.0, "54": 1.0, "55": 1.0, "56": 1.0, "57": 1.0, "58": 1.0, "62": 1.0, "64": 1.0, "65": 1.0, "66": 0.625, "68": 1.0, "69": 1.0, "71": 0.9666666666666667, "73": 0.9285714285714286, "74": 0.55, "76": 1.0, "77": 1.0, "78": 1.0, "79": 0.5714285714285714}}, "160": {"FDR": 0.0, "Power": 0.6625, "Temporal_FDR": 0.0, "Temporal_Power": 0.6687898089171974, "Average_Window_FDR": 0.0, "Average_Window_Power": 0.8921949385814931, "Window_Overlap": {"1": 1.0, "2": 1.0, "3": 1.0, "4": 0.5714285714285714, "7": 1.0, "8": 0.5625, "11": 1.0, "12": 1.0, "13": 1.0, "15": 1.0, "17": 1.0, "18": 1.0, "19": 0.875, "22": 1.0, "23": 1.0, "24": 1.0, "25": 1.0, "26": 1.0, "27": 1.0, "28": 1.0, "30": 1.0, "31": 1.0, "33": 1.0, "34": 1.0, "35": 1.0, "36": 1.0, "38": 1.0, "40": 0.7, "41": 0.9666666666666667, "42": 1.0, "43": 1.0, "44": 1.0, "49": 1.0, "50": 1.0, "52": 1.0, "53": 1.0, "54": 1.0, "55": 1.0, "56": 1.0, "57": 1.0, "58": 1.0, "62": 1.0, "64": 1.0, "65": 1.0, "66": 0.625, "68": 1.0, "69": 1.0, "71": 0.9333333333333333, "73": 0.8571428571428572, "74": 0.55, "76": 1.0, "77": 1.0, "78": 1.0, "79": 0.5714285714285714, "81": 1.0, "82": 0.53125, "83": 1.0, "87": 1.0, "88": 1.0, "89": 1.0, "92": 1.0, "94": 1.0, "95": 1.0, "96": 0.9, "97": 1.0, "98": 1.0, "101": 1.0, "102": 1.0, "106": 1.0, "107": 1.0, "108": 0.6666666666666666, "109": 1.0, "110": 1.0, "115": 1.0, "116": 1.0, "117": 1.0, "118": 1.0, "119": 1.0, "121": 0.625, "122": 1.0, "125": 1.0, "126": 1.0, "127": 1.0, "128": 1.0, "129": 0.5714285714285714, "130": 1.0, "131": 1.0, "133": 1.0, "134": 1.0, "138": 1.0, "140": 1.0, "141": 0.53125, "143": 1.0, "145": 1.0, "146": 0.7727272727272727, "147": 1.0, "149": 1.0, "150": 1.0, "151": 0.5294117647058824, "152": 1.0, "153": 1.0, "154": 1.0, "156": 1.0, "158": 1.0, "159": 1.0}}, "320": {"FDR": 0.0, "Power": 0.703125, "Temporal_FDR": 0.0, "Temporal_Power": 0.7009646302250804, "Average_Window_FDR": 0.0, "Average_Window_Power": 0.8789439174808206, "Window_Overlap": {"1": 1.0, "2": 1.0, "3": 1.0, "4": 0.5714285714285714, "7": 1.0, "8": 0.5625, "11": 1.0, "12": 1.0, "13": 1.0, "15": 1.0, "17": 1.0, "18": 1.0, "19": 0.875, "22": 1.0, "23": 1.0, "24": 1.0, "25": 1.0, "26": 1.0, "27": 1.0, "28": 1.0, "30": 1.0, "31": 1.0, "33": 1.0, "34": 1.0, "35": 1.0, "36": 1.0, "38": 1.0, "40": 0.7, "41": 0.9666666666666667, "42": 1.0, "43": 1.0, "44": 1.0, "49": 1.0, "50": 1.0, "52": 1.0, "53": 1.0, "54": 1.0, "55": 1.0, "56": 1.0, "57": 1.0, "58": 1.0, "62": 1.0, "64": 1.0, "65": 1.0, "66": 0.625, "68": 1.0, "69": 1.0, "73": 1.0, "74": 0.55, "76": 1.0, "77": 1.0, "78": 1.0, "79": 0.5714285714285714, "81": 1.0, "82": 0.53125, "83": 0.95, "87": 1.0, "88": 1.0, "89": 1.0, "90": 1.0, "92": 1.0, "94": 1.0, "95": 1.0, "96": 0.85, "97": 1.0, "98": 1.0, "101": 1.0, "102": 1.0, "106": 1.0, "107": 1.0, "108": 0.6666666666666666, "109": 1.0, "110": 1.0, "115": 1.0, "116": 1.0, "117": 1.0, "118": 1.0, "119": 1.0, "121": 0.625, "122": 1.0, "125": 1.0, "126": 1.0, "127": 1.0, "128": 1.0, "129": 0.5714285714285714, "130": 1.0, "131": 1.0, "133": 1.0, "134": 1.0, "136": 1.0, "138": 1.0, "140": 1.0, "141": 0.53125, "143": 1.0, "145": 1.0, "147": 1.0, "149": 1.0, "150": 1.0, "151": 0.5294117647058824, "152": 1.0, "153": 1.0, "154": 1.0, "156": 1.0, "158": 1.0, "159": 1.0, "161": 1.0, "162": 1.0, "163": 1.0, "164": 1.0, "165": 1.0, "166": 1.0, "167": 0.7692307692307692, "168": 1.0, "169": 0.9166666666666667, "170": 1.0, "171": 0.6, "175": 1.0, "181": 1.0, "182": 1.0, "183": 1.0, "184": 1.0, "185": 1.0, "186": 1.0, "187": 1.0, "189": 1.0, "191": 0.5833333333333334, "193": 0.5833333333333334, "194": 0.5625, "195": 1.0, "197": 1.0, "199": 0.5714285714285714, "200": 1.0, "201": 0.95, "203": 1.0, "204": 0.9473684210526316, "205": 1.0, "206": 1.0, "207": 0.6111111111111112, "208": 0.75, "209": 1.0, "210": 1.0, "211": 1.0, "212": 1.0, "213": 1.0, "214": 1.0, "215": 1.0, "216": 1.0, "217": 0.5625, "218": 0.5555555555555556, "219": 1.0, "221": 1.0, "224": 0.9583333333333333, "225": 0.6, "226": 1.0, "227": 1.0, "228": 0.9444444444444444, "229": 1.0, "230": 0.53125, "232": 1.0, "234": 1.0, "236": 1.0, "237": 1.0, "238": 1.0, "239": 1.0, "242": 0.7916666666666667, "243": 1.0, "244": 1.0, "245": 0.5294117647058824, "246": 1.0, "247": 1.0, "253": 0.55, "254": 1.0, "255": 1.0, "256": 1.0, "257": 1.0, "258": 1.0, "259": 0.5625, "260": 1.0, "263": 1.0, "264": 1.0, "265": 1.0, "266": 0.75, "267": 1.0, "270": 1.0, "271": 1.0, "272": 1.0, "274": 1.0, "277": 1.0, "278": 1.0, "279": 0.5555555555555556, "280": 1.0, "281": 0.9666666666666667, "283": 1.0, "284": 1.0, "286": 1.0, "287": 1.0, "288": 1.0, "290": 0.875, "292": 1.0, "293": 1.0, "294": 1.0, "295": 1.0, "296": 1.0, "299": 1.0, "300": 1.0, "302": 1.0, "304": 1.0, "305": 1.0, "306": 1.0, "307": 1.0, "308": 1.0, "309": 1.0, "311": 1.0, "313": 1.0, "314": 1.0, "316": 1.0, "317": 0.55, "318": 1.0}}}