{"DEFAULT": {"FDR": 0.0, "Power": 0.4, "Temporal_FDR": 0.0, "Temporal_Power": 0.4, "Average_Window_FDR": 0.0, "Average_Window_Power": 0.6111111111111112, "Window_Overlap": {"4": 1.0, "5": 0.6111111111111112}}}