{"10": {"FDR": 0.0, "Power": 0.4, "Temporal_FDR": 0.0, "Temporal_Power": 0.4444444444444444, "Average_Window_FDR": 0.0, "Average_Window_Power": 1.0, "Window_Overlap": {"0": 1.0, "2": 1.0, "5": 1.0, "6": 1.0}}, "20": {"FDR": 0.0, "Power": 0.5, "Temporal_FDR": 0.0, "Temporal_Power": 0.5, "Average_Window_FDR": 0.0, "Average_Window_Power": 0.8958333333333334, "Window_Overlap": {"0": 1.0, "2": 1.0, "5": 1.0, "6": 1.0, "13": 0.53125, "14": 1.0, "17": 1.0, "18": 1.0, "19": 1.0}}, "40": {"FDR": 0.0, "Power": 0.625, "Temporal_FDR": 0.0, "Temporal_Power": 0.631578947368421, "Average_Window_FDR": 0.0, "Average_Window_Power": 0.8755208333333333, "Window_Overlap": {"0": 1.0, "2": 1.0, "5": 1.0, "6": 1.0, "13": 0.53125, "14": 1.0, "17": 1.0, "18": 1.0, "19": 1.0, "20": 1.0, "21": 1.0, "23": 1.0, "24": 1.0, "26": 1.0, "27": 1.0, "28": 1.0, "29": 0.6, "31": 0.75, "32": 1.0, "34": 1.0, "36": 1.0, "37": 1.0, "38": 0.625, "39": 1.0}}, "80": {"FDR": 0.0, "Power": 0.675, "Temporal_FDR": 0.0, "Temporal_Power": 0.68, "Average_Window_FDR": 0.0, "Average_Window_Power": 1.0, "Window_Overlap": {"0": 1.0, "2": 1.0, "5": 1.0, "6": 1.0, "13": 1.0, "14": 1.0, "17": 1.0, "18": 1.0, "19": 1.0, "20": 1.0, "21": 1.0, "22": 1.0, "23": 1.0, "24": 1.0, "26": 1.0, "27": 1.0, "28": 1.0, "29": 1.0, "30": 1.0, "31": 1.0, "32": 1.0, "34": 1.0, "36": 1.0, "37": 1.0, "38": 1.0, "39": 1.0, "41": 1.0, "42": 1.0, "43": 1.0, "44": 1.0, "45": 1.0, "48": 1.0, "50": 1.0, "52": 1.0, "53": 1.0, "55": 1.0, "57": 1.0, "59": 1.0, "61": 1.0, "62": 1.0, "63": 1.0, "64": 1.0, "66": 1.0, "68": 1.0, "69": 1.0, "70": 1.0, "71": 1.0, "73": 1.0, "75": 1.0, "77": 1.0, "78": 1.0}}, "160": {"FDR": 0.0, "Power": 0.63125, "Temporal_FDR": 0.0, "Temporal_Power": 0.6363636363636364, "Average_Window_FDR": 0.0, "Average_Window_Power": 0.9365416928904164, "Window_Overlap": {"0": 1.0, "2": 1.0, "5": 1.0, "6": 1.0, "13": 0.53125, "14": 1.0, "17": 1.0, "18": 1.0, "19": 1.0, "20": 1.0, "21": 1.0, "23": 1.0, "24": 1.0, "26": 1.0, "27": 1.0, "28": 1.0, "29": 0.6, "31": 0.7857142857142857, "32": 1.0, "34": 1.0, "36": 1.0, "37": 1.0, "38": 0.625, "39": 1.0, "41": 1.0, "44": 1.0, "45": 1.0, "48": 1.0, "50": 1.0, "52": 1.0, "53": 1.0, "55": 1.0, "57": 1.0, "59": 1.0, "61": 1.0, "62": 1.0, "63": 1.0, "66": 1.0, "68": 1.0, "69": 0.9705882352941176, "70": 0.6052631578947368, "71": 1.0, "73": 1.0, "75": 1.0, "77": 0.9090909090909092, "78": 1.0, "80": 1.0, "82": 1.0, "83": 1.0, "85": 1.0, "87": 1.0, "89": 1.0, "90": 1.0, "92": 1.0, "96": 1.0, "97": 1.0, "99": 1.0, "100": 1.0, "101": 1.0, "102": 1.0, "103": 1.0, "104": 0.8333333333333333, "106": 1.0, "108": 1.0, "109": 1.0, "111": 1.0, "113": 1.0, "115": 1.0, "116": 1.0, "118": 1.0, "121": 1.0, "122": 1.0, "124": 1.0, "125": 1.0, "128": 1.0, "129": 1.0, "130": 0.8636363636363636, "132": 0.5416666666666666, "133": 1.0, "134": 1.0, "136": 1.0, "137": 1.0, "138": 1.0, "139": 1.0, "140": 1.0, "143": 1.0, "144": 1.0, "146": 1.0, "147": 1.0, "148": 1.0, "149": 1.0, "150": 0.625, "151": 1.0, "152": 1.0, "153": 1.0, "156": 1.0, "157": 1.0, "159": 1.0}}, "320": {"FDR": 0.0, "Power": 0.659375, "Temporal_FDR": 0.0, "Temporal_Power": 0.6666666666666666, "Average_Window_FDR": 0.0, "Average_Window_Power": 0.9110251558503747, "Window_Overlap": {"0": 1.0, "2": 1.0, "5": 1.0, "6": 1.0, "13": 0.53125, "14": 1.0, "17": 1.0, "18": 1.0, "19": 1.0, "20": 1.0, "21": 1.0, "23": 1.0, "24": 1.0, "26": 1.0, "27": 1.0, "28": 1.0, "29": 0.6, "31": 0.7857142857142857, "32": 1.0, "34": 1.0, "36": 1.0, "37": 1.0, "38": 0.625, "39": 1.0, "41": 1.0, "44": 1.0, "45": 1.0, "48": 1.0, "50": 1.0, "52": 1.0, "53": 1.0, "55": 1.0, "57": 1.0, "59": 1.0, "61": 1.0, "62": 1.0, "63": 1.0, "64": 0.7222222222222222, "66": 1.0, "68": 1.0, "69": 0.9705882352941176, "70": 0.6052631578947368, "71": 1.0, "73": 1.0, "75": 1.0, "77": 0.8636363636363636, "78": 1.0, "80": 1.0, "82": 1.0, "83": 1.0, "85": 1.0, "87": 1.0, "88": 1.0, "89": 1.0, "90": 1.0, "92": 1.0, "96": 1.0, "97": 1.0, "99": 1.0, "100": 1.0, "101": 1.0, "102": 1.0, "103": 1.0, "104": 0.8333333333333333, "106": 1.0, "108": 1.0, "109": 1.0, "111": 1.0, "113": 1.0, "115": 1.0, "116": 1.0, "118": 1.0, "121": 1.0, "122": 1.0, "124": 1.0, "125": 1.0, "128": 1.0, "129": 1.0, "130": 0.8636363636363636, "132": 0.5416666666666666, "133": 1.0, "134": 1.0, "136": 1.0, "137": 1.0, "138": 1.0, "139": 1.0, "140": 1.0, "143": 1.0, "144": 1.0, "146": 1.0, "147": 1.0, "148": 1.0, "149": 1.0, "150": 0.625, "151": 1.0, "152": 1.0, "153": 1.0, "156": 1.0, "157": 1.0, "159": 1.0, "162": 1.0, "164": 1.0, "166": 0.625, "168": 1.0, "170": 1.0, "171": 1.0, "172": 0.5625, "173": 1.0, "174": 1.0, "176": 1.0, "177": 0.9545454545454546, "178": 1.0, "180": 0.6111111111111112, "181": 1.0, "182": 1.0, "183": 1.0, "184": 1.0, "187": 1.0, "188": 1.0, "189": 1.0, "192": 1.0, "194": 1.0, "196": 1.0, "198": 1.0, "199": 1.0, "200": 1.0, "201": 1.0, "204": 0.8333333333333333, "205": 0.7857142857142857, "206": 1.0, "207": 1.0, "208": 0.6428571428571428, "209": 1.0, "210": 1.0, "212": 1.0, "213": 1.0, "214": 1.0, "215": 1.0, "216": 1.0, "217": 0.55, "219": 1.0, "220": 1.0, "222": 1.0, "223": 1.0, "224": 1.0, "225": 1.0, "228": 1.0, "233": 1.0, "234": 1.0, "236": 0.5588235294117647, "237": 1.0, "238": 0.6538461538461539, "239": 1.0, "241": 1.0, "242": 1.0, "245": 1.0, "246": 1.0, "247": 1.0, "248": 1.0, "250": 1.0, "251": 1.0, "254": 1.0, "255": 1.0, "256": 1.0, "257": 1.0, "258": 1.0, "260": 1.0, "263": 1.0, "264": 1.0, "265": 1.0, "266": 1.0, "267": 1.0, "268": 1.0, "270": 1.0, "271": 1.0, "272": 1.0, "273": 1.0, "275": 1.0, "276": 1.0, "278": 1.0, "280": 0.9090909090909092, "281": 1.0, "282": 0.6, "284": 1.0, "285": 1.0, "286": 1.0, "287": 1.0, "288": 1.0, "289": 1.0, "290": 1.0, "294": 0.55, "295": 1.0, "296": 1.0, "299": 1.0, "300": 1.0, "301": 0.7647058823529411, "302": 1.0, "303": 1.0, "306": 1.0, "308": 0.6111111111111112, "310": 0.75, "311": 0.75, "312": 1.0, "314": 1.0, "315": 1.0, "316": 0.9166666666666667, "317": 1.0, "318": 0.55}}}