{"10": {"FDR": 0.0, "Power": 0.7, "Temporal_FDR": 0.0, "Temporal_Power": 0.6666666666666666, "Average_Window_FDR": 0.0, "Average_Window_Power": 0.9166666666666666, "Window_Overlap": {"1": 0.75, "2": 1.0, "4": 1.0, "6": 1.0, "8": 1.0, "9": 1.0}}, "20": {"FDR": 0.0, "Power": 0.7, "Temporal_FDR": 0.0, "Temporal_Power": 0.6666666666666666, "Average_Window_FDR": 0.0, "Average_Window_Power": 1.0, "Window_Overlap": {"1": 1.0, "2": 1.0, "4": 1.0, "6": 1.0, "8": 1.0, "9": 1.0, "10": 1.0, "11": 1.0, "12": 1.0, "17": 1.0, "18": 1.0, "19": 1.0}}, "40": {"FDR": 0.0, "Power": 0.7, "Temporal_FDR": 0.0, "Temporal_Power": 0.6944444444444444, "Average_Window_FDR": 0.0, "Average_Window_Power": 0.9545882352941177, "Window_Overlap": {"1": 0.75, "2": 1.0, "4": 1.0, "6": 1.0, "8": 1.0, "9": 1.0, "10": 1.0, "11": 1.0, "12": 1.0, "17": 1.0, "18": 1.0, "19": 1.0, "20": 1.0, "21": 1.0, "23": 1.0, "24": 1.0, "26": 1.0, "27": 1.0, "28": 1.0, "29": 1.0, "30": 0.8823529411764706, "31": 0.8, "33": 1.0, "37": 1.0, "38": 1.0}}, "80": {"FDR": 0.0, "Power": 0.675, "Temporal_FDR": 0.0, "Temporal_Power": 0.684931506849315, "Average_Window_FDR": 0.0, "Average_Window_Power": 0.9291975867269984, "Window_Overlap": {"1": 0.75, "2": 1.0, "4": 1.0, "6": 1.0, "8": 1.0, "9": 1.0, "10": 1.0, "11": 1.0, "12": 1.0, "17": 1.0, "18": 1.0, "19": 1.0, "20": 1.0, "21": 1.0, "23": 1.0, "24": 1.0, "26": 1.0, "27": 1.0, "28": 1.0, "29": 1.0, "30": 0.8235294117647058, "33": 1.0, "37": 1.0, "38": 1.0, "40": 0.6666666666666666, "41": 1.0, "42": 1.0, "44": 1.0, "45": 1.0, "47": 1.0, "48": 1.0, "49": 1.0, "50": 1.0, "57": 1.0, "58": 0.7916666666666667, "59": 1.0, "60": 1.0, "62": 1.0, "63": 1.0, "64": 1.0, "65": 1.0, "67": 1.0, "68": 1.0, "69": 1.0, "70": 1.0, "73": 1.0, "74": 1.0, "75": 0.9230769230769231, "76": 0.625, "77": 0.65}}, "160": {"FDR": 0.0, "Power": 0.68125, "Temporal_FDR": 0.0, "Temporal_Power": 0.6666666666666666, "Average_Window_FDR": 0.0, "Average_Window_Power": 0.9184682521893412, "Window_Overlap": {"1": 0.75, "2": 1.0, "4": 1.0, "6": 1.0, "8": 1.0, "9": 1.0, "10": 1.0, "11": 1.0, "12": 1.0, "17": 1.0, "18": 1.0, "19": 1.0, "20": 1.0, "21": 1.0, "23": 1.0, "24": 1.0, "26": 1.0, "27": 1.0, "28": 1.0, "29": 1.0, "30": 0.9117647058823529, "33": 1.0, "37": 1.0, "38": 1.0, "40": 0.6666666666666666, "41": 1.0, "42": 1.0, "44": 1.0, "45": 1.0, "47": 1.0, "48": 1.0, "49": 1.0, "50": 1.0, "57": 1.0, "58": 0.7916666666666667, "59": 1.0, "60": 1.0, "62": 1.0, "63": 1.0, "64": 1.0, "65": 1.0, "67": 1.0, "68": 1.0, "69": 1.0, "70": 1.0, "73": 1.0, "74": 1.0, "75": 0.9615384615384616, "76": 0.625, "77": 0.6, "81": 1.0, "83": 0.6666666666666666, "84": 1.0, "85": 1.0, "86": 1.0, "87": 1.0, "90": 0.8, "93": 1.0, "94": 1.0, "95": 1.0, "96": 1.0, "98": 1.0, "101": 1.0, "103": 1.0, "104": 1.0, "107": 1.0, "108": 1.0, "110": 1.0, "111": 1.0, "113": 1.0, "114": 1.0, "115": 1.0, "116": 1.0, "117": 1.0, "118": 1.0, "120": 1.0, "121": 1.0, "123": 1.0, "124": 1.0, "125": 1.0, "126": 1.0, "127": 1.0, "128": 1.0, "129": 1.0, "132": 1.0, "134": 0.5416666666666666, "136": 1.0, "137": 1.0, "139": 1.0, "140": 0.8125, "141": 1.0, "142": 0.9166666666666667, "144": 0.5714285714285714, "146": 0.7, "147": 1.0, "150": 1.0, "151": 0.5263157894736842, "152": 1.0, "153": 1.0, "155": 1.0, "156": 1.0, "157": 1.0}}, "320": {"FDR": 0.0, "Power": 0.703125, "Temporal_FDR": 0.0, "Temporal_Power": 0.696078431372549, "Average_Window_FDR": 0.0, "Average_Window_Power": 0.8985951479377983, "Window_Overlap": {"1": 0.75, "2": 1.0, "4": 1.0, "6": 1.0, "8": 1.0, "9": 1.0, "10": 1.0, "11": 1.0, "12": 1.0, "17": 1.0, "18": 1.0, "19": 1.0, "20": 1.0, "21": 1.0, "23": 1.0, "24": 1.0, "26": 1.0, "27": 1.0, "28": 1.0, "29": 1.0, "30": 0.8529411764705883, "33": 1.0, "34": 0.5714285714285714, "37": 1.0, "38": 1.0, "40": 0.6666666666666666, "41": 1.0, "42": 1.0, "44": 1.0, "45": 1.0, "47": 1.0, "48": 1.0, "49": 1.0, "50": 1.0, "57": 1.0, "58": 0.7916666666666667, "59": 1.0, "60": 1.0, "62": 1.0, "63": 1.0, "64": 1.0, "65": 1.0, "67": 1.0, "68": 1.0, "69": 1.0, "70": 1.0, "73": 1.0, "74": 1.0, "75": 0.9615384615384616, "76": 0.625, "77": 0.65, "81": 1.0, "83": 0.6666666666666666, "84": 1.0, "85": 1.0, "86": 1.0, "87": 1.0, "90": 0.8, "93": 1.0, "94": 1.0, "95": 1.0, "96": 1.0, "98": 1.0, "101": 1.0, "103": 1.0, "104": 1.0, "107": 1.0, "108": 1.0, "110": 1.0, "111": 1.0, "113": 1.0, "114": 1.0, "115": 1.0, "116": 1.0, "117": 1.0, "118": 1.0, "120": 1.0, "121": 1.0, "123": 1.0, "124": 1.0, "125": 1.0, "126": 1.0, "127": 1.0, "128": 1.0, "129": 1.0, "132": 1.0, "134": 0.5416666666666666, "136": 1.0, "137": 1.0, "139": 1.0, "140": 0.875, "141": 1.0, "142": 0.9166666666666667, "144": 0.5714285714285714, "146": 0.7, "147": 1.0, "150": 1.0, "151": 0.5263157894736842, "152": 1.0, "153": 1.0, "155": 1.0, "156": 1.0, "157": 1.0, "160": 1.0, "161": 1.0, "163": 1.0, "166": 1.0, "167": 1.0, "168": 1.0, "169": 1.0, "170": 1.0, "171": 1.0, "172": 1.0, "174": 0.5454545454545454, "180": 1.0, "181": 0.9090909090909092, "183": 0.5625, "184": 1.0, "185": 1.0, "186": 1.0, "187": 1.0, "188": 1.0, "189": 1.0, "190": 1.0, "191": 1.0, "192": 0.5454545454545454, "193": 1.0, "194": 1.0, "195": 0.8636363636363636, "197": 1.0, "198": 1.0, "199": 0.5263157894736842, "200": 1.0, "203": 0.875, "205": 1.0, "207": 1.0, "209": 1.0, "210": 1.0, "211": 1.0, "212": 1.0, "214": 1.0, "215": 1.0, "217": 1.0, "219": 1.0, "220": 1.0, "221": 1.0, "222": 1.0, "224": 1.0, "225": 1.0, "226": 1.0, "227": 1.0, "229": 1.0, "230": 1.0, "231": 1.0, "233": 1.0, "234": 1.0, "235": 0.6111111111111112, "236": 0.5357142857142857, "237": 1.0, "238": 1.0, "239": 0.55, "242": 1.0, "244": 0.9642857142857143, "245": 1.0, "248": 1.0, "249": 0.9411764705882353, "250": 1.0, "255": 1.0, "256": 1.0, "258": 1.0, "259": 0.6, "260": 1.0, "261": 1.0, "262": 1.0, "264": 1.0, "265": 1.0, "268": 1.0, "269": 1.0, "271": 1.0, "272": 1.0, "273": 1.0, "274": 1.0, "275": 0.6666666666666666, "277": 1.0, "278": 0.5384615384615384, "279": 1.0, "280": 1.0, "281": 1.0, "284": 1.0, "285": 1.0, "286": 0.55, "287": 1.0, "288": 1.0, "289": 1.0, "290": 0.7083333333333334, "291": 1.0, "292": 1.0, "293": 1.0, "294": 1.0, "295": 1.0, "296": 1.0, "297": 1.0, "299": 0.8235294117647058, "304": 1.0, "309": 0.8055555555555556, "310": 1.0, "311": 1.0, "312": 1.0, "314": 1.0, "315": 1.0, "316": 1.0, "317": 1.0, "319": 0.6111111111111112}}}