{"10": {"FDR": 0.0, "Power": 0.7, "Temporal_FDR": 0.0, "Temporal_Power": 0.6666666666666666, "Average_Window_FDR": 0.0, "Average_Window_Power": 0.7277777777777779, "Window_Overlap": {"0": 1.0, "1": 1.0, "3": 0.6, "4": 1.0, "5": 0.5833333333333334, "8": 1.0}}, "20": {"FDR": 0.0, "Power": 0.7, "Temporal_FDR": 0.0, "Temporal_Power": 0.6842105263157895, "Average_Window_FDR": 0.0, "Average_Window_Power": 1.0, "Window_Overlap": {"0": 1.0, "1": 1.0, "3": 1.0, "4": 1.0, "5": 1.0, "8": 1.0, "10": 1.0, "12": 1.0, "14": 1.0, "15": 1.0, "16": 1.0, "17": 1.0, "19": 1.0}}, "40": {"FDR": 0.0, "Power": 0.75, "Temporal_FDR": 0.0, "Temporal_Power": 0.7368421052631579, "Average_Window_FDR": 0.0, "Average_Window_Power": 1.0, "Window_Overlap": {"0": 1.0, "1": 1.0, "3": 1.0, "4": 1.0, "5": 1.0, "8": 1.0, "10": 1.0, "12": 1.0, "14": 1.0, "15": 1.0, "16": 1.0, "17": 1.0, "19": 1.0, "20": 1.0, "21": 1.0, "22": 1.0, "23": 1.0, "24": 1.0, "25": 1.0, "26": 1.0, "30": 1.0, "31": 1.0, "32": 1.0, "33": 1.0, "34": 1.0, "36": 1.0, "37": 1.0, "38": 1.0}}, "80": {"FDR": 0.0, "Power": 0.625, "Temporal_FDR": 0.0, "Temporal_Power": 0.6103896103896104, "Average_Window_FDR": 0.0, "Average_Window_Power": 0.8219509735154291, "Window_Overlap": {"0": 1.0, "1": 1.0, "3": 0.6, "4": 1.0, "5": 0.5833333333333334, "8": 1.0, "10": 1.0, "12": 1.0, "14": 1.0, "15": 0.5416666666666666, "16": 0.5384615384615384, "17": 1.0, "19": 0.75, "20": 1.0, "21": 0.5333333333333333, "22": 1.0, "25": 0.7647058823529411, "26": 1.0, "31": 1.0, "32": 1.0, "33": 0.9117647058823529, "34": 0.55, "36": 1.0, "37": 1.0, "38": 1.0, "41": 1.0, "43": 1.0, "45": 1.0, "46": 1.0, "49": 1.0, "50": 1.0, "51": 1.0, "52": 1.0, "57": 1.0, "59": 1.0, "60": 0.5714285714285714, "61": 1.0, "62": 1.0, "64": 1.0, "65": 1.0, "66": 1.0, "67": 1.0, "68": 1.0, "70": 0.8461538461538461, "72": 0.625, "77": 1.0, "78": 1.0}}, "160": {"FDR": 0.0, "Power": 0.6125, "Temporal_FDR": 0.0, "Temporal_Power": 0.5974025974025974, "Average_Window_FDR": 0.0, "Average_Window_Power": 0.8355379488371816, "Window_Overlap": {"0": 1.0, "1": 1.0, "3": 0.6, "4": 1.0, "5": 0.5833333333333334, "8": 1.0, "10": 1.0, "12": 1.0, "14": 1.0, "15": 0.5416666666666666, "16": 0.5384615384615384, "17": 1.0, "19": 0.75, "20": 1.0, "21": 0.5333333333333333, "22": 1.0, "25": 0.7647058823529411, "26": 1.0, "31": 1.0, "32": 1.0, "33": 0.9117647058823529, "34": 0.55, "36": 1.0, "37": 1.0, "38": 1.0, "41": 1.0, "43": 1.0, "45": 1.0, "46": 1.0, "49": 1.0, "50": 1.0, "51": 1.0, "52": 1.0, "57": 1.0, "59": 1.0, "60": 0.5714285714285714, "61": 1.0, "62": 1.0, "64": 1.0, "65": 1.0, "66": 1.0, "67": 1.0, "68": 1.0, "72": 0.625, "77": 1.0, "78": 1.0, "80": 1.0, "81": 1.0, "82": 0.6538461538461539, "83": 1.0, "85": 0.5454545454545454, "90": 0.7142857142857143, "91": 1.0, "92": 1.0, "94": 1.0, "95": 1.0, "97": 1.0, "99": 0.5666666666666667, "100": 1.0, "101": 1.0, "103": 1.0, "104": 1.0, "105": 1.0, "106": 1.0, "111": 0.8333333333333333, "112": 1.0, "114": 1.0, "115": 0.75, "117": 0.6538461538461539, "118": 1.0, "119": 1.0, "121": 1.0, "124": 1.0, "125": 1.0, "127": 1.0, "128": 0.5333333333333333, "129": 1.0, "133": 1.0, "134": 1.0, "135": 1.0, "137": 0.7142857142857143, "139": 1.0, "142": 1.0, "143": 1.0, "146": 0.9230769230769231, "148": 1.0, "150": 1.0, "152": 0.5769230769230769, "153": 1.0, "157": 1.0, "158": 1.0, "159": 1.0}}, "320": {"FDR": 0.0, "Power": 0.6375, "Temporal_FDR": 0.0, "Temporal_Power": 0.6319218241042345, "Average_Window_FDR": 0.0, "Average_Window_Power": 0.8809734236015315, "Window_Overlap": {"0": 1.0, "1": 1.0, "3": 0.6, "4": 1.0, "5": 0.5833333333333334, "8": 1.0, "10": 1.0, "12": 1.0, "14": 1.0, "15": 0.5416666666666666, "16": 0.5384615384615384, "17": 1.0, "19": 0.75, "20": 1.0, "21": 0.5333333333333333, "22": 1.0, "25": 0.7941176470588236, "26": 1.0, "31": 1.0, "32": 1.0, "33": 0.8823529411764706, "34": 0.6, "36": 1.0, "37": 1.0, "38": 1.0, "41": 1.0, "43": 1.0, "45": 1.0, "46": 1.0, "49": 1.0, "50": 1.0, "51": 1.0, "52": 1.0, "57": 1.0, "59": 1.0, "60": 0.5714285714285714, "61": 1.0, "62": 1.0, "64": 1.0, "65": 1.0, "66": 1.0, "67": 1.0, "68": 1.0, "70": 0.7692307692307692, "72": 0.625, "77": 1.0, "78": 1.0, "80": 1.0, "81": 1.0, "82": 0.6538461538461539, "83": 1.0, "85": 0.5454545454545454, "90": 0.6785714285714286, "91": 1.0, "92": 1.0, "94": 1.0, "95": 1.0, "97": 1.0, "99": 0.5666666666666667, "100": 1.0, "101": 1.0, "103": 1.0, "104": 1.0, "105": 1.0, "106": 1.0, "111": 0.8333333333333333, "112": 1.0, "114": 1.0, "115": 0.75, "117": 0.6538461538461539, "118": 1.0, "119": 1.0, "121": 1.0, "124": 1.0, "125": 1.0, "127": 1.0, "128": 0.5333333333333333, "129": 1.0, "133": 1.0, "134": 1.0, "135": 1.0, "137": 0.7142857142857143, "139": 1.0, "142": 1.0, "143": 1.0, "146": 1.0, "148": 1.0, "150": 1.0, "152": 0.5769230769230769, "153": 1.0, "157": 1.0, "158": 1.0, "159": 1.0, "161": 0.9583333333333333, "163": 1.0, "164": 1.0, "165": 1.0, "166": 1.0, "167": 1.0, "170": 1.0, "172": 1.0, "174": 1.0, "175": 0.90625, "177": 0.8333333333333333, "178": 1.0, "180": 0.8333333333333333, "181": 1.0, "183": 1.0, "187": 1.0, "189": 0.6666666666666666, "190": 1.0, "191": 0.55, "194": 1.0, "195": 1.0, "196": 1.0, "197": 1.0, "198": 1.0, "201": 1.0, "203": 1.0, "204": 1.0, "205": 0.9545454545454546, "206": 1.0, "207": 1.0, "210": 1.0, "212": 1.0, "213": 1.0, "214": 1.0, "223": 1.0, "224": 1.0, "225": 1.0, "227": 1.0, "230": 1.0, "231": 1.0, "232": 1.0, "233": 0.6, "234": 1.0, "235": 1.0, "236": 1.0, "237": 1.0, "238": 1.0, "239": 0.75, "240": 1.0, "241": 1.0, "242": 1.0, "243": 1.0, "245": 1.0, "248": 1.0, "249": 1.0, "251": 1.0, "252": 1.0, "253": 0.6111111111111112, "255": 0.6388888888888888, "258": 1.0, "260": 1.0, "264": 1.0, "265": 1.0, "267": 1.0, "268": 1.0, "269": 0.75, "271": 1.0, "272": 1.0, "273": 1.0, "274": 0.9411764705882353, "276": 1.0, "277": 1.0, "278": 0.8461538461538461, "280": 1.0, "281": 1.0, "283": 1.0, "287": 1.0, "288": 1.0, "290": 1.0, "291": 1.0, "292": 1.0, "293": 1.0, "294": 1.0, "295": 1.0, "296": 1.0, "300": 1.0, "301": 1.0, "302": 0.625, "303": 1.0, "304": 1.0, "305": 1.0, "307": 1.0, "308": 1.0, "309": 0.9444444444444444, "310": 0.75, "311": 1.0, "312": 1.0, "313": 1.0, "315": 1.0, "318": 1.0, "319": 1.0}}}