{"10": {"FDR": 0.0, "Power": 0.4, "Temporal_FDR": 0.0, "Temporal_Power": 0.4, "Average_Window_FDR": 0.0, "Average_Window_Power": 0.7727272727272727, "Window_Overlap": {"2": 1.0, "3": 1.0, "6": 1.0, "9": 0.5454545454545454}}, "20": {"FDR": 0.0, "Power": 0.4, "Temporal_FDR": 0.0, "Temporal_Power": 0.4, "Average_Window_FDR": 0.0, "Average_Window_Power": 0.7727272727272727, "Window_Overlap": {"2": 1.0, "3": 1.0, "6": 1.0, "9": 0.5454545454545454}}, "30": {"FDR": 0.0, "Power": 0.4, "Temporal_FDR": 0.0, "Temporal_Power": 0.4, "Average_Window_FDR": 0.0, "Average_Window_Power": 0.7727272727272727, "Window_Overlap": {"2": 1.0, "3": 1.0, "6": 1.0, "9": 0.5454545454545454}}, "40": {"FDR": 0.0, "Power": 0.4, "Temporal_FDR": 0.0, "Temporal_Power": 0.4, "Average_Window_FDR": 0.0, "Average_Window_Power": 0.7727272727272727, "Window_Overlap": {"2": 1.0, "3": 1.0, "6": 1.0, "9": 0.5454545454545454}}, "50": {"FDR": 0.0, "Power": 0.4, "Temporal_FDR": 0.0, "Temporal_Power": 0.4, "Average_Window_FDR": 0.0, "Average_Window_Power": 0.7727272727272727, "Window_Overlap": {"2": 1.0, "3": 1.0, "6": 1.0, "9": 0.5454545454545454}}}