{"10": {"FDR": 0.0, "Power": 0.5, "Temporal_FDR": 0.0, "Temporal_Power": 0.5, "Average_Window_FDR": 0.0, "Average_Window_Power": 1.0, "Window_Overlap": {"0": 1.0, "3": 1.0, "7": 1.0, "8": 1.0, "9": 1.0}}, "20": {"FDR": 0.0, "Power": 0.6, "Temporal_FDR": 0.0, "Temporal_Power": 0.631578947368421, "Average_Window_FDR": 0.0, "Average_Window_Power": 0.9215686274509803, "Window_Overlap": {"0": 0.5294117647058824, "3": 1.0, "7": 1.0, "8": 1.0, "9": 1.0, "10": 1.0, "12": 1.0, "13": 1.0, "14": 1.0, "15": 1.0, "17": 1.0, "18": 1.0}}, "40": {"FDR": 0.0, "Power": 0.675, "Temporal_FDR": 0.0, "Temporal_Power": 0.6842105263157895, "Average_Window_FDR": 0.0, "Average_Window_Power": 1.0, "Window_Overlap": {"0": 1.0, "3": 1.0, "7": 1.0, "8": 1.0, "9": 1.0, "10": 1.0, "12": 1.0, "13": 1.0, "14": 1.0, "15": 1.0, "17": 1.0, "18": 1.0, "22": 1.0, "23": 1.0, "24": 1.0, "25": 1.0, "26": 1.0, "27": 1.0, "28": 1.0, "30": 1.0, "32": 1.0, "33": 1.0, "34": 1.0, "35": 1.0, "36": 1.0, "38": 1.0}}, "80": {"FDR": 0.0, "Power": 0.7, "Temporal_FDR": 0.0, "Temporal_Power": 0.7051282051282052, "Average_Window_FDR": 0.0, "Average_Window_Power": 1.0, "Window_Overlap": {"0": 1.0, "3": 1.0, "7": 1.0, "8": 1.0, "9": 1.0, "10": 1.0, "12": 1.0, "13": 1.0, "14": 1.0, "15": 1.0, "17": 1.0, "18": 1.0, "22": 1.0, "23": 1.0, "24": 1.0, "25": 1.0, "26": 1.0, "27": 1.0, "28": 1.0, "30": 1.0, "32": 1.0, "33": 1.0, "34": 1.0, "35": 1.0, "36": 1.0, "38": 1.0, "40": 1.0, "43": 1.0, "44": 1.0, "45": 1.0, "46": 1.0, "47": 1.0, "48": 1.0, "50": 1.0, "52": 1.0, "53": 1.0, "54": 1.0, "57": 1.0, "58": 1.0, "59": 1.0, "61": 1.0, "62": 1.0, "63": 1.0, "64": 1.0, "65": 1.0, "68": 1.0, "69": 1.0, "72": 1.0, "73": 1.0, "74": 1.0, "75": 1.0, "76": 1.0, "77": 1.0, "78": 1.0, "79": 1.0}}, "160": {"FDR": 0.0, "Power": 0.68125, "Temporal_FDR": 0.0, "Temporal_Power": 0.6987179487179487, "Average_Window_FDR": 0.0, "Average_Window_Power": 0.8949260085120851, "Window_Overlap": {"0": 1.0, "3": 0.55, "7": 0.85, "8": 1.0, "9": 1.0, "10": 1.0, "12": 1.0, "13": 1.0, "14": 1.0, "15": 1.0, "17": 1.0, "18": 0.5555555555555556, "22": 1.0, "23": 0.8529411764705883, "24": 1.0, "25": 0.6428571428571428, "26": 1.0, "27": 0.8333333333333333, "28": 1.0, "30": 0.7692307692307692, "32": 1.0, "33": 1.0, "34": 1.0, "35": 1.0, "36": 1.0, "38": 1.0, "40": 0.7916666666666667, "43": 1.0, "44": 1.0, "45": 1.0, "46": 1.0, "47": 1.0, "50": 1.0, "52": 1.0, "53": 1.0, "54": 1.0, "57": 1.0, "58": 1.0, "59": 1.0, "61": 1.0, "62": 0.9411764705882353, "63": 1.0, "64": 1.0, "65": 1.0, "68": 1.0, "69": 1.0, "72": 1.0, "75": 1.0, "76": 1.0, "77": 1.0, "78": 1.0, "79": 1.0, "80": 0.5555555555555556, "81": 0.875, "83": 1.0, "84": 1.0, "85": 1.0, "87": 1.0, "89": 1.0, "90": 1.0, "91": 1.0, "92": 1.0, "93": 0.9166666666666667, "94": 0.5714285714285714, "95": 1.0, "96": 1.0, "97": 1.0, "100": 1.0, "102": 1.0, "103": 0.5625, "106": 0.7857142857142857, "109": 1.0, "110": 1.0, "111": 1.0, "112": 1.0, "115": 1.0, "116": 0.5555555555555556, "117": 1.0, "119": 1.0, "120": 1.0, "121": 1.0, "122": 1.0, "124": 0.75, "127": 1.0, "131": 1.0, "132": 1.0, "133": 0.5333333333333333, "134": 1.0, "135": 1.0, "137": 1.0, "138": 1.0, "140": 0.5714285714285714, "141": 0.9166666666666667, "142": 1.0, "143": 1.0, "144": 1.0, "146": 1.0, "147": 1.0, "148": 1.0, "149": 1.0, "150": 1.0, "152": 1.0, "153": 0.8928571428571428, "154": 1.0, "155": 1.0, "156": 1.0, "157": 1.0, "158": 1.0, "159": 1.0}}, "320": {"FDR": 0.0, "Power": 0.66875, "Temporal_FDR": 0.0, "Temporal_Power": 0.6763754045307443, "Average_Window_FDR": 0.0, "Average_Window_Power": 0.8900621308516046, "Window_Overlap": {"0": 1.0, "3": 0.55, "7": 0.8, "8": 0.8333333333333333, "9": 1.0, "10": 1.0, "12": 1.0, "13": 1.0, "14": 1.0, "15": 1.0, "17": 1.0, "18": 0.5555555555555556, "22": 1.0, "23": 0.8823529411764706, "24": 1.0, "25": 0.6428571428571428, "26": 1.0, "27": 0.6666666666666666, "28": 1.0, "30": 0.8076923076923077, "32": 1.0, "33": 1.0, "34": 1.0, "35": 1.0, "36": 1.0, "38": 1.0, "40": 0.8333333333333333, "43": 1.0, "44": 1.0, "45": 1.0, "46": 1.0, "47": 1.0, "50": 1.0, "52": 1.0, "53": 1.0, "54": 1.0, "57": 1.0, "58": 1.0, "59": 1.0, "61": 1.0, "62": 0.9705882352941176, "63": 1.0, "64": 1.0, "65": 1.0, "68": 1.0, "69": 1.0, "72": 1.0, "75": 1.0, "76": 1.0, "77": 1.0, "78": 1.0, "79": 1.0, "80": 0.5555555555555556, "81": 0.875, "83": 1.0, "84": 1.0, "85": 1.0, "87": 1.0, "89": 1.0, "90": 1.0, "91": 1.0, "92": 1.0, "93": 0.9166666666666667, "94": 0.5714285714285714, "95": 1.0, "96": 1.0, "97": 1.0, "100": 1.0, "102": 1.0, "103": 0.5625, "104": 0.75, "106": 0.75, "109": 1.0, "110": 1.0, "111": 1.0, "112": 1.0, "115": 1.0, "116": 0.5555555555555556, "117": 1.0, "119": 1.0, "120": 1.0, "121": 1.0, "122": 1.0, "124": 0.75, "127": 1.0, "131": 1.0, "132": 1.0, "133": 0.5333333333333333, "134": 1.0, "135": 1.0, "137": 1.0, "138": 1.0, "140": 0.5714285714285714, "141": 0.9166666666666667, "142": 1.0, "143": 1.0, "144": 1.0, "146": 1.0, "147": 1.0, "148": 1.0, "149": 1.0, "150": 1.0, "152": 1.0, "154": 1.0, "155": 1.0, "156": 1.0, "157": 1.0, "158": 1.0, "159": 1.0, "160": 1.0, "161": 1.0, "162": 0.9285714285714286, "163": 0.9285714285714286, "167": 1.0, "168": 1.0, "169": 1.0, "170": 1.0, "171": 0.8, "172": 1.0, "173": 1.0, "176": 1.0, "177": 1.0, "178": 1.0, "180": 1.0, "182": 1.0, "185": 1.0, "186": 1.0, "189": 1.0, "190": 0.5625, "191": 0.6785714285714286, "192": 1.0, "193": 1.0, "198": 0.5333333333333333, "199": 1.0, "201": 1.0, "202": 1.0, "207": 0.5882352941176471, "208": 1.0, "210": 1.0, "212": 1.0, "214": 1.0, "219": 1.0, "220": 1.0, "222": 1.0, "223": 1.0, "225": 0.5625, "228": 1.0, "229": 0.5294117647058824, "230": 1.0, "231": 1.0, "232": 1.0, "233": 1.0, "234": 1.0, "235": 1.0, "236": 1.0, "239": 1.0, "241": 1.0, "244": 0.5625, "245": 1.0, "246": 1.0, "247": 1.0, "249": 1.0, "250": 1.0, "251": 0.75, "252": 1.0, "255": 0.9615384615384616, "256": 1.0, "257": 1.0, "259": 1.0, "260": 0.9705882352941176, "264": 1.0, "266": 1.0, "267": 1.0, "268": 1.0, "270": 1.0, "271": 0.8333333333333333, "272": 1.0, "274": 1.0, "276": 1.0, "277": 1.0, "279": 1.0, "281": 1.0, "282": 1.0, "283": 1.0, "285": 1.0, "286": 1.0, "288": 1.0, "289": 0.6, "290": 1.0, "291": 0.875, "292": 0.5588235294117647, "293": 1.0, "294": 1.0, "295": 1.0, "297": 1.0, "298": 1.0, "299": 1.0, "300": 1.0, "301": 0.6875, "302": 1.0, "303": 1.0, "304": 1.0, "305": 1.0, "306": 1.0, "307": 1.0, "312": 1.0, "313": 0.75, "315": 1.0, "317": 1.0}}}