{"10": {"FDR": 0.0, "Power": 0.7, "Temporal_FDR": 0.0, "Temporal_Power": 0.7, "Average_Window_FDR": 0.0, "Average_Window_Power": 0.792063492063492, "Window_Overlap": {"0": 1.0, "3": 1.0, "4": 1.0, "5": 0.55, "6": 0.7222222222222222, "8": 1.0, "9": 1.0}}, "20": {"FDR": 0.0, "Power": 0.7, "Temporal_FDR": 0.0, "Temporal_Power": 0.7, "Average_Window_FDR": 0.0, "Average_Window_Power": 0.792063492063492, "Window_Overlap": {"0": 1.0, "3": 1.0, "4": 1.0, "5": 0.55, "6": 0.7222222222222222, "8": 1.0, "9": 1.0}}, "30": {"FDR": 0.0, "Power": 0.7, "Temporal_FDR": 0.0, "Temporal_Power": 0.7, "Average_Window_FDR": 0.0, "Average_Window_Power": 0.792063492063492, "Window_Overlap": {"0": 1.0, "3": 1.0, "4": 1.0, "5": 0.55, "6": 0.7222222222222222, "8": 1.0, "9": 1.0}}, "40": {"FDR": 0.0, "Power": 0.7, "Temporal_FDR": 0.0, "Temporal_Power": 0.7, "Average_Window_FDR": 0.0, "Average_Window_Power": 0.792063492063492, "Window_Overlap": {"0": 1.0, "3": 1.0, "4": 1.0, "5": 0.55, "6": 0.7222222222222222, "8": 1.0, "9": 1.0}}, "50": {"FDR": 0.0, "Power": 0.7, "Temporal_FDR": 0.0, "Temporal_Power": 0.7, "Average_Window_FDR": 0.0, "Average_Window_Power": 0.792063492063492, "Window_Overlap": {"0": 1.0, "3": 1.0, "4": 1.0, "5": 0.55, "6": 0.7222222222222222, "8": 1.0, "9": 1.0}}}