{"10": {"FDR": 0.0, "Power": 0.7, "Temporal_FDR": 0.0, "Temporal_Power": 0.7, "Average_Window_FDR": 0.0, "Average_Window_Power": 0.9920634920634921, "Window_Overlap": {"1": 1.0, "2": 1.0, "4": 1.0, "5": 1.0, "7": 1.0, "8": 1.0, "9": 0.9722222222222222}}, "20": {"FDR": 0.0, "Power": 0.65, "Temporal_FDR": 0.0, "Temporal_Power": 0.65, "Average_Window_FDR": 0.0, "Average_Window_Power": 1.0, "Window_Overlap": {"2": 1.0, "4": 1.0, "5": 1.0, "7": 1.0, "8": 1.0, "9": 1.0, "12": 1.0, "13": 1.0, "15": 1.0, "16": 1.0, "17": 1.0, "18": 1.0, "19": 1.0}}, "40": {"FDR": 0.0, "Power": 0.6, "Temporal_FDR": 0.0, "Temporal_Power": 0.6052631578947368, "Average_Window_FDR": 0.0, "Average_Window_Power": 0.8387077294685991, "Window_Overlap": {"1": 1.0, "2": 1.0, "4": 0.53125, "5": 1.0, "7": 1.0, "9": 1.0, "12": 1.0, "15": 0.8888888888888888, "16": 1.0, "17": 1.0, "20": 0.625, "22": 1.0, "23": 1.0, "24": 1.0, "26": 1.0, "30": 1.0, "31": 1.0, "32": 1.0, "33": 0.5666666666666667, "35": 0.7, "37": 1.0, "38": 1.0, "39": 0.8333333333333333}}, "80": {"FDR": 0.0, "Power": 0.7625, "Temporal_FDR": 0.0, "Temporal_Power": 0.7532467532467533, "Average_Window_FDR": 0.0, "Average_Window_Power": 1.0, "Window_Overlap": {"1": 1.0, "2": 1.0, "4": 1.0, "5": 1.0, "7": 1.0, "8": 1.0, "9": 1.0, "12": 1.0, "13": 1.0, "15": 1.0, "16": 1.0, "17": 1.0, "18": 1.0, "19": 1.0, "20": 1.0, "22": 1.0, "23": 1.0, "24": 1.0, "26": 1.0, "30": 1.0, "31": 1.0, "32": 1.0, "33": 1.0, "34": 1.0, "35": 1.0, "36": 1.0, "37": 1.0, "38": 1.0, "39": 1.0, "40": 1.0, "41": 1.0, "42": 1.0, "43": 1.0, "44": 1.0, "45": 1.0, "48": 1.0, "50": 1.0, "51": 1.0, "53": 1.0, "54": 1.0, "56": 1.0, "57": 1.0, "59": 1.0, "60": 1.0, "61": 1.0, "62": 1.0, "65": 1.0, "66": 1.0, "67": 1.0, "68": 1.0, "69": 1.0, "70": 1.0, "71": 1.0, "74": 1.0, "75": 1.0, "76": 1.0, "77": 1.0, "78": 1.0}}, "160": {"FDR": 0.0, "Power": 0.775, "Temporal_FDR": 0.0, "Temporal_Power": 0.7707006369426752, "Average_Window_FDR": 0.0, "Average_Window_Power": 1.0, "Window_Overlap": {"1": 1.0, "2": 1.0, "4": 1.0, "5": 1.0, "7": 1.0, "8": 1.0, "9": 1.0, "12": 1.0, "13": 1.0, "15": 1.0, "16": 1.0, "17": 1.0, "18": 1.0, "19": 1.0, "20": 1.0, "22": 1.0, "23": 1.0, "24": 1.0, "26": 1.0, "30": 1.0, "31": 1.0, "32": 1.0, "33": 1.0, "34": 1.0, "35": 1.0, "36": 1.0, "37": 1.0, "38": 1.0, "39": 1.0, "40": 1.0, "41": 1.0, "42": 1.0, "43": 1.0, "44": 1.0, "45": 1.0, "48": 1.0, "50": 1.0, "51": 1.0, "53": 1.0, "54": 1.0, "56": 1.0, "57": 1.0, "59": 1.0, "60": 1.0, "61": 1.0, "62": 1.0, "65": 1.0, "66": 1.0, "67": 1.0, "68": 1.0, "69": 1.0, "70": 1.0, "71": 1.0, "74": 1.0, "75": 1.0, "76": 1.0, "77": 1.0, "78": 1.0, "80": 1.0, "81": 1.0, "82": 1.0, "83": 1.0, "85": 1.0, "89": 1.0, "90": 1.0, "93": 1.0, "94": 1.0, "95": 1.0, "96": 1.0, "97": 1.0, "98": 1.0, "99": 1.0, "101": 1.0, "102": 1.0, "103": 1.0, "104": 1.0, "105": 1.0, "106": 1.0, "107": 1.0, "108": 1.0, "113": 1.0, "114": 1.0, "115": 1.0, "116": 1.0, "117": 1.0, "119": 1.0, "120": 1.0, "121": 1.0, "122": 1.0, "123": 1.0, "126": 1.0, "127": 1.0, "128": 1.0, "129": 1.0, "130": 1.0, "132": 1.0, "133": 1.0, "134": 1.0, "135": 1.0, "136": 1.0, "137": 1.0, "138": 1.0, "141": 1.0, "142": 1.0, "143": 1.0, "144": 1.0, "145": 1.0, "146": 1.0, "147": 1.0, "148": 1.0, "149": 1.0, "150": 1.0, "151": 1.0, "152": 1.0, "153": 1.0, "154": 1.0, "155": 1.0, "156": 1.0, "157": 1.0, "158": 1.0, "159": 1.0}}, "320": {"FDR": 0.0, "Power": 0.675, "Temporal_FDR": 0.0, "Temporal_Power": 0.6751592356687898, "Average_Window_FDR": 0.0, "Average_Window_Power": 0.8792149617287256, "Window_Overlap": {"1": 1.0, "2": 1.0, "4": 0.53125, "5": 1.0, "7": 1.0, "9": 1.0, "12": 1.0, "15": 0.8888888888888888, "16": 1.0, "17": 1.0, "18": 0.5714285714285714, "20": 0.625, "22": 1.0, "23": 1.0, "24": 1.0, "26": 1.0, "30": 1.0, "31": 1.0, "32": 1.0, "33": 0.5666666666666667, "35": 0.7, "37": 1.0, "38": 1.0, "39": 0.8333333333333333, "40": 1.0, "41": 1.0, "42": 1.0, "43": 1.0, "44": 1.0, "45": 1.0, "48": 0.75, "50": 0.875, "51": 1.0, "53": 1.0, "54": 1.0, "56": 1.0, "57": 1.0, "59": 1.0, "62": 1.0, "65": 1.0, "66": 1.0, "68": 1.0, "69": 1.0, "70": 1.0, "71": 1.0, "74": 1.0, "75": 0.875, "76": 1.0, "80": 1.0, "81": 1.0, "82": 0.5294117647058824, "83": 1.0, "85": 1.0, "89": 1.0, "90": 0.7647058823529411, "93": 1.0, "94": 1.0, "95": 1.0, "96": 1.0, "98": 1.0, "101": 1.0, "102": 1.0, "103": 1.0, "104": 1.0, "105": 1.0, "106": 1.0, "107": 1.0, "108": 1.0, "113": 1.0, "115": 1.0, "116": 0.6428571428571428, "117": 1.0, "119": 1.0, "120": 1.0, "121": 1.0, "122": 1.0, "123": 0.7222222222222222, "126": 1.0, "127": 0.9375, "128": 1.0, "129": 1.0, "130": 0.7777777777777778, "133": 1.0, "134": 1.0, "135": 1.0, "136": 1.0, "138": 1.0, "142": 0.5277777777777778, "143": 0.7777777777777778, "144": 1.0, "145": 1.0, "146": 1.0, "147": 0.8571428571428572, "148": 1.0, "149": 1.0, "150": 1.0, "151": 1.0, "152": 1.0, "153": 0.7777777777777778, "154": 1.0, "155": 1.0, "156": 0.5714285714285714, "157": 1.0, "158": 1.0, "159": 1.0, "163": 1.0, "165": 1.0, "168": 1.0, "169": 1.0, "170": 0.75, "171": 1.0, "172": 1.0, "173": 1.0, "174": 1.0, "175": 1.0, "176": 1.0, "179": 1.0, "180": 1.0, "181": 1.0, "183": 0.5416666666666666, "186": 1.0, "187": 1.0, "190": 1.0, "191": 1.0, "192": 1.0, "193": 0.75, "194": 0.5294117647058824, "197": 1.0, "198": 1.0, "199": 1.0, "200": 1.0, "201": 1.0, "204": 1.0, "205": 1.0, "206": 1.0, "207": 1.0, "208": 1.0, "209": 1.0, "210": 1.0, "211": 1.0, "212": 1.0, "214": 1.0, "215": 1.0, "216": 1.0, "217": 1.0, "218": 1.0, "219": 1.0, "220": 0.6666666666666666, "223": 1.0, "224": 1.0, "225": 1.0, "227": 1.0, "228": 0.5454545454545454, "229": 0.6, "230": 1.0, "232": 0.5333333333333333, "234": 1.0, "235": 0.7, "236": 1.0, "237": 1.0, "238": 1.0, "239": 1.0, "240": 0.7222222222222222, "241": 1.0, "242": 0.75, "243": 0.8636363636363636, "246": 1.0, "247": 0.8333333333333333, "248": 1.0, "249": 1.0, "251": 1.0, "253": 1.0, "254": 0.8333333333333333, "256": 1.0, "257": 0.55, "260": 1.0, "261": 0.9375, "262": 0.5714285714285714, "263": 1.0, "264": 1.0, "265": 0.9285714285714286, "268": 0.75, "269": 1.0, "273": 1.0, "275": 1.0, "276": 1.0, "277": 1.0, "279": 1.0, "280": 1.0, "281": 0.875, "284": 1.0, "285": 1.0, "287": 1.0, "290": 1.0, "291": 1.0, "292": 1.0, "293": 1.0, "295": 1.0, "296": 0.5833333333333334, "297": 1.0, "298": 0.5789473684210527, "299": 0.7, "301": 1.0, "305": 1.0, "308": 1.0, "310": 1.0, "312": 1.0, "315": 1.0, "316": 1.0, "317": 1.0, "318": 1.0, "319": 1.0}}}