{"10": {"FDR": 0.0, "Power": 0.8, "Temporal_FDR": 0.0, "Temporal_Power": 0.8888888888888888, "Average_Window_FDR": 0.0, "Average_Window_Power": 1.0, "Window_Overlap": {"1": 1.0, "3": 1.0, "4": 1.0, "5": 1.0, "6": 1.0, "7": 1.0, "8": 1.0, "9": 1.0}}, "20": {"FDR": 0.0, "Power": 0.8, "Temporal_FDR": 0.0, "Temporal_Power": 0.8421052631578947, "Average_Window_FDR": 0.0, "Average_Window_Power": 1.0, "Window_Overlap": {"1": 1.0, "3": 1.0, "4": 1.0, "5": 1.0, "6": 1.0, "7": 1.0, "8": 1.0, "9": 1.0, "11": 1.0, "12": 1.0, "13": 1.0, "14": 1.0, "15": 1.0, "16": 1.0, "17": 1.0, "18": 1.0}}, "40": {"FDR": 0.0, "Power": 0.6, "Temporal_FDR": 0.0, "Temporal_Power": 0.631578947368421, "Average_Window_FDR": 0.0, "Average_Window_Power": 0.7985042735042734, "Window_Overlap": {"1": 1.0, "3": 1.0, "4": 1.0, "5": 0.625, "6": 0.6153846153846154, "8": 1.0, "9": 1.0, "11": 1.0, "12": 1.0, "13": 1.0, "14": 1.0, "16": 1.0, "17": 1.0, "18": 1.0, "20": 1.0, "21": 0.5416666666666666, "25": 0.5333333333333333, "26": 1.0, "29": 1.0, "31": 0.6666666666666666, "32": 1.0, "33": 1.0, "38": 0.6, "39": 1.0}}, "80": {"FDR": 0.0, "Power": 0.7125, "Temporal_FDR": 0.0, "Temporal_Power": 0.7236842105263158, "Average_Window_FDR": 0.0, "Average_Window_Power": 1.0, "Window_Overlap": {"1": 1.0, "3": 1.0, "4": 1.0, "5": 1.0, "6": 1.0, "7": 1.0, "8": 1.0, "9": 1.0, "11": 1.0, "12": 1.0, "13": 1.0, "14": 1.0, "15": 1.0, "16": 1.0, "17": 1.0, "18": 1.0, "20": 1.0, "21": 1.0, "25": 1.0, "26": 1.0, "28": 1.0, "29": 1.0, "31": 1.0, "32": 1.0, "33": 1.0, "38": 1.0, "39": 1.0, "40": 1.0, "41": 1.0, "42": 1.0, "43": 1.0, "44": 1.0, "45": 1.0, "46": 1.0, "47": 1.0, "48": 1.0, "49": 1.0, "52": 1.0, "53": 1.0, "56": 1.0, "57": 1.0, "58": 1.0, "59": 1.0, "60": 1.0, "61": 1.0, "62": 1.0, "63": 1.0, "65": 1.0, "66": 1.0, "71": 1.0, "73": 1.0, "75": 1.0, "77": 1.0, "78": 1.0, "79": 1.0}}, "160": {"FDR": 0.0, "Power": 0.6375, "Temporal_FDR": 0.0, "Temporal_Power": 0.6490066225165563, "Average_Window_FDR": 0.0, "Average_Window_Power": 0.8819505224667288, "Window_Overlap": {"1": 1.0, "3": 1.0, "4": 1.0, "5": 0.625, "6": 0.6153846153846154, "8": 1.0, "9": 1.0, "11": 1.0, "12": 1.0, "13": 1.0, "14": 1.0, "16": 1.0, "17": 1.0, "18": 1.0, "20": 1.0, "21": 0.5416666666666666, "25": 0.5333333333333333, "26": 1.0, "29": 1.0, "31": 0.6666666666666666, "32": 1.0, "33": 1.0, "38": 0.6, "39": 1.0, "40": 0.9666666666666667, "41": 1.0, "42": 0.95, "43": 0.55, "45": 1.0, "46": 1.0, "47": 1.0, "48": 1.0, "49": 1.0, "52": 1.0, "53": 1.0, "56": 0.6666666666666666, "57": 0.8, "58": 0.8636363636363636, "59": 1.0, "60": 1.0, "61": 1.0, "63": 1.0, "65": 1.0, "66": 1.0, "71": 1.0, "73": 1.0, "75": 1.0, "77": 1.0, "78": 1.0, "80": 1.0, "81": 1.0, "82": 1.0, "86": 1.0, "87": 1.0, "88": 1.0, "89": 1.0, "91": 1.0, "96": 1.0, "97": 0.5294117647058824, "98": 1.0, "100": 1.0, "101": 0.5714285714285714, "104": 1.0, "109": 0.7, "110": 1.0, "111": 1.0, "112": 1.0, "114": 1.0, "116": 1.0, "118": 1.0, "119": 1.0, "120": 1.0, "121": 1.0, "122": 1.0, "123": 1.0, "124": 0.9705882352941176, "125": 1.0, "126": 1.0, "127": 1.0, "129": 1.0, "132": 1.0, "134": 0.5294117647058824, "136": 0.5357142857142857, "139": 1.0, "140": 1.0, "141": 1.0, "142": 1.0, "144": 1.0, "145": 1.0, "146": 1.0, "147": 1.0, "148": 1.0, "152": 1.0, "153": 1.0, "154": 1.0, "155": 1.0, "156": 1.0, "159": 1.0}}, "320": {"FDR": 0.0, "Power": 0.659375, "Temporal_FDR": 0.0, "Temporal_Power": 0.6677631578947368, "Average_Window_FDR": 0.0, "Average_Window_Power": 0.8848000951424445, "Window_Overlap": {"1": 1.0, "3": 1.0, "4": 1.0, "5": 0.625, "6": 0.6153846153846154, "8": 1.0, "9": 1.0, "11": 1.0, "12": 1.0, "13": 1.0, "14": 1.0, "16": 1.0, "17": 1.0, "18": 1.0, "20": 1.0, "21": 0.5416666666666666, "25": 0.5333333333333333, "26": 1.0, "29": 1.0, "31": 0.6666666666666666, "32": 1.0, "33": 1.0, "38": 0.6, "39": 1.0, "40": 1.0, "41": 1.0, "42": 0.95, "43": 0.55, "45": 1.0, "46": 1.0, "47": 1.0, "48": 1.0, "49": 1.0, "52": 1.0, "53": 1.0, "56": 0.6666666666666666, "57": 0.75, "58": 0.8636363636363636, "59": 1.0, "60": 1.0, "61": 1.0, "62": 0.8, "63": 1.0, "65": 1.0, "66": 1.0, "71": 1.0, "73": 1.0, "75": 1.0, "77": 1.0, "78": 1.0, "80": 1.0, "81": 1.0, "82": 1.0, "86": 1.0, "87": 1.0, "88": 1.0, "89": 1.0, "91": 1.0, "96": 1.0, "98": 1.0, "100": 1.0, "101": 0.5714285714285714, "104": 1.0, "109": 0.7, "110": 1.0, "111": 1.0, "112": 1.0, "114": 1.0, "116": 1.0, "118": 1.0, "119": 1.0, "120": 1.0, "121": 1.0, "122": 1.0, "123": 1.0, "124": 0.8235294117647058, "125": 1.0, "126": 1.0, "127": 1.0, "129": 1.0, "132": 1.0, "134": 0.5294117647058824, "136": 0.5357142857142857, "139": 1.0, "140": 1.0, "141": 1.0, "142": 1.0, "144": 1.0, "145": 1.0, "146": 1.0, "147": 1.0, "148": 1.0, "152": 1.0, "153": 1.0, "154": 1.0, "155": 1.0, "156": 1.0, "159": 1.0, "160": 1.0, "162": 1.0, "163": 1.0, "164": 1.0, "167": 1.0, "168": 0.5769230769230769, "169": 1.0, "170": 1.0, "171": 0.53125, "172": 0.8888888888888888, "173": 1.0, "174": 1.0, "175": 1.0, "176": 1.0, "177": 1.0, "178": 1.0, "181": 0.5384615384615384, "183": 1.0, "184": 1.0, "185": 0.85, "187": 1.0, "188": 1.0, "193": 1.0, "194": 1.0, "196": 0.9090909090909092, "197": 1.0, "199": 0.9705882352941176, "200": 1.0, "201": 1.0, "202": 1.0, "205": 1.0, "206": 1.0, "207": 1.0, "208": 1.0, "209": 1.0, "210": 1.0, "211": 1.0, "216": 1.0, "217": 1.0, "218": 1.0, "219": 1.0, "220": 0.7333333333333334, "221": 1.0, "225": 1.0, "226": 0.7, "227": 1.0, "229": 1.0, "230": 0.5666666666666667, "231": 1.0, "232": 1.0, "235": 0.9444444444444444, "236": 1.0, "237": 1.0, "239": 1.0, "245": 1.0, "246": 1.0, "247": 0.5625, "248": 1.0, "250": 1.0, "258": 1.0, "260": 1.0, "261": 1.0, "262": 1.0, "263": 1.0, "264": 0.6111111111111112, "265": 0.7105263157894737, "266": 0.5833333333333334, "267": 1.0, "268": 1.0, "269": 1.0, "270": 1.0, "271": 1.0, "272": 0.9166666666666667, "274": 1.0, "276": 0.55, "277": 1.0, "278": 1.0, "279": 1.0, "280": 1.0, "281": 0.8636363636363636, "283": 1.0, "284": 1.0, "285": 0.8888888888888888, "286": 1.0, "287": 1.0, "288": 1.0, "289": 1.0, "290": 1.0, "291": 1.0, "294": 1.0, "296": 1.0, "299": 1.0, "300": 1.0, "301": 0.55, "305": 1.0, "308": 1.0, "310": 1.0, "312": 1.0, "313": 1.0, "314": 1.0, "315": 0.5384615384615384, "316": 1.0, "317": 1.0, "318": 1.0, "319": 1.0}}}