{"10": {"FDR": 0.0, "Power": 0.4, "Temporal_FDR": 0.0, "Temporal_Power": 0.5, "Average_Window_FDR": 0.0, "Average_Window_Power": 1.0, "Window_Overlap": {"3": 1.0, "5": 1.0, "7": 1.0, "8": 1.0}}, "20": {"FDR": 0.0, "Power": 0.4, "Temporal_FDR": 0.0, "Temporal_Power": 0.4444444444444444, "Average_Window_FDR": 0.0, "Average_Window_Power": 0.9375, "Window_Overlap": {"3": 1.0, "5": 1.0, "7": 1.0, "8": 1.0, "10": 0.75, "13": 1.0, "14": 1.0, "17": 1.0}}, "40": {"FDR": 0.0, "Power": 0.725, "Temporal_FDR": 0.0, "Temporal_Power": 0.7368421052631579, "Average_Window_FDR": 0.0, "Average_Window_Power": 1.0, "Window_Overlap": {"1": 1.0, "3": 1.0, "5": 1.0, "7": 1.0, "8": 1.0, "10": 1.0, "11": 1.0, "13": 1.0, "14": 1.0, "17": 1.0, "18": 1.0, "20": 1.0, "21": 1.0, "22": 1.0, "23": 1.0, "24": 1.0, "25": 1.0, "26": 1.0, "27": 1.0, "29": 1.0, "30": 1.0, "31": 1.0, "34": 1.0, "35": 1.0, "36": 1.0, "37": 1.0, "38": 1.0, "39": 1.0}}, "80": {"FDR": 0.0, "Power": 0.7375, "Temporal_FDR": 0.0, "Temporal_Power": 0.75, "Average_Window_FDR": 0.0, "Average_Window_Power": 1.0, "Window_Overlap": {"1": 1.0, "3": 1.0, "5": 1.0, "7": 1.0, "8": 1.0, "10": 1.0, "11": 1.0, "13": 1.0, "14": 1.0, "17": 1.0, "18": 1.0, "20": 1.0, "21": 1.0, "22": 1.0, "23": 1.0, "24": 1.0, "25": 1.0, "26": 1.0, "27": 1.0, "29": 1.0, "30": 1.0, "31": 1.0, "34": 1.0, "35": 1.0, "36": 1.0, "37": 1.0, "38": 1.0, "39": 1.0, "41": 1.0, "42": 1.0, "43": 1.0, "44": 1.0, "46": 1.0, "47": 1.0, "50": 1.0, "51": 1.0, "52": 1.0, "53": 1.0, "55": 1.0, "58": 1.0, "59": 1.0, "60": 1.0, "61": 1.0, "62": 1.0, "63": 1.0, "64": 1.0, "66": 1.0, "67": 1.0, "68": 1.0, "69": 1.0, "70": 1.0, "71": 1.0, "73": 1.0, "74": 1.0, "76": 1.0, "77": 1.0, "79": 1.0}}, "160": {"FDR": 0.0, "Power": 0.66875, "Temporal_FDR": 0.0, "Temporal_Power": 0.6688311688311688, "Average_Window_FDR": 0.0, "Average_Window_Power": 0.8608785312796554, "Window_Overlap": {"1": 0.6666666666666666, "3": 1.0, "5": 1.0, "7": 1.0, "8": 1.0, "10": 0.75, "13": 1.0, "14": 1.0, "17": 1.0, "18": 0.8888888888888888, "20": 1.0, "21": 0.7777777777777778, "22": 1.0, "23": 1.0, "24": 1.0, "25": 1.0, "26": 1.0, "27": 0.5416666666666666, "29": 1.0, "30": 1.0, "31": 1.0, "35": 0.65, "36": 0.5833333333333334, "37": 0.5555555555555556, "38": 1.0, "39": 1.0, "41": 1.0, "42": 1.0, "43": 1.0, "44": 1.0, "46": 1.0, "47": 0.55, "51": 1.0, "52": 1.0, "53": 1.0, "55": 1.0, "58": 1.0, "59": 0.5333333333333333, "62": 1.0, "63": 1.0, "64": 1.0, "68": 1.0, "69": 1.0, "70": 1.0, "71": 1.0, "73": 0.5625, "74": 0.8333333333333333, "76": 1.0, "77": 1.0, "79": 1.0, "81": 0.5277777777777778, "85": 1.0, "86": 1.0, "88": 1.0, "89": 1.0, "92": 0.625, "93": 0.5714285714285714, "95": 1.0, "96": 1.0, "97": 1.0, "98": 0.5416666666666666, "99": 1.0, "100": 1.0, "101": 1.0, "102": 1.0, "103": 1.0, "104": 1.0, "105": 1.0, "106": 1.0, "108": 0.5263157894736842, "109": 1.0, "110": 1.0, "112": 1.0, "113": 1.0, "114": 1.0, "116": 1.0, "117": 1.0, "119": 1.0, "121": 1.0, "123": 1.0, "124": 1.0, "128": 1.0, "129": 1.0, "131": 1.0, "132": 1.0, "133": 1.0, "134": 1.0, "136": 1.0, "137": 0.5666666666666667, "141": 1.0, "143": 1.0, "144": 1.0, "146": 1.0, "148": 1.0, "149": 1.0, "150": 1.0, "151": 1.0, "153": 1.0, "154": 0.6666666666666666, "155": 1.0, "156": 0.9166666666666667, "158": 1.0, "159": 1.0}}, "320": {"FDR": 0.0, "Power": 0.73125, "Temporal_FDR": 0.0, "Temporal_Power": 0.7322580645161291, "Average_Window_FDR": 0.0, "Average_Window_Power": 1.0, "Window_Overlap": {"1": 1.0, "3": 1.0, "5": 1.0, "7": 1.0, "8": 1.0, "10": 1.0, "11": 1.0, "13": 1.0, "14": 1.0, "17": 1.0, "18": 1.0, "20": 1.0, "21": 1.0, "22": 1.0, "23": 1.0, "24": 1.0, "25": 1.0, "26": 1.0, "27": 1.0, "29": 1.0, "30": 1.0, "31": 1.0, "34": 1.0, "35": 1.0, "36": 1.0, "37": 1.0, "38": 1.0, "39": 1.0, "41": 1.0, "42": 1.0, "43": 1.0, "44": 1.0, "46": 1.0, "47": 1.0, "50": 1.0, "51": 1.0, "52": 1.0, "53": 1.0, "55": 1.0, "58": 1.0, "59": 1.0, "60": 1.0, "61": 1.0, "62": 1.0, "63": 1.0, "64": 1.0, "66": 1.0, "67": 1.0, "68": 1.0, "69": 1.0, "70": 1.0, "71": 1.0, "73": 1.0, "74": 1.0, "76": 1.0, "77": 1.0, "79": 1.0, "80": 1.0, "81": 1.0, "82": 1.0, "85": 1.0, "86": 1.0, "88": 1.0, "89": 1.0, "92": 1.0, "93": 1.0, "95": 1.0, "96": 1.0, "97": 1.0, "98": 1.0, "99": 1.0, "100": 1.0, "101": 1.0, "102": 1.0, "103": 1.0, "104": 1.0, "105": 1.0, "106": 1.0, "108": 1.0, "109": 1.0, "110": 1.0, "112": 1.0, "113": 1.0, "114": 1.0, "116": 1.0, "117": 1.0, "119": 1.0, "121": 1.0, "123": 1.0, "124": 1.0, "126": 1.0, "128": 1.0, "129": 1.0, "131": 1.0, "132": 1.0, "133": 1.0, "134": 1.0, "136": 1.0, "137": 1.0, "138": 1.0, "139": 1.0, "141": 1.0, "143": 1.0, "144": 1.0, "146": 1.0, "147": 1.0, "148": 1.0, "149": 1.0, "150": 1.0, "151": 1.0, "153": 1.0, "154": 1.0, "155": 1.0, "156": 1.0, "158": 1.0, "159": 1.0, "160": 1.0, "162": 1.0, "165": 1.0, "169": 1.0, "170": 1.0, "171": 1.0, "172": 1.0, "174": 1.0, "175": 1.0, "176": 1.0, "177": 1.0, "179": 1.0, "182": 1.0, "183": 1.0, "184": 1.0, "185": 1.0, "186": 1.0, "187": 1.0, "188": 1.0, "190": 1.0, "192": 1.0, "193": 1.0, "194": 1.0, "195": 1.0, "196": 1.0, "198": 1.0, "199": 1.0, "200": 1.0, "203": 1.0, "204": 1.0, "205": 1.0, "206": 1.0, "209": 1.0, "212": 1.0, "214": 1.0, "215": 1.0, "217": 1.0, "218": 1.0, "223": 1.0, "224": 1.0, "225": 1.0, "226": 1.0, "228": 1.0, "229": 1.0, "231": 1.0, "232": 1.0, "233": 1.0, "234": 1.0, "235": 1.0, "236": 1.0, "237": 1.0, "238": 1.0, "239": 1.0, "241": 1.0, "242": 1.0, "243": 1.0, "244": 1.0, "245": 1.0, "247": 1.0, "248": 1.0, "252": 1.0, "253": 1.0, "255": 1.0, "258": 1.0, "260": 1.0, "261": 1.0, "262": 1.0, "263": 1.0, "264": 1.0, "265": 1.0, "266": 1.0, "267": 1.0, "268": 1.0, "269": 1.0, "271": 1.0, "272": 1.0, "274": 1.0, "275": 1.0, "277": 1.0, "279": 1.0, "280": 1.0, "281": 1.0, "282": 1.0, "284": 1.0, "285": 1.0, "286": 1.0, "289": 1.0, "290": 1.0, "292": 1.0, "293": 1.0, "295": 1.0, "296": 1.0, "297": 1.0, "298": 1.0, "299": 1.0, "300": 1.0, "301": 1.0, "303": 1.0, "304": 1.0, "306": 1.0, "307": 1.0, "308": 1.0, "309": 1.0, "310": 1.0, "313": 1.0, "314": 1.0, "315": 1.0, "316": 1.0, "317": 1.0, "318": 1.0, "319": 1.0}}}