{"10": {"FDR": 0.0, "Power": 0.7, "Temporal_FDR": 0.0, "Temporal_Power": 0.625, "Average_Window_FDR": 0.0, "Average_Window_Power": 1.0, "Window_Overlap": {"1": 1.0, "3": 1.0, "7": 1.0, "8": 1.0, "9": 1.0}}, "20": {"FDR": 0.0, "Power": 0.65, "Temporal_FDR": 0.0, "Temporal_Power": 0.6666666666666666, "Average_Window_FDR": 0.0, "Average_Window_Power": 0.9186507936507936, "Window_Overlap": {"1": 0.8333333333333333, "3": 0.75, "7": 1.0, "8": 0.9285714285714286, "9": 1.0, "11": 1.0, "12": 1.0, "13": 1.0, "14": 1.0, "16": 1.0, "17": 1.0, "18": 1.0}}, "40": {"FDR": 0.0, "Power": 0.675, "Temporal_FDR": 0.0, "Temporal_Power": 0.6842105263157895, "Average_Window_FDR": 0.0, "Average_Window_Power": 0.8672327672327671, "Window_Overlap": {"1": 0.8333333333333333, "3": 0.75, "7": 1.0, "8": 0.9285714285714286, "9": 1.0, "11": 1.0, "12": 1.0, "13": 1.0, "14": 1.0, "16": 1.0, "17": 1.0, "18": 1.0, "20": 1.0, "21": 1.0, "22": 1.0, "25": 1.0, "27": 0.55, "28": 1.0, "29": 1.0, "30": 1.0, "31": 0.5454545454545454, "32": 1.0, "33": 1.0, "34": 1.0, "35": 0.6666666666666666, "39": 1.0}}, "80": {"FDR": 0.0, "Power": 0.725, "Temporal_FDR": 0.0, "Temporal_Power": 0.7066666666666667, "Average_Window_FDR": 0.0, "Average_Window_Power": 1.0, "Window_Overlap": {"1": 1.0, "3": 1.0, "7": 1.0, "8": 1.0, "9": 1.0, "10": 1.0, "11": 1.0, "12": 1.0, "13": 1.0, "14": 1.0, "16": 1.0, "17": 1.0, "18": 1.0, "20": 1.0, "21": 1.0, "22": 1.0, "24": 1.0, "25": 1.0, "26": 1.0, "27": 1.0, "28": 1.0, "29": 1.0, "30": 1.0, "31": 1.0, "32": 1.0, "33": 1.0, "34": 1.0, "35": 1.0, "37": 1.0, "39": 1.0, "40": 1.0, "41": 1.0, "46": 1.0, "47": 1.0, "49": 1.0, "51": 1.0, "52": 1.0, "53": 1.0, "54": 1.0, "55": 1.0, "56": 1.0, "58": 1.0, "59": 1.0, "60": 1.0, "61": 1.0, "63": 1.0, "65": 1.0, "66": 1.0, "68": 1.0, "69": 1.0, "71": 1.0, "72": 1.0, "79": 1.0}}, "160": {"FDR": 0.0, "Power": 0.7, "Temporal_FDR": 0.0, "Temporal_Power": 0.7066666666666667, "Average_Window_FDR": 0.0, "Average_Window_Power": 1.0, "Window_Overlap": {"1": 1.0, "3": 1.0, "7": 1.0, "8": 1.0, "9": 1.0, "10": 1.0, "11": 1.0, "12": 1.0, "13": 1.0, "14": 1.0, "16": 1.0, "17": 1.0, "18": 1.0, "20": 1.0, "21": 1.0, "22": 1.0, "24": 1.0, "25": 1.0, "26": 1.0, "27": 1.0, "28": 1.0, "29": 1.0, "30": 1.0, "31": 1.0, "32": 1.0, "33": 1.0, "34": 1.0, "35": 1.0, "37": 1.0, "39": 1.0, "40": 1.0, "41": 1.0, "46": 1.0, "47": 1.0, "49": 1.0, "51": 1.0, "52": 1.0, "53": 1.0, "54": 1.0, "55": 1.0, "56": 1.0, "58": 1.0, "59": 1.0, "60": 1.0, "61": 1.0, "63": 1.0, "65": 1.0, "66": 1.0, "68": 1.0, "69": 1.0, "71": 1.0, "72": 1.0, "79": 1.0, "80": 1.0, "81": 1.0, "82": 1.0, "83": 1.0, "84": 1.0, "86": 1.0, "87": 1.0, "88": 1.0, "89": 1.0, "91": 1.0, "92": 1.0, "93": 1.0, "96": 1.0, "97": 1.0, "98": 1.0, "99": 1.0, "101": 1.0, "102": 1.0, "103": 1.0, "104": 1.0, "105": 1.0, "107": 1.0, "108": 1.0, "109": 1.0, "111": 1.0, "116": 1.0, "118": 1.0, "119": 1.0, "121": 1.0, "123": 1.0, "124": 1.0, "125": 1.0, "126": 1.0, "127": 1.0, "128": 1.0, "129": 1.0, "131": 1.0, "132": 1.0, "133": 1.0, "134": 1.0, "135": 1.0, "136": 1.0, "137": 1.0, "140": 1.0, "141": 1.0, "146": 1.0, "147": 1.0, "148": 1.0, "149": 1.0, "152": 1.0, "157": 1.0, "158": 1.0, "159": 1.0}}, "320": {"FDR": 0.0, "Power": 0.64375, "Temporal_FDR": 0.0, "Temporal_Power": 0.6428571428571429, "Average_Window_FDR": 0.0, "Average_Window_Power": 0.8840034313525026, "Window_Overlap": {"1": 0.8333333333333333, "3": 0.75, "7": 1.0, "8": 0.9285714285714286, "9": 1.0, "11": 1.0, "12": 1.0, "13": 1.0, "14": 1.0, "16": 1.0, "17": 1.0, "18": 1.0, "20": 1.0, "21": 1.0, "22": 1.0, "25": 1.0, "27": 0.55, "28": 1.0, "29": 1.0, "30": 1.0, "31": 0.5454545454545454, "32": 1.0, "33": 1.0, "34": 1.0, "35": 0.6666666666666666, "37": 0.6764705882352942, "39": 1.0, "40": 1.0, "41": 0.6153846153846154, "46": 1.0, "47": 0.875, "49": 1.0, "51": 1.0, "52": 0.9444444444444444, "53": 1.0, "55": 1.0, "56": 1.0, "58": 1.0, "60": 1.0, "61": 1.0, "63": 1.0, "65": 0.9411764705882353, "66": 1.0, "68": 1.0, "69": 1.0, "71": 0.8333333333333333, "72": 0.5714285714285714, "79": 1.0, "80": 1.0, "82": 0.9375, "84": 0.9, "86": 1.0, "87": 0.6111111111111112, "88": 1.0, "89": 1.0, "91": 1.0, "92": 0.625, "93": 1.0, "96": 1.0, "97": 1.0, "98": 1.0, "101": 1.0, "102": 0.53125, "103": 1.0, "104": 1.0, "105": 0.7222222222222222, "107": 1.0, "108": 0.75, "109": 1.0, "111": 1.0, "116": 0.53125, "118": 0.75, "121": 1.0, "123": 1.0, "124": 1.0, "125": 1.0, "126": 1.0, "127": 0.8333333333333333, "128": 1.0, "129": 0.5526315789473684, "132": 1.0, "133": 0.9166666666666667, "134": 1.0, "136": 1.0, "137": 1.0, "140": 1.0, "141": 1.0, "146": 0.9, "147": 1.0, "148": 1.0, "149": 0.5333333333333333, "152": 0.90625, "157": 1.0, "158": 0.9166666666666667, "159": 0.5454545454545454, "160": 1.0, "161": 1.0, "163": 1.0, "165": 1.0, "166": 1.0, "170": 1.0, "171": 1.0, "174": 1.0, "175": 1.0, "176": 1.0, "179": 1.0, "180": 1.0, "181": 1.0, "182": 1.0, "187": 0.7272727272727273, "188": 1.0, "191": 1.0, "193": 1.0, "196": 1.0, "197": 1.0, "198": 1.0, "199": 1.0, "200": 0.5384615384615384, "201": 0.7777777777777778, "203": 1.0, "204": 1.0, "206": 1.0, "210": 1.0, "213": 1.0, "214": 1.0, "215": 1.0, "218": 1.0, "219": 1.0, "220": 1.0, "221": 1.0, "222": 1.0, "223": 0.6818181818181819, "225": 1.0, "226": 1.0, "227": 1.0, "228": 1.0, "230": 1.0, "231": 1.0, "232": 1.0, "233": 1.0, "234": 1.0, "235": 0.5526315789473684, "236": 1.0, "238": 1.0, "240": 1.0, "241": 1.0, "243": 1.0, "247": 1.0, "248": 1.0, "250": 1.0, "252": 1.0, "253": 1.0, "254": 1.0, "255": 1.0, "256": 1.0, "258": 1.0, "259": 1.0, "260": 1.0, "261": 1.0, "262": 1.0, "263": 1.0, "264": 0.9166666666666667, "265": 1.0, "269": 1.0, "272": 1.0, "273": 1.0, "275": 0.9166666666666667, "276": 1.0, "277": 1.0, "278": 1.0, "279": 1.0, "282": 1.0, "283": 1.0, "284": 1.0, "285": 1.0, "288": 1.0, "290": 1.0, "291": 1.0, "292": 1.0, "293": 0.55, "294": 0.6666666666666666, "296": 1.0, "298": 1.0, "299": 0.9444444444444444, "300": 0.6666666666666666, "301": 1.0, "302": 1.0, "303": 1.0, "304": 1.0, "305": 1.0, "307": 1.0, "309": 1.0, "311": 1.0, "314": 1.0, "315": 1.0, "316": 0.75, "317": 0.6333333333333333, "319": 1.0}}}