{"10": {"FDR": 0.0, "Power": 0.8, "Temporal_FDR": 0.0, "Temporal_Power": 0.8, "Average_Window_FDR": 0.0, "Average_Window_Power": 0.8573179271708684, "Window_Overlap": {"0": 0.6666666666666666, "1": 1.0, "2": 1.0, "4": 0.8214285714285714, "5": 1.0, "7": 1.0, "8": 1.0, "9": 0.9411764705882353}}, "20": {"FDR": 0.0, "Power": 0.8, "Temporal_FDR": 0.0, "Temporal_Power": 0.8, "Average_Window_FDR": 0.0, "Average_Window_Power": 0.8573179271708684, "Window_Overlap": {"0": 0.6666666666666666, "1": 1.0, "2": 1.0, "4": 0.8214285714285714, "5": 1.0, "7": 1.0, "8": 1.0, "9": 0.9411764705882353}}, "30": {"FDR": 0.0, "Power": 0.8, "Temporal_FDR": 0.0, "Temporal_Power": 0.8, "Average_Window_FDR": 0.0, "Average_Window_Power": 0.8499649859943977, "Window_Overlap": {"0": 0.6666666666666666, "1": 1.0, "2": 1.0, "4": 0.8214285714285714, "5": 1.0, "7": 1.0, "8": 1.0, "9": 0.9117647058823529}}, "40": {"FDR": 0.0, "Power": 0.8, "Temporal_FDR": 0.0, "Temporal_Power": 0.8, "Average_Window_FDR": 0.0, "Average_Window_Power": 0.8499649859943977, "Window_Overlap": {"0": 0.6666666666666666, "1": 1.0, "2": 1.0, "4": 0.8214285714285714, "5": 1.0, "7": 1.0, "8": 1.0, "9": 0.9117647058823529}}, "50": {"FDR": 0.0, "Power": 0.8, "Temporal_FDR": 0.0, "Temporal_Power": 0.8, "Average_Window_FDR": 0.0, "Average_Window_Power": 0.8499649859943977, "Window_Overlap": {"0": 0.6666666666666666, "1": 1.0, "2": 1.0, "4": 0.8214285714285714, "5": 1.0, "7": 1.0, "8": 1.0, "9": 0.9117647058823529}}}