{"10": {"FDR": 0.0, "Power": 0.5, "Temporal_FDR": 0.0, "Temporal_Power": 0.5, "Average_Window_FDR": 0.0, "Average_Window_Power": 0.8027777777777778, "Window_Overlap": {"0": 0.5625, "4": 1.0, "5": 0.9444444444444444, "8": 1.0, "9": 1.0}}, "20": {"FDR": 0.0, "Power": 0.4, "Temporal_FDR": 0.0, "Temporal_Power": 0.4, "Average_Window_FDR": 0.0, "Average_Window_Power": 0.7678571428571428, "Window_Overlap": {"0": 0.5357142857142857, "4": 1.0, "8": 1.0, "9": 1.0}}, "40": {"FDR": 0.0, "Power": 0.4, "Temporal_FDR": 0.0, "Temporal_Power": 0.4, "Average_Window_FDR": 0.0, "Average_Window_Power": 0.7589285714285714, "Window_Overlap": {"0": 0.5178571428571429, "4": 1.0, "8": 1.0, "9": 1.0}}, "80": {"FDR": 0.0, "Power": 0.3, "Temporal_FDR": 0.0, "Temporal_Power": 0.3, "Average_Window_FDR": 0.0, "Average_Window_Power": 0.5616161616161616, "Window_Overlap": {"0": 0.509090909090909, "8": 0.8333333333333333, "9": 1.0}}, "160": {"FDR": 0.0, "Power": 0.3, "Temporal_FDR": 0.0, "Temporal_Power": 0.3, "Average_Window_FDR": 0.0, "Average_Window_Power": 0.4536753879261524, "Window_Overlap": {"0": 0.5045871559633027, "8": 0.6759259259259259, "9": 1.0}}, "320": {"FDR": 0.0, "Power": 0.3, "Temporal_FDR": 0.0, "Temporal_Power": 0.3, "Average_Window_FDR": 0.0, "Average_Window_Power": 0.4103340834343085, "Window_Overlap": {"0": 0.5022935779816514, "8": 0.6132075471698113, "9": 1.0}}}