{"10": {"FDR": 0.0, "Power": 0.7, "Temporal_FDR": 0.0, "Temporal_Power": 0.6666666666666666, "Average_Window_FDR": 0.0, "Average_Window_Power": 1.0, "Window_Overlap": {"1": 1.0, "3": 1.0, "5": 1.0, "6": 1.0, "8": 1.0, "9": 1.0}}, "20": {"FDR": 0.0, "Power": 0.75, "Temporal_FDR": 0.0, "Temporal_Power": 0.7368421052631579, "Average_Window_FDR": 0.0, "Average_Window_Power": 1.0, "Window_Overlap": {"1": 1.0, "3": 1.0, "5": 1.0, "6": 1.0, "8": 1.0, "9": 1.0, "10": 1.0, "11": 1.0, "12": 1.0, "13": 1.0, "16": 1.0, "17": 1.0, "18": 1.0, "19": 1.0}}, "40": {"FDR": 0.0, "Power": 0.775, "Temporal_FDR": 0.0, "Temporal_Power": 0.7692307692307693, "Average_Window_FDR": 0.0, "Average_Window_Power": 1.0, "Window_Overlap": {"1": 1.0, "3": 1.0, "5": 1.0, "6": 1.0, "8": 1.0, "9": 1.0, "10": 1.0, "11": 1.0, "12": 1.0, "13": 1.0, "16": 1.0, "17": 1.0, "18": 1.0, "19": 1.0, "20": 1.0, "21": 1.0, "22": 1.0, "23": 1.0, "24": 1.0, "25": 1.0, "26": 1.0, "27": 1.0, "29": 1.0, "30": 1.0, "32": 1.0, "33": 1.0, "36": 1.0, "37": 1.0, "38": 1.0, "39": 1.0}}, "80": {"FDR": 0.0, "Power": 0.75, "Temporal_FDR": 0.0, "Temporal_Power": 0.7564102564102564, "Average_Window_FDR": 0.0, "Average_Window_Power": 1.0, "Window_Overlap": {"1": 1.0, "3": 1.0, "5": 1.0, "6": 1.0, "8": 1.0, "9": 1.0, "10": 1.0, "11": 1.0, "12": 1.0, "13": 1.0, "16": 1.0, "17": 1.0, "18": 1.0, "19": 1.0, "20": 1.0, "21": 1.0, "22": 1.0, "23": 1.0, "24": 1.0, "25": 1.0, "26": 1.0, "27": 1.0, "29": 1.0, "30": 1.0, "32": 1.0, "33": 1.0, "36": 1.0, "37": 1.0, "38": 1.0, "39": 1.0, "40": 1.0, "41": 1.0, "42": 1.0, "43": 1.0, "45": 1.0, "46": 1.0, "47": 1.0, "48": 1.0, "51": 1.0, "52": 1.0, "53": 1.0, "54": 1.0, "55": 1.0, "57": 1.0, "58": 1.0, "62": 1.0, "64": 1.0, "65": 1.0, "67": 1.0, "68": 1.0, "69": 1.0, "70": 1.0, "71": 1.0, "72": 1.0, "74": 1.0, "76": 1.0, "77": 1.0, "78": 1.0, "79": 1.0}}, "160": {"FDR": 0.0, "Power": 0.64375, "Temporal_FDR": 0.0, "Temporal_Power": 0.6451612903225806, "Average_Window_FDR": 0.0, "Average_Window_Power": 0.9350584225715803, "Window_Overlap": {"1": 1.0, "3": 1.0, "5": 1.0, "8": 1.0, "9": 1.0, "10": 0.9333333333333333, "12": 1.0, "13": 1.0, "16": 1.0, "17": 1.0, "18": 1.0, "19": 1.0, "20": 1.0, "21": 1.0, "22": 1.0, "23": 0.5333333333333333, "24": 1.0, "25": 1.0, "26": 1.0, "27": 1.0, "29": 1.0, "30": 1.0, "33": 1.0, "36": 1.0, "37": 1.0, "38": 1.0, "39": 0.5625, "40": 1.0, "41": 1.0, "42": 1.0, "43": 0.8888888888888888, "46": 0.7142857142857143, "47": 1.0, "51": 1.0, "52": 1.0, "53": 1.0, "54": 1.0, "55": 1.0, "57": 1.0, "58": 0.5263157894736842, "62": 1.0, "64": 1.0, "65": 1.0, "67": 0.5454545454545454, "68": 1.0, "69": 1.0, "70": 1.0, "72": 1.0, "76": 1.0, "77": 1.0, "78": 1.0, "79": 1.0, "80": 1.0, "81": 1.0, "83": 1.0, "84": 1.0, "86": 1.0, "87": 1.0, "88": 1.0, "89": 1.0, "90": 1.0, "91": 1.0, "96": 1.0, "100": 1.0, "101": 0.5666666666666667, "102": 1.0, "103": 1.0, "104": 1.0, "106": 1.0, "107": 0.9285714285714286, "108": 1.0, "113": 0.9285714285714286, "115": 1.0, "117": 1.0, "118": 1.0, "119": 1.0, "120": 1.0, "123": 1.0, "126": 1.0, "127": 1.0, "128": 1.0, "130": 1.0, "132": 1.0, "133": 0.625, "135": 1.0, "136": 1.0, "138": 1.0, "142": 1.0, "145": 1.0, "147": 1.0, "148": 1.0, "149": 1.0, "150": 1.0, "151": 1.0, "153": 1.0, "154": 1.0, "156": 1.0, "157": 1.0, "158": 1.0, "159": 1.0}}, "320": {"FDR": 0.0, "Power": 0.65, "Temporal_FDR": 0.0, "Temporal_Power": 0.6485623003194888, "Average_Window_FDR": 0.0, "Average_Window_Power": 0.9212608561376654, "Window_Overlap": {"1": 1.0, "3": 1.0, "5": 1.0, "8": 1.0, "9": 1.0, "10": 0.9333333333333333, "12": 1.0, "13": 1.0, "16": 1.0, "17": 1.0, "18": 1.0, "19": 1.0, "20": 1.0, "21": 1.0, "22": 1.0, "23": 0.5333333333333333, "24": 1.0, "25": 1.0, "26": 1.0, "27": 1.0, "29": 1.0, "30": 1.0, "33": 1.0, "36": 1.0, "37": 1.0, "38": 1.0, "39": 0.5625, "40": 1.0, "41": 1.0, "42": 1.0, "43": 0.8888888888888888, "46": 0.7142857142857143, "47": 1.0, "48": 0.9545454545454546, "51": 1.0, "52": 1.0, "53": 1.0, "54": 1.0, "55": 1.0, "57": 1.0, "58": 0.5263157894736842, "62": 1.0, "64": 1.0, "65": 1.0, "67": 0.5454545454545454, "68": 1.0, "69": 1.0, "70": 1.0, "72": 1.0, "76": 1.0, "77": 1.0, "78": 1.0, "79": 1.0, "80": 1.0, "81": 1.0, "83": 1.0, "84": 1.0, "86": 1.0, "87": 1.0, "88": 1.0, "89": 1.0, "90": 1.0, "91": 1.0, "96": 1.0, "100": 1.0, "101": 0.5666666666666667, "102": 1.0, "103": 1.0, "104": 1.0, "106": 1.0, "107": 1.0, "108": 1.0, "113": 1.0, "115": 1.0, "117": 1.0, "118": 1.0, "119": 1.0, "120": 1.0, "123": 1.0, "126": 1.0, "127": 1.0, "128": 1.0, "130": 1.0, "132": 1.0, "133": 0.625, "135": 1.0, "136": 1.0, "138": 1.0, "142": 1.0, "144": 0.875, "145": 1.0, "147": 1.0, "148": 1.0, "149": 1.0, "150": 0.9545454545454546, "151": 1.0, "153": 1.0, "154": 1.0, "156": 1.0, "157": 1.0, "158": 1.0, "159": 1.0, "160": 1.0, "161": 1.0, "162": 1.0, "165": 1.0, "166": 1.0, "167": 1.0, "168": 1.0, "172": 1.0, "175": 1.0, "176": 1.0, "178": 1.0, "179": 1.0, "180": 1.0, "181": 1.0, "184": 1.0, "185": 1.0, "187": 1.0, "190": 1.0, "191": 1.0, "193": 0.5294117647058824, "194": 1.0, "197": 1.0, "198": 1.0, "200": 1.0, "201": 1.0, "203": 1.0, "205": 1.0, "206": 0.5769230769230769, "207": 0.875, "208": 1.0, "209": 1.0, "211": 1.0, "212": 1.0, "213": 1.0, "214": 1.0, "215": 1.0, "218": 1.0, "220": 1.0, "221": 1.0, "222": 1.0, "223": 0.5555555555555556, "225": 1.0, "226": 0.7058823529411764, "228": 1.0, "230": 0.7941176470588236, "232": 1.0, "233": 1.0, "235": 1.0, "236": 1.0, "237": 1.0, "238": 1.0, "240": 0.9444444444444444, "242": 1.0, "243": 1.0, "244": 1.0, "245": 1.0, "246": 1.0, "247": 1.0, "248": 0.5277777777777778, "250": 1.0, "252": 0.5294117647058824, "253": 0.5833333333333334, "254": 1.0, "255": 1.0, "257": 1.0, "258": 1.0, "259": 1.0, "261": 1.0, "263": 1.0, "264": 1.0, "265": 1.0, "267": 0.6666666666666666, "268": 1.0, "273": 1.0, "274": 1.0, "275": 1.0, "276": 1.0, "277": 1.0, "278": 1.0, "281": 1.0, "282": 1.0, "284": 1.0, "285": 0.9166666666666667, "286": 0.8, "289": 1.0, "290": 1.0, "297": 1.0, "298": 1.0, "299": 1.0, "300": 0.5416666666666666, "301": 1.0, "302": 1.0, "304": 1.0, "308": 0.78125, "309": 1.0, "310": 1.0, "311": 1.0, "315": 1.0, "317": 1.0, "318": 1.0, "319": 1.0}}}