{"10": {"FDR": 0.0, "Power": 0.7, "Temporal_FDR": 0.0, "Temporal_Power": 0.6, "Average_Window_FDR": 0.0, "Average_Window_Power": 0.961038961038961, "Window_Overlap": {"0": 1.0, "2": 1.0, "3": 1.0, "4": 0.9285714285714286, "6": 0.9545454545454546, "9": 1.0}}, "20": {"FDR": 0.0, "Power": 0.7, "Temporal_FDR": 0.0, "Temporal_Power": 0.6842105263157895, "Average_Window_FDR": 0.0, "Average_Window_Power": 1.0, "Window_Overlap": {"0": 1.0, "2": 1.0, "3": 1.0, "4": 1.0, "5": 1.0, "6": 1.0, "9": 1.0, "10": 1.0, "12": 1.0, "14": 1.0, "15": 1.0, "16": 1.0, "19": 1.0}}, "40": {"FDR": 0.0, "Power": 0.775, "Temporal_FDR": 0.0, "Temporal_Power": 0.7692307692307693, "Average_Window_FDR": 0.0, "Average_Window_Power": 0.9952380952380953, "Window_Overlap": {"0": 1.0, "2": 1.0, "3": 1.0, "4": 1.0, "5": 1.0, "6": 1.0, "9": 1.0, "10": 1.0, "12": 1.0, "14": 1.0, "15": 1.0, "16": 1.0, "19": 1.0, "20": 1.0, "23": 1.0, "24": 1.0, "25": 1.0, "26": 1.0, "27": 1.0, "28": 1.0, "29": 1.0, "30": 1.0, "31": 1.0, "32": 1.0, "33": 1.0, "34": 1.0, "35": 1.0, "36": 1.0, "37": 0.9285714285714286, "38": 1.0}}, "80": {"FDR": 0.0, "Power": 0.7375, "Temporal_FDR": 0.0, "Temporal_Power": 0.7341772151898734, "Average_Window_FDR": 0.0, "Average_Window_Power": 0.9838362068965517, "Window_Overlap": {"0": 1.0, "2": 1.0, "3": 1.0, "4": 1.0, "5": 0.53125, "6": 1.0, "9": 1.0, "10": 1.0, "12": 1.0, "14": 1.0, "15": 1.0, "16": 1.0, "19": 1.0, "20": 1.0, "23": 1.0, "24": 1.0, "25": 1.0, "26": 1.0, "27": 1.0, "28": 1.0, "29": 1.0, "30": 1.0, "31": 1.0, "32": 1.0, "33": 1.0, "34": 1.0, "35": 1.0, "36": 1.0, "37": 1.0, "38": 1.0, "40": 1.0, "41": 1.0, "42": 1.0, "43": 1.0, "44": 1.0, "46": 1.0, "48": 1.0, "49": 1.0, "50": 1.0, "51": 1.0, "52": 1.0, "54": 1.0, "55": 1.0, "56": 1.0, "57": 1.0, "58": 1.0, "59": 1.0, "64": 1.0, "66": 1.0, "67": 1.0, "68": 1.0, "69": 1.0, "72": 1.0, "74": 1.0, "76": 1.0, "77": 1.0, "78": 1.0, "79": 1.0}}, "160": {"FDR": 0.0, "Power": 0.66875, "Temporal_FDR": 0.0, "Temporal_Power": 0.6538461538461539, "Average_Window_FDR": 0.0, "Average_Window_Power": 0.8965869697088965, "Window_Overlap": {"0": 1.0, "2": 1.0, "3": 1.0, "4": 0.9285714285714286, "6": 1.0, "9": 1.0, "10": 1.0, "12": 1.0, "14": 1.0, "16": 1.0, "19": 1.0, "20": 1.0, "23": 1.0, "24": 0.5277777777777778, "25": 1.0, "26": 1.0, "27": 1.0, "28": 1.0, "29": 1.0, "30": 1.0, "31": 1.0, "32": 1.0, "33": 1.0, "34": 1.0, "36": 1.0, "37": 1.0, "38": 1.0, "41": 1.0, "42": 1.0, "43": 1.0, "44": 1.0, "46": 1.0, "49": 1.0, "50": 1.0, "51": 1.0, "52": 1.0, "54": 0.53125, "55": 1.0, "56": 1.0, "57": 1.0, "58": 1.0, "59": 0.75, "64": 1.0, "66": 1.0, "67": 1.0, "68": 0.8823529411764706, "69": 1.0, "72": 0.71875, "74": 0.8333333333333333, "76": 1.0, "77": 1.0, "78": 1.0, "79": 1.0, "80": 1.0, "81": 1.0, "82": 1.0, "85": 1.0, "87": 1.0, "88": 1.0, "89": 1.0, "90": 0.5625, "94": 0.5416666666666666, "95": 0.7894736842105263, "97": 0.7307692307692308, "98": 1.0, "99": 0.7142857142857143, "101": 1.0, "102": 1.0, "103": 1.0, "106": 1.0, "108": 0.75, "109": 1.0, "111": 1.0, "112": 1.0, "113": 1.0, "114": 1.0, "117": 0.9666666666666667, "118": 1.0, "119": 0.75, "121": 1.0, "122": 0.5555555555555556, "123": 1.0, "125": 1.0, "127": 1.0, "128": 1.0, "129": 0.6666666666666666, "132": 1.0, "134": 1.0, "136": 1.0, "137": 1.0, "138": 1.0, "139": 1.0, "144": 1.0, "145": 1.0, "146": 1.0, "149": 1.0, "150": 0.5263157894736842, "153": 1.0, "155": 1.0, "156": 1.0, "157": 1.0, "159": 1.0}}, "320": {"FDR": 0.0, "Power": 0.65, "Temporal_FDR": 0.0, "Temporal_Power": 0.6444444444444445, "Average_Window_FDR": 0.0, "Average_Window_Power": 0.9009196738358003, "Window_Overlap": {"0": 1.0, "2": 1.0, "3": 1.0, "4": 1.0, "6": 1.0, "9": 1.0, "10": 1.0, "12": 1.0, "14": 1.0, "16": 1.0, "19": 1.0, "20": 1.0, "23": 1.0, "24": 0.5277777777777778, "25": 1.0, "26": 1.0, "27": 1.0, "28": 1.0, "29": 1.0, "30": 1.0, "31": 0.9583333333333333, "32": 1.0, "33": 1.0, "34": 1.0, "36": 1.0, "37": 1.0, "38": 1.0, "41": 1.0, "42": 1.0, "43": 1.0, "44": 1.0, "46": 1.0, "49": 1.0, "50": 1.0, "51": 1.0, "52": 1.0, "54": 0.53125, "55": 1.0, "56": 1.0, "57": 1.0, "58": 1.0, "59": 0.75, "64": 1.0, "66": 1.0, "67": 1.0, "68": 1.0, "69": 1.0, "72": 0.71875, "74": 0.8333333333333333, "76": 1.0, "77": 1.0, "78": 1.0, "79": 1.0, "80": 1.0, "81": 1.0, "82": 1.0, "83": 1.0, "85": 1.0, "87": 1.0, "88": 1.0, "89": 1.0, "90": 0.5625, "94": 0.5416666666666666, "95": 0.763157894736842, "97": 0.7307692307692308, "98": 1.0, "99": 0.7142857142857143, "101": 1.0, "102": 1.0, "103": 1.0, "106": 1.0, "108": 0.75, "109": 1.0, "111": 1.0, "112": 1.0, "113": 1.0, "114": 1.0, "117": 0.9666666666666667, "118": 1.0, "119": 0.75, "121": 1.0, "122": 0.5555555555555556, "123": 1.0, "125": 1.0, "127": 1.0, "128": 1.0, "129": 0.6666666666666666, "132": 1.0, "134": 1.0, "136": 1.0, "137": 1.0, "138": 1.0, "139": 1.0, "144": 1.0, "145": 1.0, "146": 1.0, "149": 1.0, "150": 0.5263157894736842, "153": 0.9615384615384616, "155": 1.0, "156": 1.0, "157": 1.0, "159": 1.0, "160": 1.0, "161": 1.0, "164": 1.0, "165": 1.0, "166": 1.0, "167": 1.0, "168": 1.0, "170": 1.0, "171": 1.0, "172": 0.5555555555555556, "176": 1.0, "179": 1.0, "180": 1.0, "183": 1.0, "184": 1.0, "185": 0.59375, "186": 1.0, "188": 0.8181818181818181, "189": 1.0, "192": 1.0, "194": 1.0, "195": 0.5416666666666666, "196": 1.0, "198": 1.0, "199": 1.0, "200": 1.0, "201": 0.7, "203": 1.0, "205": 1.0, "207": 1.0, "208": 0.8888888888888888, "209": 1.0, "210": 1.0, "213": 1.0, "214": 1.0, "215": 1.0, "219": 1.0, "221": 1.0, "222": 1.0, "223": 1.0, "227": 1.0, "231": 1.0, "234": 1.0, "235": 1.0, "236": 1.0, "238": 1.0, "239": 1.0, "240": 1.0, "241": 1.0, "242": 0.6, "244": 1.0, "245": 1.0, "247": 0.6428571428571428, "248": 1.0, "251": 1.0, "252": 1.0, "255": 1.0, "257": 1.0, "258": 1.0, "260": 1.0, "261": 1.0, "262": 1.0, "263": 1.0, "265": 1.0, "267": 0.75, "268": 1.0, "269": 1.0, "270": 1.0, "271": 1.0, "273": 1.0, "275": 1.0, "277": 0.5625, "278": 1.0, "279": 1.0, "281": 1.0, "283": 1.0, "284": 1.0, "286": 0.5714285714285714, "287": 1.0, "288": 1.0, "289": 1.0, "290": 1.0, "292": 1.0, "294": 1.0, "295": 1.0, "296": 0.6428571428571428, "300": 1.0, "301": 0.9615384615384616, "302": 1.0, "304": 1.0, "305": 1.0, "308": 1.0, "310": 1.0, "311": 1.0, "312": 0.5555555555555556, "313": 1.0, "314": 0.75, "315": 1.0, "318": 1.0, "319": 1.0}}}