{"10": {"FDR": 0.0, "Power": 0.6, "Temporal_FDR": 0.0, "Temporal_Power": 0.6, "Average_Window_FDR": 0.0, "Average_Window_Power": 1.0, "Window_Overlap": {"0": 1.0, "2": 1.0, "5": 1.0, "6": 1.0, "7": 1.0, "9": 1.0}}, "20": {"FDR": 0.0, "Power": 0.65, "Temporal_FDR": 0.0, "Temporal_Power": 0.65, "Average_Window_FDR": 0.0, "Average_Window_Power": 0.9692307692307692, "Window_Overlap": {"0": 1.0, "2": 1.0, "5": 1.0, "6": 1.0, "7": 1.0, "9": 1.0, "12": 1.0, "13": 1.0, "14": 0.8, "15": 1.0, "16": 1.0, "17": 1.0, "18": 1.0}}, "40": {"FDR": 0.0, "Power": 0.55, "Temporal_FDR": 0.0, "Temporal_Power": 0.55, "Average_Window_FDR": 0.0, "Average_Window_Power": 0.9213498622589532, "Window_Overlap": {"0": 1.0, "5": 1.0, "6": 1.0, "7": 1.0, "9": 1.0, "12": 1.0, "14": 1.0, "15": 0.6666666666666666, "16": 0.65, "18": 1.0, "20": 1.0, "21": 1.0, "22": 1.0, "23": 1.0, "25": 1.0, "26": 0.8181818181818181, "28": 1.0, "31": 1.0, "32": 1.0, "33": 1.0, "35": 1.0, "38": 1.0}}, "80": {"FDR": 0.0, "Power": 0.6, "Temporal_FDR": 0.0, "Temporal_Power": 0.6025641025641025, "Average_Window_FDR": 0.0, "Average_Window_Power": 0.9348930029781093, "Window_Overlap": {"0": 1.0, "2": 1.0, "5": 1.0, "6": 1.0, "7": 1.0, "9": 1.0, "12": 1.0, "13": 1.0, "14": 1.0, "15": 0.6944444444444444, "16": 0.65, "18": 1.0, "20": 1.0, "21": 1.0, "22": 1.0, "23": 1.0, "25": 1.0, "26": 0.8636363636363636, "28": 1.0, "31": 1.0, "32": 1.0, "33": 1.0, "35": 1.0, "38": 1.0, "40": 1.0, "41": 1.0, "43": 1.0, "44": 1.0, "46": 1.0, "48": 1.0, "49": 1.0, "50": 1.0, "52": 1.0, "54": 0.5833333333333334, "60": 1.0, "61": 1.0, "62": 0.6785714285714286, "66": 1.0, "68": 1.0, "70": 1.0, "71": 1.0, "72": 1.0, "73": 1.0, "75": 1.0, "76": 1.0, "77": 1.0, "78": 1.0}}, "160": {"FDR": 0.0, "Power": 0.6125, "Temporal_FDR": 0.0, "Temporal_Power": 0.6217948717948718, "Average_Window_FDR": 0.0, "Average_Window_Power": 0.9264720298089804, "Window_Overlap": {"0": 1.0, "2": 1.0, "5": 1.0, "6": 1.0, "7": 1.0, "9": 1.0, "12": 1.0, "13": 1.0, "14": 1.0, "15": 0.6666666666666666, "16": 0.65, "18": 1.0, "20": 1.0, "21": 1.0, "22": 1.0, "23": 1.0, "25": 1.0, "26": 0.8636363636363636, "28": 1.0, "31": 1.0, "32": 1.0, "33": 1.0, "35": 1.0, "38": 1.0, "40": 1.0, "41": 1.0, "43": 1.0, "44": 1.0, "46": 1.0, "48": 1.0, "49": 1.0, "50": 1.0, "52": 1.0, "54": 0.5833333333333334, "60": 1.0, "61": 1.0, "62": 0.6785714285714286, "66": 1.0, "68": 1.0, "70": 1.0, "71": 1.0, "72": 1.0, "73": 1.0, "75": 1.0, "76": 1.0, "77": 1.0, "78": 1.0, "80": 1.0, "81": 1.0, "83": 0.9722222222222222, "84": 1.0, "86": 1.0, "87": 1.0, "88": 1.0, "89": 1.0, "90": 1.0, "91": 0.8571428571428572, "92": 0.7727272727272727, "93": 0.8333333333333333, "94": 1.0, "95": 1.0, "96": 1.0, "97": 1.0, "98": 1.0, "100": 1.0, "102": 1.0, "106": 1.0, "107": 1.0, "109": 1.0, "110": 0.9, "111": 1.0, "112": 1.0, "113": 1.0, "115": 1.0, "117": 1.0, "121": 1.0, "123": 1.0, "124": 1.0, "125": 1.0, "126": 0.8666666666666667, "127": 1.0, "128": 0.9736842105263157, "129": 1.0, "130": 1.0, "132": 0.5909090909090909, "134": 1.0, "137": 1.0, "138": 1.0, "140": 0.625, "144": 1.0, "146": 1.0, "148": 1.0, "150": 1.0, "151": 0.9, "154": 0.7, "157": 1.0, "159": 1.0}}, "320": {"FDR": 0.0, "Power": 0.734375, "Temporal_FDR": 0.0, "Temporal_Power": 0.7371794871794872, "Average_Window_FDR": 0.0, "Average_Window_Power": 1.0, "Window_Overlap": {"0": 1.0, "2": 1.0, "5": 1.0, "6": 1.0, "7": 1.0, "9": 1.0, "12": 1.0, "13": 1.0, "14": 1.0, "15": 1.0, "16": 1.0, "17": 1.0, "18": 1.0, "20": 1.0, "21": 1.0, "22": 1.0, "23": 1.0, "25": 1.0, "26": 1.0, "28": 1.0, "30": 1.0, "31": 1.0, "32": 1.0, "33": 1.0, "34": 1.0, "35": 1.0, "38": 1.0, "40": 1.0, "41": 1.0, "43": 1.0, "44": 1.0, "45": 1.0, "46": 1.0, "48": 1.0, "49": 1.0, "50": 1.0, "52": 1.0, "54": 1.0, "56": 1.0, "60": 1.0, "61": 1.0, "62": 1.0, "66": 1.0, "67": 1.0, "68": 1.0, "70": 1.0, "71": 1.0, "72": 1.0, "73": 1.0, "75": 1.0, "76": 1.0, "77": 1.0, "78": 1.0, "79": 1.0, "80": 1.0, "81": 1.0, "83": 1.0, "84": 1.0, "86": 1.0, "87": 1.0, "88": 1.0, "89": 1.0, "90": 1.0, "91": 1.0, "92": 1.0, "93": 1.0, "94": 1.0, "95": 1.0, "96": 1.0, "97": 1.0, "98": 1.0, "100": 1.0, "101": 1.0, "102": 1.0, "104": 1.0, "106": 1.0, "107": 1.0, "109": 1.0, "110": 1.0, "112": 1.0, "113": 1.0, "114": 1.0, "115": 1.0, "117": 1.0, "118": 1.0, "121": 1.0, "123": 1.0, "124": 1.0, "125": 1.0, "126": 1.0, "127": 1.0, "128": 1.0, "129": 1.0, "130": 1.0, "132": 1.0, "134": 1.0, "137": 1.0, "138": 1.0, "139": 1.0, "140": 1.0, "141": 1.0, "144": 1.0, "146": 1.0, "148": 1.0, "150": 1.0, "151": 1.0, "153": 1.0, "154": 1.0, "156": 1.0, "157": 1.0, "159": 1.0, "160": 1.0, "161": 1.0, "162": 1.0, "164": 1.0, "165": 1.0, "166": 1.0, "168": 1.0, "169": 1.0, "170": 1.0, "172": 1.0, "173": 1.0, "174": 1.0, "175": 1.0, "176": 1.0, "177": 1.0, "178": 1.0, "179": 1.0, "180": 1.0, "181": 1.0, "182": 1.0, "185": 1.0, "186": 1.0, "187": 1.0, "188": 1.0, "189": 1.0, "191": 1.0, "192": 1.0, "194": 1.0, "195": 1.0, "196": 1.0, "197": 1.0, "199": 1.0, "203": 1.0, "204": 1.0, "205": 1.0, "206": 1.0, "207": 1.0, "208": 1.0, "209": 1.0, "211": 1.0, "212": 1.0, "213": 1.0, "214": 1.0, "215": 1.0, "218": 1.0, "219": 1.0, "220": 1.0, "221": 1.0, "222": 1.0, "223": 1.0, "226": 1.0, "227": 1.0, "228": 1.0, "229": 1.0, "230": 1.0, "231": 1.0, "232": 1.0, "233": 1.0, "235": 1.0, "236": 1.0, "237": 1.0, "238": 1.0, "240": 1.0, "241": 1.0, "242": 1.0, "243": 1.0, "245": 1.0, "246": 1.0, "248": 1.0, "249": 1.0, "250": 1.0, "254": 1.0, "255": 1.0, "256": 1.0, "257": 1.0, "258": 1.0, "259": 1.0, "260": 1.0, "262": 1.0, "263": 1.0, "264": 1.0, "265": 1.0, "266": 1.0, "267": 1.0, "270": 1.0, "271": 1.0, "274": 1.0, "275": 1.0, "276": 1.0, "279": 1.0, "280": 1.0, "281": 1.0, "283": 1.0, "285": 1.0, "286": 1.0, "287": 1.0, "290": 1.0, "291": 1.0, "292": 1.0, "293": 1.0, "294": 1.0, "296": 1.0, "297": 1.0, "299": 1.0, "300": 1.0, "301": 1.0, "302": 1.0, "303": 1.0, "304": 1.0, "305": 1.0, "307": 1.0, "309": 1.0, "310": 1.0, "312": 1.0, "313": 1.0, "315": 1.0, "316": 1.0, "318": 1.0, "319": 1.0}}}