{"10": {"FDR": 0.0, "Power": 0.7, "Temporal_FDR": 0.0, "Temporal_Power": 0.7, "Average_Window_FDR": 0.0, "Average_Window_Power": 1.0, "Window_Overlap": {"0": 1.0, "2": 1.0, "5": 1.0, "6": 1.0, "7": 1.0, "8": 1.0, "9": 1.0}}, "20": {"FDR": 0.0, "Power": 0.75, "Temporal_FDR": 0.0, "Temporal_Power": 0.75, "Average_Window_FDR": 0.0, "Average_Window_Power": 1.0, "Window_Overlap": {"0": 1.0, "2": 1.0, "5": 1.0, "6": 1.0, "7": 1.0, "8": 1.0, "9": 1.0, "10": 1.0, "11": 1.0, "13": 1.0, "14": 1.0, "15": 1.0, "17": 1.0, "18": 1.0, "19": 1.0}}, "40": {"FDR": 0.0, "Power": 0.75, "Temporal_FDR": 0.0, "Temporal_Power": 0.75, "Average_Window_FDR": 0.0, "Average_Window_Power": 1.0, "Window_Overlap": {"0": 1.0, "2": 1.0, "5": 1.0, "6": 1.0, "7": 1.0, "8": 1.0, "9": 1.0, "10": 1.0, "11": 1.0, "13": 1.0, "14": 1.0, "15": 1.0, "17": 1.0, "18": 1.0, "19": 1.0, "21": 1.0, "22": 1.0, "23": 1.0, "26": 1.0, "27": 1.0, "29": 1.0, "31": 1.0, "32": 1.0, "33": 1.0, "34": 1.0, "35": 1.0, "36": 1.0, "37": 1.0, "38": 1.0, "39": 1.0}}, "80": {"FDR": 0.0, "Power": 0.6875, "Temporal_FDR": 0.0, "Temporal_Power": 0.6875, "Average_Window_FDR": 0.0, "Average_Window_Power": 1.0, "Window_Overlap": {"0": 1.0, "2": 1.0, "5": 1.0, "6": 1.0, "7": 1.0, "8": 1.0, "9": 1.0, "10": 1.0, "11": 1.0, "13": 1.0, "14": 1.0, "15": 1.0, "17": 1.0, "18": 1.0, "19": 1.0, "21": 1.0, "22": 1.0, "23": 1.0, "26": 1.0, "27": 1.0, "29": 1.0, "31": 1.0, "32": 1.0, "33": 1.0, "34": 1.0, "35": 1.0, "36": 1.0, "37": 1.0, "38": 1.0, "39": 1.0, "40": 1.0, "42": 1.0, "43": 1.0, "44": 1.0, "48": 1.0, "49": 1.0, "50": 1.0, "52": 1.0, "54": 1.0, "55": 1.0, "56": 1.0, "57": 1.0, "58": 1.0, "59": 1.0, "60": 1.0, "61": 1.0, "64": 1.0, "65": 1.0, "67": 1.0, "69": 1.0, "72": 1.0, "73": 1.0, "74": 1.0, "78": 1.0, "79": 1.0}}, "160": {"FDR": 0.0, "Power": 0.61875, "Temporal_FDR": 0.0, "Temporal_Power": 0.6129032258064516, "Average_Window_FDR": 0.0, "Average_Window_Power": 0.8934137576796857, "Window_Overlap": {"0": 1.0, "2": 1.0, "6": 1.0, "7": 1.0, "8": 1.0, "9": 0.75, "10": 1.0, "11": 1.0, "13": 1.0, "14": 1.0, "15": 1.0, "17": 0.75, "19": 1.0, "21": 0.5555555555555556, "22": 0.6071428571428571, "27": 1.0, "29": 1.0, "31": 1.0, "32": 1.0, "33": 1.0, "34": 1.0, "35": 0.8333333333333333, "36": 1.0, "37": 1.0, "38": 1.0, "39": 1.0, "43": 1.0, "44": 1.0, "48": 0.6875, "49": 1.0, "50": 1.0, "52": 0.5789473684210527, "54": 1.0, "55": 1.0, "56": 1.0, "57": 1.0, "58": 1.0, "59": 1.0, "60": 0.5833333333333334, "61": 0.7, "64": 1.0, "67": 1.0, "69": 1.0, "72": 0.5555555555555556, "78": 1.0, "79": 1.0, "85": 1.0, "86": 1.0, "87": 1.0, "89": 1.0, "90": 1.0, "91": 1.0, "92": 1.0, "95": 1.0, "97": 1.0, "98": 0.8636363636363636, "99": 1.0, "102": 1.0, "103": 1.0, "105": 1.0, "106": 0.95, "107": 1.0, "108": 0.5333333333333333, "109": 1.0, "111": 1.0, "113": 0.5625, "114": 1.0, "118": 1.0, "119": 1.0, "120": 1.0, "125": 1.0, "127": 1.0, "128": 1.0, "131": 1.0, "133": 1.0, "134": 1.0, "136": 1.0, "138": 1.0, "139": 1.0, "140": 1.0, "141": 0.5263157894736842, "142": 1.0, "143": 1.0, "144": 1.0, "146": 1.0, "148": 1.0, "149": 1.0, "151": 1.0, "152": 1.0, "153": 1.0, "155": 1.0, "156": 0.9, "157": 1.0, "158": 1.0, "159": 1.0}}, "320": {"FDR": 0.0, "Power": 0.634375, "Temporal_FDR": 0.0, "Temporal_Power": 0.6242038216560509, "Average_Window_FDR": 0.0, "Average_Window_Power": 0.8940956414814379, "Window_Overlap": {"0": 1.0, "2": 1.0, "6": 1.0, "7": 0.9, "8": 1.0, "9": 0.875, "10": 1.0, "11": 1.0, "13": 1.0, "14": 1.0, "15": 1.0, "17": 0.75, "18": 0.6666666666666666, "19": 1.0, "21": 0.5555555555555556, "22": 0.6071428571428571, "27": 1.0, "29": 1.0, "31": 1.0, "32": 1.0, "33": 1.0, "34": 1.0, "35": 0.875, "36": 1.0, "37": 1.0, "38": 1.0, "39": 1.0, "43": 1.0, "44": 1.0, "48": 0.6875, "49": 1.0, "50": 1.0, "52": 0.5789473684210527, "54": 1.0, "55": 1.0, "56": 1.0, "57": 1.0, "58": 1.0, "59": 1.0, "60": 0.5833333333333334, "64": 1.0, "67": 1.0, "69": 1.0, "72": 0.5833333333333334, "78": 1.0, "79": 1.0, "85": 1.0, "86": 1.0, "87": 1.0, "89": 1.0, "90": 1.0, "91": 1.0, "92": 1.0, "95": 1.0, "97": 1.0, "98": 0.9090909090909092, "99": 1.0, "102": 1.0, "103": 1.0, "105": 1.0, "106": 1.0, "107": 1.0, "108": 0.5333333333333333, "109": 0.9375, "111": 1.0, "113": 0.5625, "114": 1.0, "118": 1.0, "119": 1.0, "120": 1.0, "125": 1.0, "127": 1.0, "128": 1.0, "129": 0.5384615384615384, "130": 0.5454545454545454, "131": 1.0, "133": 1.0, "134": 1.0, "136": 1.0, "138": 1.0, "139": 1.0, "140": 1.0, "141": 0.5263157894736842, "142": 1.0, "143": 1.0, "144": 1.0, "146": 1.0, "148": 1.0, "149": 1.0, "151": 1.0, "152": 1.0, "153": 1.0, "155": 1.0, "157": 1.0, "158": 1.0, "159": 1.0, "160": 0.75, "161": 1.0, "162": 1.0, "163": 1.0, "164": 1.0, "166": 1.0, "167": 1.0, "168": 1.0, "170": 0.75, "171": 1.0, "172": 1.0, "173": 1.0, "175": 1.0, "177": 0.90625, "178": 1.0, "179": 1.0, "180": 1.0, "181": 0.5909090909090909, "183": 1.0, "184": 0.625, "185": 0.5714285714285714, "187": 1.0, "189": 1.0, "192": 1.0, "193": 1.0, "195": 1.0, "196": 1.0, "199": 1.0, "200": 1.0, "201": 1.0, "202": 1.0, "204": 1.0, "205": 1.0, "207": 1.0, "208": 1.0, "210": 1.0, "211": 1.0, "212": 1.0, "213": 1.0, "215": 1.0, "216": 1.0, "217": 0.5769230769230769, "220": 1.0, "224": 1.0, "225": 1.0, "226": 1.0, "228": 1.0, "229": 1.0, "230": 1.0, "232": 1.0, "234": 1.0, "235": 1.0, "236": 1.0, "237": 1.0, "239": 1.0, "240": 1.0, "242": 1.0, "245": 1.0, "246": 1.0, "249": 1.0, "251": 1.0, "252": 0.75, "253": 1.0, "254": 1.0, "255": 0.6176470588235294, "257": 1.0, "258": 1.0, "259": 1.0, "260": 1.0, "261": 1.0, "262": 1.0, "263": 0.5833333333333334, "264": 0.625, "266": 0.7307692307692308, "267": 1.0, "269": 1.0, "271": 1.0, "272": 1.0, "273": 1.0, "277": 1.0, "278": 1.0, "281": 1.0, "283": 0.90625, "284": 1.0, "285": 1.0, "286": 1.0, "288": 1.0, "291": 1.0, "293": 1.0, "294": 1.0, "297": 1.0, "298": 1.0, "299": 1.0, "302": 1.0, "310": 0.8, "311": 1.0, "312": 0.7727272727272727, "314": 1.0, "317": 1.0, "318": 0.85}}}