{"10": {"FDR": 0.0, "Power": 0.7, "Temporal_FDR": 0.0, "Temporal_Power": 0.7, "Average_Window_FDR": 0.0, "Average_Window_Power": 0.8244897959183674, "Window_Overlap": {"0": 1.0, "2": 1.0, "3": 1.0, "6": 0.5357142857142857, "7": 0.85, "8": 1.0, "9": 1.0}}, "20": {"FDR": 0.0, "Power": 0.7, "Temporal_FDR": 0.0, "Temporal_Power": 0.7, "Average_Window_FDR": 0.0, "Average_Window_Power": 0.8387755102040817, "Window_Overlap": {"0": 1.0, "2": 1.0, "3": 1.0, "6": 0.5357142857142857, "7": 0.9, "8": 1.0, "9": 1.0}}, "30": {"FDR": 0.0, "Power": 0.7, "Temporal_FDR": 0.0, "Temporal_Power": 0.7, "Average_Window_FDR": 0.0, "Average_Window_Power": 0.8387755102040817, "Window_Overlap": {"0": 1.0, "2": 1.0, "3": 1.0, "6": 0.5357142857142857, "7": 0.9, "8": 1.0, "9": 1.0}}, "40": {"FDR": 0.0, "Power": 0.7, "Temporal_FDR": 0.0, "Temporal_Power": 0.7, "Average_Window_FDR": 0.0, "Average_Window_Power": 0.8387755102040817, "Window_Overlap": {"0": 1.0, "2": 1.0, "3": 1.0, "6": 0.5357142857142857, "7": 0.9, "8": 1.0, "9": 1.0}}, "50": {"FDR": 0.0, "Power": 0.7, "Temporal_FDR": 0.0, "Temporal_Power": 0.7, "Average_Window_FDR": 0.0, "Average_Window_Power": 0.8387755102040817, "Window_Overlap": {"0": 1.0, "2": 1.0, "3": 1.0, "6": 0.5357142857142857, "7": 0.9, "8": 1.0, "9": 1.0}}}