{"10": {"FDR": 0.0, "Power": 0.4, "Temporal_FDR": 0.0, "Temporal_Power": 0.4444444444444444, "Average_Window_FDR": 0.0, "Average_Window_Power": 0.875, "Window_Overlap": {"1": 1.0, "2": 1.0, "4": 0.75, "5": 1.0}}, "20": {"FDR": 0.0, "Power": 0.65, "Temporal_FDR": 0.0, "Temporal_Power": 0.6842105263157895, "Average_Window_FDR": 0.0, "Average_Window_Power": 1.0, "Window_Overlap": {"1": 1.0, "2": 1.0, "3": 1.0, "4": 1.0, "5": 1.0, "11": 1.0, "12": 1.0, "13": 1.0, "14": 1.0, "16": 1.0, "17": 1.0, "18": 1.0, "19": 1.0}}, "40": {"FDR": 0.0, "Power": 0.7, "Temporal_FDR": 0.0, "Temporal_Power": 0.7368421052631579, "Average_Window_FDR": 0.0, "Average_Window_Power": 1.0, "Window_Overlap": {"1": 1.0, "2": 1.0, "3": 1.0, "4": 1.0, "5": 1.0, "11": 1.0, "12": 1.0, "13": 1.0, "14": 1.0, "16": 1.0, "17": 1.0, "18": 1.0, "19": 1.0, "20": 1.0, "21": 1.0, "22": 1.0, "23": 1.0, "25": 1.0, "26": 1.0, "28": 1.0, "29": 1.0, "30": 1.0, "32": 1.0, "33": 1.0, "34": 1.0, "36": 1.0, "37": 1.0, "39": 1.0}}, "80": {"FDR": 0.0, "Power": 0.575, "Temporal_FDR": 0.0, "Temporal_Power": 0.5897435897435898, "Average_Window_FDR": 0.0, "Average_Window_Power": 0.8580758755311184, "Window_Overlap": {"1": 1.0, "2": 1.0, "4": 0.75, "5": 1.0, "11": 0.7857142857142857, "12": 0.7, "13": 1.0, "14": 1.0, "16": 1.0, "17": 1.0, "18": 1.0, "19": 1.0, "20": 1.0, "21": 0.6470588235294118, "22": 0.75, "23": 1.0, "25": 1.0, "26": 1.0, "29": 1.0, "30": 1.0, "32": 1.0, "33": 1.0, "34": 0.5333333333333333, "36": 0.5909090909090909, "37": 1.0, "39": 1.0, "41": 0.875, "42": 1.0, "45": 1.0, "46": 0.8461538461538461, "49": 1.0, "50": 1.0, "51": 1.0, "55": 1.0, "58": 1.0, "59": 1.0, "61": 1.0, "63": 0.6666666666666666, "65": 0.5909090909090909, "68": 1.0, "69": 1.0, "71": 1.0, "72": 1.0, "73": 1.0, "74": 1.0, "79": 1.0}}, "160": {"FDR": 0.0, "Power": 0.7125, "Temporal_FDR": 0.0, "Temporal_Power": 0.7197452229299363, "Average_Window_FDR": 0.0, "Average_Window_Power": 1.0, "Window_Overlap": {"1": 1.0, "2": 1.0, "3": 1.0, "4": 1.0, "5": 1.0, "11": 1.0, "12": 1.0, "13": 1.0, "14": 1.0, "16": 1.0, "17": 1.0, "18": 1.0, "19": 1.0, "20": 1.0, "21": 1.0, "22": 1.0, "23": 1.0, "25": 1.0, "26": 1.0, "28": 1.0, "29": 1.0, "30": 1.0, "32": 1.0, "33": 1.0, "34": 1.0, "36": 1.0, "37": 1.0, "39": 1.0, "40": 1.0, "41": 1.0, "42": 1.0, "44": 1.0, "45": 1.0, "46": 1.0, "47": 1.0, "49": 1.0, "50": 1.0, "51": 1.0, "55": 1.0, "58": 1.0, "59": 1.0, "61": 1.0, "63": 1.0, "65": 1.0, "66": 1.0, "68": 1.0, "69": 1.0, "71": 1.0, "72": 1.0, "73": 1.0, "74": 1.0, "76": 1.0, "77": 1.0, "79": 1.0, "80": 1.0, "81": 1.0, "83": 1.0, "84": 1.0, "85": 1.0, "86": 1.0, "87": 1.0, "88": 1.0, "89": 1.0, "90": 1.0, "92": 1.0, "93": 1.0, "94": 1.0, "95": 1.0, "97": 1.0, "101": 1.0, "102": 1.0, "104": 1.0, "105": 1.0, "106": 1.0, "107": 1.0, "109": 1.0, "111": 1.0, "112": 1.0, "114": 1.0, "115": 1.0, "116": 1.0, "117": 1.0, "118": 1.0, "119": 1.0, "120": 1.0, "121": 1.0, "123": 1.0, "124": 1.0, "128": 1.0, "131": 1.0, "132": 1.0, "133": 1.0, "134": 1.0, "135": 1.0, "137": 1.0, "138": 1.0, "140": 1.0, "141": 1.0, "142": 1.0, "143": 1.0, "144": 1.0, "146": 1.0, "147": 1.0, "148": 1.0, "150": 1.0, "151": 1.0, "152": 1.0, "153": 1.0, "154": 1.0, "155": 1.0, "156": 1.0, "157": 1.0, "159": 1.0}}, "320": {"FDR": 0.0, "Power": 0.671875, "Temporal_FDR": 0.0, "Temporal_Power": 0.6698717948717948, "Average_Window_FDR": 0.0, "Average_Window_Power": 0.879814044801935, "Window_Overlap": {"1": 1.0, "2": 1.0, "4": 0.75, "5": 1.0, "11": 0.8571428571428572, "12": 0.7, "13": 1.0, "14": 1.0, "16": 1.0, "17": 1.0, "18": 1.0, "19": 1.0, "20": 1.0, "21": 0.6470588235294118, "22": 0.6875, "23": 1.0, "25": 1.0, "26": 1.0, "29": 1.0, "30": 1.0, "32": 1.0, "33": 1.0, "34": 0.5333333333333333, "36": 0.5909090909090909, "37": 1.0, "39": 1.0, "41": 1.0, "42": 1.0, "45": 1.0, "46": 0.8846153846153846, "49": 1.0, "50": 1.0, "51": 1.0, "55": 1.0, "58": 1.0, "59": 1.0, "61": 1.0, "63": 0.6666666666666666, "65": 0.5909090909090909, "68": 1.0, "69": 1.0, "71": 1.0, "72": 1.0, "73": 1.0, "74": 1.0, "77": 1.0, "79": 1.0, "80": 1.0, "81": 1.0, "83": 0.7272727272727273, "84": 1.0, "85": 1.0, "86": 0.6052631578947368, "87": 1.0, "88": 1.0, "89": 0.6470588235294118, "92": 0.5333333333333333, "93": 1.0, "94": 1.0, "95": 0.53125, "97": 1.0, "101": 1.0, "102": 0.75, "104": 1.0, "105": 0.6, "106": 0.5666666666666667, "107": 1.0, "109": 1.0, "111": 1.0, "112": 1.0, "114": 1.0, "116": 1.0, "117": 1.0, "118": 1.0, "119": 1.0, "120": 1.0, "121": 1.0, "123": 0.8, "124": 0.9545454545454546, "128": 1.0, "131": 1.0, "132": 1.0, "133": 1.0, "134": 1.0, "135": 1.0, "137": 1.0, "138": 0.7857142857142857, "140": 1.0, "141": 1.0, "142": 1.0, "143": 0.53125, "144": 1.0, "146": 1.0, "147": 1.0, "148": 1.0, "151": 1.0, "152": 1.0, "153": 1.0, "154": 1.0, "155": 1.0, "156": 1.0, "157": 1.0, "159": 1.0, "160": 1.0, "161": 0.5416666666666666, "162": 1.0, "163": 1.0, "165": 1.0, "168": 1.0, "169": 1.0, "171": 1.0, "173": 1.0, "174": 1.0, "175": 1.0, "176": 1.0, "180": 1.0, "181": 1.0, "182": 0.84375, "185": 1.0, "186": 0.8888888888888888, "188": 1.0, "189": 1.0, "190": 0.5666666666666667, "191": 1.0, "192": 0.625, "193": 1.0, "194": 0.5833333333333334, "195": 1.0, "196": 0.5833333333333334, "198": 1.0, "199": 1.0, "201": 1.0, "202": 0.5625, "203": 1.0, "204": 1.0, "205": 1.0, "206": 1.0, "207": 0.6818181818181819, "208": 0.6764705882352942, "211": 0.9166666666666667, "212": 1.0, "214": 1.0, "215": 1.0, "216": 1.0, "217": 1.0, "219": 1.0, "222": 1.0, "223": 1.0, "224": 1.0, "225": 1.0, "226": 1.0, "227": 1.0, "229": 1.0, "230": 1.0, "231": 1.0, "232": 1.0, "233": 1.0, "235": 1.0, "238": 1.0, "239": 1.0, "241": 1.0, "242": 1.0, "243": 1.0, "244": 1.0, "245": 1.0, "246": 1.0, "248": 1.0, "251": 1.0, "252": 1.0, "253": 1.0, "255": 0.6875, "259": 1.0, "260": 1.0, "261": 0.8333333333333333, "264": 0.5277777777777778, "266": 1.0, "267": 1.0, "272": 1.0, "273": 1.0, "276": 1.0, "278": 1.0, "279": 1.0, "283": 1.0, "284": 1.0, "285": 1.0, "286": 1.0, "288": 1.0, "289": 1.0, "291": 1.0, "292": 1.0, "293": 1.0, "294": 1.0, "296": 0.65, "298": 1.0, "299": 1.0, "301": 1.0, "302": 1.0, "303": 1.0, "304": 1.0, "306": 1.0, "307": 0.6666666666666666, "308": 0.9, "309": 1.0, "310": 1.0, "312": 1.0, "313": 0.7647058823529411, "315": 1.0, "317": 1.0, "318": 1.0}}}