{"10": {"FDR": 0.0, "Power": 0.7, "Temporal_FDR": 0.0, "Temporal_Power": 0.7, "Average_Window_FDR": 0.0, "Average_Window_Power": 0.8209033613445378, "Window_Overlap": {"0": 0.5294117647058824, "1": 1.0, "3": 0.96875, "4": 1.0, "5": 1.0, "6": 0.875, "7": 1.0}}, "20": {"FDR": 0.0, "Power": 0.7, "Temporal_FDR": 0.0, "Temporal_Power": 0.7, "Average_Window_FDR": 0.0, "Average_Window_Power": 0.8030462184873949, "Window_Overlap": {"0": 0.5294117647058824, "1": 1.0, "3": 0.96875, "4": 1.0, "5": 1.0, "6": 0.8125, "7": 1.0}}, "30": {"FDR": 0.0, "Power": 0.7, "Temporal_FDR": 0.0, "Temporal_Power": 0.7, "Average_Window_FDR": 0.0, "Average_Window_Power": 0.8119747899159664, "Window_Overlap": {"0": 0.5294117647058824, "1": 1.0, "3": 0.9375, "4": 1.0, "5": 1.0, "6": 0.875, "7": 1.0}}, "40": {"FDR": 0.0, "Power": 0.7, "Temporal_FDR": 0.0, "Temporal_Power": 0.7, "Average_Window_FDR": 0.0, "Average_Window_Power": 0.8209033613445378, "Window_Overlap": {"0": 0.5294117647058824, "1": 1.0, "3": 0.96875, "4": 1.0, "5": 1.0, "6": 0.875, "7": 1.0}}, "50": {"FDR": 0.0, "Power": 0.7, "Temporal_FDR": 0.0, "Temporal_Power": 0.7, "Average_Window_FDR": 0.0, "Average_Window_Power": 0.8030462184873949, "Window_Overlap": {"0": 0.5294117647058824, "1": 1.0, "3": 0.90625, "4": 1.0, "5": 1.0, "6": 0.875, "7": 1.0}}}